filename,source,download_url,original_label,mapped_grade,resolution,image_format,license,date_downloaded,source_file_id,source_checksum_md5,original_filename,mapping_reason,sharpness_laplacian_var
A_L1O_10303655.jpg,"Tobacco leaves dataset (Virginia flue-cured, Tanzania)",https://dataverse.harvard.edu/api/access/datafile/10303655,L1O,Grade_A,960x1440,JPEG,CC0 1.0 Universal (public domain dedication),2026-08-05,10303655,52b21645edd4463d629be842090cca10,uyui_396.jpg,quality digit 1 = Choice quality -> Grade_A,1941.87
A_L1O_10304003.jpg,"Tobacco leaves dataset (Virginia flue-cured, Tanzania)",https://dataverse.harvard.edu/api/access/datafile/10304003,L1O,Grade_A,960x1440,JPEG,CC0 1.0 Universal (public domain dedication),2026-08-05,10304003,6eef022f74a9e9f021bccd2f35d7357b,manispaa_9933.jpg,quality digit 1 = Choice quality -> Grade_A,1723.26
A_L1O_10303735.jpg,"Tobacco leaves dataset (Virginia flue-cured, Tanzania)",https://dataverse.harvard.edu/api/access/datafile/10303735,L1O,Grade_A,960x1440,JPEG,CC0 1.0 Universal (public domain dedication),2026-08-05,10303735,c8c2ae3952bfd1c26667e4423d24c996,uyui_317.jpg,quality digit 1 = Choice quality -> Grade_A,2481.13
A_L1O_10303030.jpg,"Tobacco leaves dataset (Virginia flue-cured, Tanzania)",https://dataverse.harvard.edu/api/access/datafile/10303030,L1O,Grade_A,960x1440,JPEG,CC0 1.0 Universal (public domain dedication),2026-08-05,10303030,b3ece41cd3da1fe29033765097d60792,kaliua_3271.jpg,quality digit 1 = Choice quality -> Grade_A,1984.55
A_L1O_10303939.jpg,"Tobacco leaves dataset (Virginia flue-cured, Tanzania)",https://dataverse.harvard.edu/api/access/datafile/10303939,L1O,Grade_A,960x1440,JPEG,CC0 1.0 Universal (public domain dedication),2026-08-05,10303939,5046c92cca0d41e9aa06d490eebef1c5,uyui_187.jpg,quality digit 1 = Choice quality -> Grade_A,1948.28
A_L1O_10303806.jpg,"Tobacco leaves dataset (Virginia flue-cured, Tanzania)",https://dataverse.harvard.edu/api/access/datafile/10303806,L1O,Grade_A,960x1440,JPEG,CC0 1.0 Universal (public domain dedication),2026-08-05,10303806,87d2f6ea523b89054465e9d8084beecd,urambo_3816.jpg,quality digit 1 = Choice quality -> Grade_A,3411.18
A_L1O_10302720.jpg,"Tobacco leaves dataset (Virginia flue-cured, Tanzania)",https://dataverse.harvard.edu/api/access/datafile/10302720,L1O,Grade_A,960x1440,JPEG,CC0 1.0 Universal (public domain dedication),2026-08-05,10302720,37857ecfac4412117c83011748686642,manispaa_283.jpg,quality digit 1 = Choice quality -> Grade_A,1837.25
A_L1O_10302708.jpg,"Tobacco leaves dataset (Virginia flue-cured, Tanzania)",https://dataverse.harvard.edu/api/access/datafile/10302708,L1O,Grade_A,960x1440,JPEG,CC0 1.0 Universal (public domain dedication),2026-08-05,10302708,30bc5210373f31db336cee455c41b510,kaliua_5594.jpg,quality digit 1 = Choice quality -> Grade_A,3465.06
A_L1O_10303380.jpg,"Tobacco leaves dataset (Virginia flue-cured, Tanzania)",https://dataverse.harvard.edu/api/access/datafile/10303380,L1O,Grade_A,960x1440,JPEG,CC0 1.0 Universal (public domain dedication),2026-08-05,10303380,ade7005257fc285f8116f9eb756eb29e,manispaa_376.jpg,quality digit 1 = Choice quality -> Grade_A,2509.0
A_L1O_10303077.jpg,"Tobacco leaves dataset (Virginia flue-cured, Tanzania)",https://dataverse.harvard.edu/api/access/datafile/10303077,L1O,Grade_A,960x1440,JPEG,CC0 1.0 Universal (public domain dedication),2026-08-05,10303077,773a3ebafa867e3c61c400ffaece55d0,manispaa_212.jpg,quality digit 1 = Choice quality -> Grade_A,2296.11
A_L1O_10303304.jpg,"Tobacco leaves dataset (Virginia flue-cured, Tanzania)",https://dataverse.harvard.edu/api/access/datafile/10303304,L1O,Grade_A,960x1440,JPEG,CC0 1.0 Universal (public domain dedication),2026-08-05,10303304,9e15eeee2d90b485f3a41f4c4c0004fd,manispaa_9867.jpg,quality digit 1 = Choice quality -> Grade_A,3506.02
A_L1O_10303862.jpg,"Tobacco leaves dataset (Virginia flue-cured, Tanzania)",https://dataverse.harvard.edu/api/access/datafile/10303862,L1O,Grade_A,960x1440,JPEG,CC0 1.0 Universal (public domain dedication),2026-08-05,10303862,ed2a44203f69a6af6c40bdf66139dd0a,uyui_205.jpg,quality digit 1 = Choice quality -> Grade_A,1665.08
A_L1O_10302921.jpg,"Tobacco leaves dataset (Virginia flue-cured, Tanzania)",https://dataverse.harvard.edu/api/access/datafile/10302921,L1O,Grade_A,960x1440,JPEG,CC0 1.0 Universal (public domain dedication),2026-08-05,10302921,5fdd7a70f08fdf77ca7f1f883cbd6011,kaliua_121.jpg,quality digit 1 = Choice quality -> Grade_A,3145.78
A_L1O_10303361.jpg,"Tobacco leaves dataset (Virginia flue-cured, Tanzania)",https://dataverse.harvard.edu/api/access/datafile/10303361,L1O,Grade_A,960x1440,JPEG,CC0 1.0 Universal (public domain dedication),2026-08-05,10303361,ea087f70c95fda489fcf89a2ab2cc89c,manispaa_7046.jpg,quality digit 1 = Choice quality -> Grade_A,2430.39
A_L1O_10303068.jpg,"Tobacco leaves dataset (Virginia flue-cured, Tanzania)",https://dataverse.harvard.edu/api/access/datafile/10303068,L1O,Grade_A,960x1440,JPEG,CC0 1.0 Universal (public domain dedication),2026-08-05,10303068,ea19ee060ffe38332558d3f44e4e4527,kaliua_3296.jpg,quality digit 1 = Choice quality -> Grade_A,1721.7
A_L1O_10303432.jpg,"Tobacco leaves dataset (Virginia flue-cured, Tanzania)",https://dataverse.harvard.edu/api/access/datafile/10303432,L1O,Grade_A,960x1440,JPEG,CC0 1.0 Universal (public domain dedication),2026-08-05,10303432,8a3962384a0ae1e275db634ebe335c6b,kaliua_5600.jpg,quality digit 1 = Choice quality -> Grade_A,3015.27
A_L1O_10303839.jpg,"Tobacco leaves dataset (Virginia flue-cured, Tanzania)",https://dataverse.harvard.edu/api/access/datafile/10303839,L1O,Grade_A,960x1440,JPEG,CC0 1.0 Universal (public domain dedication),2026-08-05,10303839,07d927c541ea60b0a26c39f8c922c498,urambo_3814.jpg,quality digit 1 = Choice quality -> Grade_A,3482.9
A_L1O_10302849.jpg,"Tobacco leaves dataset (Virginia flue-cured, Tanzania)",https://dataverse.harvard.edu/api/access/datafile/10302849,L1O,Grade_A,960x1440,JPEG,CC0 1.0 Universal (public domain dedication),2026-08-05,10302849,9e9ab2b27e2f2b14f86ab485e143a7cb,kaliua_119.jpg,quality digit 1 = Choice quality -> Grade_A,3371.32
A_L1O_10303713.jpg,"Tobacco leaves dataset (Virginia flue-cured, Tanzania)",https://dataverse.harvard.edu/api/access/datafile/10303713,L1O,Grade_A,960x1440,JPEG,CC0 1.0 Universal (public domain dedication),2026-08-05,10303713,cf78ac0f6023d0e28cb5cde0542ce1d6,uyui_315.jpg,quality digit 1 = Choice quality -> Grade_A,2638.19
A_L1O_10303429.jpg,"Tobacco leaves dataset (Virginia flue-cured, Tanzania)",https://dataverse.harvard.edu/api/access/datafile/10303429,L1O,Grade_A,960x1440,JPEG,CC0 1.0 Universal (public domain dedication),2026-08-05,10303429,b843cfc268529173357f631ef334530b,manispaa_282.jpg,quality digit 1 = Choice quality -> Grade_A,1834.74
A_L1O_10303090.jpg,"Tobacco leaves dataset (Virginia flue-cured, Tanzania)",https://dataverse.harvard.edu/api/access/datafile/10303090,L1O,Grade_A,960x1440,JPEG,CC0 1.0 Universal (public domain dedication),2026-08-05,10303090,f98d865421a994bfa2c5b753ce41186b,manispaa_409.jpg,quality digit 1 = Choice quality -> Grade_A,2914.37
A_L1O_10302885.jpg,"Tobacco leaves dataset (Virginia flue-cured, Tanzania)",https://dataverse.harvard.edu/api/access/datafile/10302885,L1O,Grade_A,960x1440,JPEG,CC0 1.0 Universal (public domain dedication),2026-08-05,10302885,39ffa4de38296e93a18b9016b4c07e0c,manispaa_194.jpg,quality digit 1 = Choice quality -> Grade_A,1964.22
A_L1O_10302974.jpg,"Tobacco leaves dataset (Virginia flue-cured, Tanzania)",https://dataverse.harvard.edu/api/access/datafile/10302974,L1O,Grade_A,960x1440,JPEG,CC0 1.0 Universal (public domain dedication),2026-08-05,10302974,68b30c3de90288a17e91e5c8e6908f73,manispaa_225.jpg,quality digit 1 = Choice quality -> Grade_A,2141.58
A_L1O_10303225.jpg,"Tobacco leaves dataset (Virginia flue-cured, Tanzania)",https://dataverse.harvard.edu/api/access/datafile/10303225,L1O,Grade_A,960x1440,JPEG,CC0 1.0 Universal (public domain dedication),2026-08-05,10303225,16e1c50603dec9351c8e5163131ddfeb,manispaa_537.jpg,quality digit 1 = Choice quality -> Grade_A,2235.11
A_L1O_10303233.jpg,"Tobacco leaves dataset (Virginia flue-cured, Tanzania)",https://dataverse.harvard.edu/api/access/datafile/10303233,L1O,Grade_A,960x1440,JPEG,CC0 1.0 Universal (public domain dedication),2026-08-05,10303233,62a19b6aa5f5b4cd3a3dd5e4ae76932c,manispaa_265.jpg,quality digit 1 = Choice quality -> Grade_A,1778.44
A_L1O_10303893.jpg,"Tobacco leaves dataset (Virginia flue-cured, Tanzania)",https://dataverse.harvard.edu/api/access/datafile/10303893,L1O,Grade_A,960x1440,JPEG,CC0 1.0 Universal (public domain dedication),2026-08-05,10303893,64e07a5fcf85e868e80fbf1f17b1c25c,uyui_6745.jpg,quality digit 1 = Choice quality -> Grade_A,2161.3
A_L1O_10303052.jpg,"Tobacco leaves dataset (Virginia flue-cured, Tanzania)",https://dataverse.harvard.edu/api/access/datafile/10303052,L1O,Grade_A,960x1440,JPEG,CC0 1.0 Universal (public domain dedication),2026-08-05,10303052,9f94352694634a7d8b7d875f6c9f9290,manispaa_447.jpg,quality digit 1 = Choice quality -> Grade_A,3032.78
A_L1O_10303093.jpg,"Tobacco leaves dataset (Virginia flue-cured, Tanzania)",https://dataverse.harvard.edu/api/access/datafile/10303093,L1O,Grade_A,960x1440,JPEG,CC0 1.0 Universal (public domain dedication),2026-08-05,10303093,8347c4463aea2f62b18bd6cad86e1132,manispaa_244.jpg,quality digit 1 = Choice quality -> Grade_A,1836.79
A_L1O_10303272.jpg,"Tobacco leaves dataset (Virginia flue-cured, Tanzania)",https://dataverse.harvard.edu/api/access/datafile/10303272,L1O,Grade_A,960x1440,JPEG,CC0 1.0 Universal (public domain dedication),2026-08-05,10303272,a5cbe29b10bd07df8b283296314d6693,manispaa_423.jpg,quality digit 1 = Choice quality -> Grade_A,2741.58
A_L1O_10303836.jpg,"Tobacco leaves dataset (Virginia flue-cured, Tanzania)",https://dataverse.harvard.edu/api/access/datafile/10303836,L1O,Grade_A,960x1440,JPEG,CC0 1.0 Universal (public domain dedication),2026-08-05,10303836,3ee3707e58309dbcb12836efac174c37,uyui_275.jpg,quality digit 1 = Choice quality -> Grade_A,2458.92
A_L1O_10302740.jpg,"Tobacco leaves dataset (Virginia flue-cured, Tanzania)",https://dataverse.harvard.edu/api/access/datafile/10302740,L1O,Grade_A,960x1440,JPEG,CC0 1.0 Universal (public domain dedication),2026-08-05,10302740,a1e10cb77e4091abc1df7ca4ae50a1d8,manispaa_9885.jpg,quality digit 1 = Choice quality -> Grade_A,2819.61
A_L1O_10303466.jpg,"Tobacco leaves dataset (Virginia flue-cured, Tanzania)",https://dataverse.harvard.edu/api/access/datafile/10303466,L1O,Grade_A,960x1440,JPEG,CC0 1.0 Universal (public domain dedication),2026-08-05,10303466,5bffeb04170023c85ff340c8340836b1,manispaa_483.jpg,quality digit 1 = Choice quality -> Grade_A,2525.37
A_L1O_10303450.jpg,"Tobacco leaves dataset (Virginia flue-cured, Tanzania)",https://dataverse.harvard.edu/api/access/datafile/10303450,L1O,Grade_A,960x1440,JPEG,CC0 1.0 Universal (public domain dedication),2026-08-05,10303450,c0a8c326af853a0869c0a7511f18d124,manispaa_360.jpg,quality digit 1 = Choice quality -> Grade_A,2405.32
A_L1O_10303826.jpg,"Tobacco leaves dataset (Virginia flue-cured, Tanzania)",https://dataverse.harvard.edu/api/access/datafile/10303826,L1O,Grade_A,960x1440,JPEG,CC0 1.0 Universal (public domain dedication),2026-08-05,10303826,075848c584d80329f8fc5f26c6da40bd,urambo_3781.jpg,quality digit 1 = Choice quality -> Grade_A,3602.35
A_L1O_10302759.jpg,"Tobacco leaves dataset (Virginia flue-cured, Tanzania)",https://dataverse.harvard.edu/api/access/datafile/10302759,L1O,Grade_A,960x1440,JPEG,CC0 1.0 Universal (public domain dedication),2026-08-05,10302759,2106af3deade24147cf57490c1ef06ad,manispaa_546.jpg,quality digit 1 = Choice quality -> Grade_A,2497.54
A_L1O_10303536.jpg,"Tobacco leaves dataset (Virginia flue-cured, Tanzania)",https://dataverse.harvard.edu/api/access/datafile/10303536,L1O,Grade_A,960x1440,JPEG,CC0 1.0 Universal (public domain dedication),2026-08-05,10303536,2ffbecf4ee5160d59bc9fbb1fd55d525,manispaa_278.jpg,quality digit 1 = Choice quality -> Grade_A,2016.98
A_L1O_10302859.jpg,"Tobacco leaves dataset (Virginia flue-cured, Tanzania)",https://dataverse.harvard.edu/api/access/datafile/10302859,L1O,Grade_A,960x1440,JPEG,CC0 1.0 Universal (public domain dedication),2026-08-05,10302859,a0d7d0b7843c34fa1667dbdc9f219cbb,kaliua_10476.jpg,quality digit 1 = Choice quality -> Grade_A,2160.53
A_L1O_10303544.jpg,"Tobacco leaves dataset (Virginia flue-cured, Tanzania)",https://dataverse.harvard.edu/api/access/datafile/10303544,L1O,Grade_A,960x1440,JPEG,CC0 1.0 Universal (public domain dedication),2026-08-05,10303544,790d2010804863c5966f71118e7c1393,manispaa_509.jpg,quality digit 1 = Choice quality -> Grade_A,2744.88
A_L1O_10303195.jpg,"Tobacco leaves dataset (Virginia flue-cured, Tanzania)",https://dataverse.harvard.edu/api/access/datafile/10303195,L1O,Grade_A,960x1440,JPEG,CC0 1.0 Universal (public domain dedication),2026-08-05,10303195,1e4804db9b66048c7ee20dbe92ffabaa,manispaa_310.jpg,quality digit 1 = Choice quality -> Grade_A,3462.21
A_L1O_10303937.jpg,"Tobacco leaves dataset (Virginia flue-cured, Tanzania)",https://dataverse.harvard.edu/api/access/datafile/10303937,L1O,Grade_A,960x1440,JPEG,CC0 1.0 Universal (public domain dedication),2026-08-05,10303937,ffea878d8fe11208fce1d01138da14fd,urambo_3795.jpg,quality digit 1 = Choice quality -> Grade_A,3237.18
A_L1O_10303963.jpg,"Tobacco leaves dataset (Virginia flue-cured, Tanzania)",https://dataverse.harvard.edu/api/access/datafile/10303963,L1O,Grade_A,960x1440,JPEG,CC0 1.0 Universal (public domain dedication),2026-08-05,10303963,ca3a08dc40596e1aacf1debd3184f97f,uyui_6806.jpg,quality digit 1 = Choice quality -> Grade_A,2315.9
A_L1O_10303588.jpg,"Tobacco leaves dataset (Virginia flue-cured, Tanzania)",https://dataverse.harvard.edu/api/access/datafile/10303588,L1O,Grade_A,960x1440,JPEG,CC0 1.0 Universal (public domain dedication),2026-08-05,10303588,8847573544ac2550412426b78b4ac5f7,uyui_6811.jpg,quality digit 1 = Choice quality -> Grade_A,2291.44
A_L1O_10302784.jpg,"Tobacco leaves dataset (Virginia flue-cured, Tanzania)",https://dataverse.harvard.edu/api/access/datafile/10302784,L1O,Grade_A,960x1440,JPEG,CC0 1.0 Universal (public domain dedication),2026-08-05,10302784,bcf2a4606b1c5c9a3d2efb7e9b2aa6b6,kaliua_3297.jpg,quality digit 1 = Choice quality -> Grade_A,1898.0
A_L1O_10302716.jpg,"Tobacco leaves dataset (Virginia flue-cured, Tanzania)",https://dataverse.harvard.edu/api/access/datafile/10302716,L1O,Grade_A,960x1440,JPEG,CC0 1.0 Universal (public domain dedication),2026-08-05,10302716,eb7ab9adea9c2d993eeb999ccab7fa92,manispaa_238.jpg,quality digit 1 = Choice quality -> Grade_A,1666.49
A_L1O_10304022.jpg,"Tobacco leaves dataset (Virginia flue-cured, Tanzania)",https://dataverse.harvard.edu/api/access/datafile/10304022,L1O,Grade_A,960x1440,JPEG,CC0 1.0 Universal (public domain dedication),2026-08-05,10304022,b2a38ca3bdf5a76dd46e4d269a74f374,uyui_318.jpg,quality digit 1 = Choice quality -> Grade_A,2601.77
A_L1O_10304000.jpg,"Tobacco leaves dataset (Virginia flue-cured, Tanzania)",https://dataverse.harvard.edu/api/access/datafile/10304000,L1O,Grade_A,960x1440,JPEG,CC0 1.0 Universal (public domain dedication),2026-08-05,10304000,0b0924139bb5d536b54d9ce36fc7c439,uyui_424.jpg,quality digit 1 = Choice quality -> Grade_A,2408.01
A_L1O_10303288.jpg,"Tobacco leaves dataset (Virginia flue-cured, Tanzania)",https://dataverse.harvard.edu/api/access/datafile/10303288,L1O,Grade_A,960x1440,JPEG,CC0 1.0 Universal (public domain dedication),2026-08-05,10303288,6d9e58a3567d8d2147eb4311b3172149,manispaa_455.jpg,quality digit 1 = Choice quality -> Grade_A,2688.73
A_L1O_10302895.jpg,"Tobacco leaves dataset (Virginia flue-cured, Tanzania)",https://dataverse.harvard.edu/api/access/datafile/10302895,L1O,Grade_A,960x1440,JPEG,CC0 1.0 Universal (public domain dedication),2026-08-05,10302895,3ac572a9d75d33f465e0947a67307376,kaliua_10482.jpg,quality digit 1 = Choice quality -> Grade_A,2584.89
A_L1O_10302997.jpg,"Tobacco leaves dataset (Virginia flue-cured, Tanzania)",https://dataverse.harvard.edu/api/access/datafile/10302997,L1O,Grade_A,960x1440,JPEG,CC0 1.0 Universal (public domain dedication),2026-08-05,10302997,dfee47fd311a145578bd5d7873866627,kaliua_108.jpg,quality digit 1 = Choice quality -> Grade_A,3204.27
A_L1O_10303798.jpg,"Tobacco leaves dataset (Virginia flue-cured, Tanzania)",https://dataverse.harvard.edu/api/access/datafile/10303798,L1O,Grade_A,960x1440,JPEG,CC0 1.0 Universal (public domain dedication),2026-08-05,10303798,86726a7021bda934df288e0666effcea,uyui_321.jpg,quality digit 1 = Choice quality -> Grade_A,2474.89
A_L1O_10303994.jpg,"Tobacco leaves dataset (Virginia flue-cured, Tanzania)",https://dataverse.harvard.edu/api/access/datafile/10303994,L1O,Grade_A,960x1440,JPEG,CC0 1.0 Universal (public domain dedication),2026-08-05,10303994,692d500d142026976405e7102b2b921a,manispaa_9916.jpg,quality digit 1 = Choice quality -> Grade_A,1895.12
A_L1O_10303210.jpg,"Tobacco leaves dataset (Virginia flue-cured, Tanzania)",https://dataverse.harvard.edu/api/access/datafile/10303210,L1O,Grade_A,960x1440,JPEG,CC0 1.0 Universal (public domain dedication),2026-08-05,10303210,393f4d9d64b9b2985c7a527465aeb0e0,kaliua_3258.jpg,quality digit 1 = Choice quality -> Grade_A,1587.61
A_L1O_10303552.jpg,"Tobacco leaves dataset (Virginia flue-cured, Tanzania)",https://dataverse.harvard.edu/api/access/datafile/10303552,L1O,Grade_A,960x1440,JPEG,CC0 1.0 Universal (public domain dedication),2026-08-05,10303552,b4a1bbb482e546d2c43fc57bd27904b0,manispaa_485.jpg,quality digit 1 = Choice quality -> Grade_A,2499.86
A_L1O_10303726.jpg,"Tobacco leaves dataset (Virginia flue-cured, Tanzania)",https://dataverse.harvard.edu/api/access/datafile/10303726,L1O,Grade_A,960x1440,JPEG,CC0 1.0 Universal (public domain dedication),2026-08-05,10303726,8d8d3c3df4a6e79885d0d8e70d9da62a,uyui_164.jpg,quality digit 1 = Choice quality -> Grade_A,1668.27
A_L1O_10303306.jpg,"Tobacco leaves dataset (Virginia flue-cured, Tanzania)",https://dataverse.harvard.edu/api/access/datafile/10303306,L1O,Grade_A,960x1440,JPEG,CC0 1.0 Universal (public domain dedication),2026-08-05,10303306,612d4a6fe9fe7ec5d6b9a4e9d366e4b5,manispaa_6988.jpg,quality digit 1 = Choice quality -> Grade_A,2731.17
A_L1O_10303902.jpg,"Tobacco leaves dataset (Virginia flue-cured, Tanzania)",https://dataverse.harvard.edu/api/access/datafile/10303902,L1O,Grade_A,960x1440,JPEG,CC0 1.0 Universal (public domain dedication),2026-08-05,10303902,ea5e54588fc114dc898dca51a5380fec,uyui_3402.jpg,quality digit 1 = Choice quality -> Grade_A,2332.75
A_L1O_10303737.jpg,"Tobacco leaves dataset (Virginia flue-cured, Tanzania)",https://dataverse.harvard.edu/api/access/datafile/10303737,L1O,Grade_A,960x1440,JPEG,CC0 1.0 Universal (public domain dedication),2026-08-05,10303737,25a046837260b2b828dac5e9abe0dc12,urambo_3766.jpg,quality digit 1 = Choice quality -> Grade_A,3249.32
A_L1O_10303775.jpg,"Tobacco leaves dataset (Virginia flue-cured, Tanzania)",https://dataverse.harvard.edu/api/access/datafile/10303775,L1O,Grade_A,960x1440,JPEG,CC0 1.0 Universal (public domain dedication),2026-08-05,10303775,349a360f0f1487dc0cad116bcc1a6f36,uyui_6752.jpg,quality digit 1 = Choice quality -> Grade_A,2404.29
A_L1O_10304061.jpg,"Tobacco leaves dataset (Virginia flue-cured, Tanzania)",https://dataverse.harvard.edu/api/access/datafile/10304061,L1O,Grade_A,960x1440,JPEG,CC0 1.0 Universal (public domain dedication),2026-08-05,10304061,325a3b5d24258bfad354295e590b4ed7,uyui_319.jpg,quality digit 1 = Choice quality -> Grade_A,2512.28
A_L1O_10303454.jpg,"Tobacco leaves dataset (Virginia flue-cured, Tanzania)",https://dataverse.harvard.edu/api/access/datafile/10303454,L1O,Grade_A,960x1440,JPEG,CC0 1.0 Universal (public domain dedication),2026-08-05,10303454,1cd197d83a6c07f18713dcf4d0c15f58,manispaa_9854.jpg,quality digit 1 = Choice quality -> Grade_A,2453.29
A_L1O_10302815.jpg,"Tobacco leaves dataset (Virginia flue-cured, Tanzania)",https://dataverse.harvard.edu/api/access/datafile/10302815,L1O,Grade_A,960x1440,JPEG,CC0 1.0 Universal (public domain dedication),2026-08-05,10302815,cc426ad89c0395530e3133b2ad76f46a,kaliua_33.jpg,quality digit 1 = Choice quality -> Grade_A,2951.96
A_L1O_10304049.jpg,"Tobacco leaves dataset (Virginia flue-cured, Tanzania)",https://dataverse.harvard.edu/api/access/datafile/10304049,L1O,Grade_A,960x1440,JPEG,CC0 1.0 Universal (public domain dedication),2026-08-05,10304049,133c73276d3bb787bce2fd47c3ad86e5,uyui_263.jpg,quality digit 1 = Choice quality -> Grade_A,2505.0
A_L1O_10303187.jpg,"Tobacco leaves dataset (Virginia flue-cured, Tanzania)",https://dataverse.harvard.edu/api/access/datafile/10303187,L1O,Grade_A,960x1440,JPEG,CC0 1.0 Universal (public domain dedication),2026-08-05,10303187,62bb8913390799ea4315447fb71a33d0,manispaa_459.jpg,quality digit 1 = Choice quality -> Grade_A,2424.08
A_L1O_10303270.jpg,"Tobacco leaves dataset (Virginia flue-cured, Tanzania)",https://dataverse.harvard.edu/api/access/datafile/10303270,L1O,Grade_A,960x1440,JPEG,CC0 1.0 Universal (public domain dedication),2026-08-05,10303270,1c296b6dcc32d946dc9a7ceb95ffe260,manispaa_356.jpg,quality digit 1 = Choice quality -> Grade_A,2588.09
A_L1O_10303199.jpg,"Tobacco leaves dataset (Virginia flue-cured, Tanzania)",https://dataverse.harvard.edu/api/access/datafile/10303199,L1O,Grade_A,960x1440,JPEG,CC0 1.0 Universal (public domain dedication),2026-08-05,10303199,46bfc1a4a15d8fb0d4fb0c585b1c7457,manispaa_9874.jpg,quality digit 1 = Choice quality -> Grade_A,2917.13
A_L1O_10302732.jpg,"Tobacco leaves dataset (Virginia flue-cured, Tanzania)",https://dataverse.harvard.edu/api/access/datafile/10302732,L1O,Grade_A,960x1440,JPEG,CC0 1.0 Universal (public domain dedication),2026-08-05,10302732,a18b243295f9a97c26d3d6177dceaae6,manispaa_9901.jpg,quality digit 1 = Choice quality -> Grade_A,2342.65
A_L1O_10302772.jpg,"Tobacco leaves dataset (Virginia flue-cured, Tanzania)",https://dataverse.harvard.edu/api/access/datafile/10302772,L1O,Grade_A,960x1440,JPEG,CC0 1.0 Universal (public domain dedication),2026-08-05,10302772,63a6705dae36331f8415ef8775fe7b09,manispaa_6968.jpg,quality digit 1 = Choice quality -> Grade_A,2509.09
A_L1O_10303455.jpg,"Tobacco leaves dataset (Virginia flue-cured, Tanzania)",https://dataverse.harvard.edu/api/access/datafile/10303455,L1O,Grade_A,960x1440,JPEG,CC0 1.0 Universal (public domain dedication),2026-08-05,10303455,2bf0288d7bed5e2cbcfda99c417f4eba,manispaa_421.jpg,quality digit 1 = Choice quality -> Grade_A,2802.23
A_L1O_10304084.jpg,"Tobacco leaves dataset (Virginia flue-cured, Tanzania)",https://dataverse.harvard.edu/api/access/datafile/10304084,L1O,Grade_A,960x1440,JPEG,CC0 1.0 Universal (public domain dedication),2026-08-05,10304084,7a443c7d826b26a9962dd0f751d86d1b,urambo_3815.jpg,quality digit 1 = Choice quality -> Grade_A,3364.99
A_L1O_10302954.jpg,"Tobacco leaves dataset (Virginia flue-cured, Tanzania)",https://dataverse.harvard.edu/api/access/datafile/10302954,L1O,Grade_A,960x1440,JPEG,CC0 1.0 Universal (public domain dedication),2026-08-05,10302954,c543eff24215544b6993d9d2d4291d67,kaliua_5653.jpg,quality digit 1 = Choice quality -> Grade_A,2273.7
A_L1O_10302979.jpg,"Tobacco leaves dataset (Virginia flue-cured, Tanzania)",https://dataverse.harvard.edu/api/access/datafile/10302979,L1O,Grade_A,960x1440,JPEG,CC0 1.0 Universal (public domain dedication),2026-08-05,10302979,87b5b11b871b4f039334119a305a4650,manispaa_6991.jpg,quality digit 1 = Choice quality -> Grade_A,2519.24
A_L1O_10303734.jpg,"Tobacco leaves dataset (Virginia flue-cured, Tanzania)",https://dataverse.harvard.edu/api/access/datafile/10303734,L1O,Grade_A,960x1440,JPEG,CC0 1.0 Universal (public domain dedication),2026-08-05,10303734,f02823c0690f599230b4fb14d7665e4e,manispaa_9925.jpg,quality digit 1 = Choice quality -> Grade_A,1947.4
A_L1O_10303531.jpg,"Tobacco leaves dataset (Virginia flue-cured, Tanzania)",https://dataverse.harvard.edu/api/access/datafile/10303531,L1O,Grade_A,960x1440,JPEG,CC0 1.0 Universal (public domain dedication),2026-08-05,10303531,915f1ebf1987ed3cf7a00c2f203f012e,kaliua_5629.jpg,quality digit 1 = Choice quality -> Grade_A,2227.41
A_L1O_10304060.jpg,"Tobacco leaves dataset (Virginia flue-cured, Tanzania)",https://dataverse.harvard.edu/api/access/datafile/10304060,L1O,Grade_A,960x1440,JPEG,CC0 1.0 Universal (public domain dedication),2026-08-05,10304060,0778deef59c81385555cf0dba104b5f1,urambo_3768.jpg,quality digit 1 = Choice quality -> Grade_A,3107.78
A_L1O_10303919.jpg,"Tobacco leaves dataset (Virginia flue-cured, Tanzania)",https://dataverse.harvard.edu/api/access/datafile/10303919,L1O,Grade_A,960x1440,JPEG,CC0 1.0 Universal (public domain dedication),2026-08-05,10303919,2329d003e2f7b3c3f76f16287de7f295,uyui_6827.jpg,quality digit 1 = Choice quality -> Grade_A,2159.14
A_L1O_10303241.jpg,"Tobacco leaves dataset (Virginia flue-cured, Tanzania)",https://dataverse.harvard.edu/api/access/datafile/10303241,L1O,Grade_A,960x1440,JPEG,CC0 1.0 Universal (public domain dedication),2026-08-05,10303241,cd7c798d47594d175922f6e404aa203e,manispaa_7051.jpg,quality digit 1 = Choice quality -> Grade_A,2518.56
A_L1O_10303941.jpg,"Tobacco leaves dataset (Virginia flue-cured, Tanzania)",https://dataverse.harvard.edu/api/access/datafile/10303941,L1O,Grade_A,960x1440,JPEG,CC0 1.0 Universal (public domain dedication),2026-08-05,10303941,dd7f7739c67b2adceb6dca6805bf1331,uyui_153.jpg,quality digit 1 = Choice quality -> Grade_A,1872.67
A_L1O_10303451.jpg,"Tobacco leaves dataset (Virginia flue-cured, Tanzania)",https://dataverse.harvard.edu/api/access/datafile/10303451,L1O,Grade_A,960x1440,JPEG,CC0 1.0 Universal (public domain dedication),2026-08-05,10303451,7289f7fa43d2f06efd311e009a116cbc,kaliua_3263.jpg,quality digit 1 = Choice quality -> Grade_A,1860.04
A_L1OF_10304158.jpg,"Tobacco leaves dataset (Virginia flue-cured, Tanzania)",https://dataverse.harvard.edu/api/access/datafile/10304158,L1OF,Grade_A,960x1440,JPEG,CC0 1.0 Universal (public domain dedication),2026-08-05,10304158,e6e10f6f14ceabeb55a5c7ed340384e9,kaliua_5751.jpg,quality digit 1 = Choice quality -> Grade_A,3276.02
A_L1OF_10306941.jpg,"Tobacco leaves dataset (Virginia flue-cured, Tanzania)",https://dataverse.harvard.edu/api/access/datafile/10306941,L1OF,Grade_A,960x1440,JPEG,CC0 1.0 Universal (public domain dedication),2026-08-05,10306941,f61dff9a19b92191af9c3e454d8ebc33,uyui_3516.jpg,quality digit 1 = Choice quality -> Grade_A,2809.14
A_L1OF_10306967.jpg,"Tobacco leaves dataset (Virginia flue-cured, Tanzania)",https://dataverse.harvard.edu/api/access/datafile/10306967,L1OF,Grade_A,960x1440,JPEG,CC0 1.0 Universal (public domain dedication),2026-08-05,10306967,f77fc35d3e91ea3e73fac613d479d1dc,ProCapture One 01769 (13).jpg,quality digit 1 = Choice quality -> Grade_A,2201.17
A_L1OF_10307062.jpg,"Tobacco leaves dataset (Virginia flue-cured, Tanzania)",https://dataverse.harvard.edu/api/access/datafile/10307062,L1OF,Grade_A,960x1440,JPEG,CC0 1.0 Universal (public domain dedication),2026-08-05,10307062,00c62874fff291d15ff867fb34b743ce,urambo_4030.jpg,quality digit 1 = Choice quality -> Grade_A,2951.51
A_L1OF_10306664.jpg,"Tobacco leaves dataset (Virginia flue-cured, Tanzania)",https://dataverse.harvard.edu/api/access/datafile/10306664,L1OF,Grade_A,960x1440,JPEG,CC0 1.0 Universal (public domain dedication),2026-08-05,10306664,63634e953b70c3921a6b8070bfa4f47f,urambo_4034.jpg,quality digit 1 = Choice quality -> Grade_A,3007.12
A_L1OF_10307234.jpg,"Tobacco leaves dataset (Virginia flue-cured, Tanzania)",https://dataverse.harvard.edu/api/access/datafile/10307234,L1OF,Grade_A,960x1440,JPEG,CC0 1.0 Universal (public domain dedication),2026-08-05,10307234,c1e45a7c51fde573fc8165694c564042,uyui_619.jpg,quality digit 1 = Choice quality -> Grade_A,2232.69
A_L1OF_10304456.jpg,"Tobacco leaves dataset (Virginia flue-cured, Tanzania)",https://dataverse.harvard.edu/api/access/datafile/10304456,L1OF,Grade_A,960x1440,JPEG,CC0 1.0 Universal (public domain dedication),2026-08-05,10304456,86e9d7650d267cf2e4de8712c8cda6a7,kaliua_10669.jpg,quality digit 1 = Choice quality -> Grade_A,2895.08
A_L1OF_10304105.jpg,"Tobacco leaves dataset (Virginia flue-cured, Tanzania)",https://dataverse.harvard.edu/api/access/datafile/10304105,L1OF,Grade_A,960x1440,JPEG,CC0 1.0 Universal (public domain dedication),2026-08-05,10304105,24fd2ea9dcdea31aa896c7dfdf611a15,kaliua_229.jpg,quality digit 1 = Choice quality -> Grade_A,2771.64
A_L1OF_10307358.jpg,"Tobacco leaves dataset (Virginia flue-cured, Tanzania)",https://dataverse.harvard.edu/api/access/datafile/10307358,L1OF,Grade_A,960x1440,JPEG,CC0 1.0 Universal (public domain dedication),2026-08-05,10307358,71df15541fee01aa253d0fb70837a754,uyui_6882.jpg,quality digit 1 = Choice quality -> Grade_A,2958.56
A_L1OF_10306926.jpg,"Tobacco leaves dataset (Virginia flue-cured, Tanzania)",https://dataverse.harvard.edu/api/access/datafile/10306926,L1OF,Grade_A,960x1440,JPEG,CC0 1.0 Universal (public domain dedication),2026-08-05,10306926,b05c8d9f687ed00b870059c4a17a8f11,uyui_3490.jpg,quality digit 1 = Choice quality -> Grade_A,1632.71
A_L1OF_10306390.jpg,"Tobacco leaves dataset (Virginia flue-cured, Tanzania)",https://dataverse.harvard.edu/api/access/datafile/10306390,L1OF,Grade_A,960x1440,JPEG,CC0 1.0 Universal (public domain dedication),2026-08-05,10306390,f16005f0f6ecfa825b4761b3372a63f5,Pro-Capture One 01793.jpg,quality digit 1 = Choice quality -> Grade_A,2994.15
A_L1OF_10304393.jpg,"Tobacco leaves dataset (Virginia flue-cured, Tanzania)",https://dataverse.harvard.edu/api/access/datafile/10304393,L1OF,Grade_A,960x1440,JPEG,CC0 1.0 Universal (public domain dedication),2026-08-05,10304393,70df7137f9cf9471bd8e3917f39a7526,kaliua_10871.jpg,quality digit 1 = Choice quality -> Grade_A,2485.58
A_L1OF_10304952.jpg,"Tobacco leaves dataset (Virginia flue-cured, Tanzania)",https://dataverse.harvard.edu/api/access/datafile/10304952,L1OF,Grade_A,960x1440,JPEG,CC0 1.0 Universal (public domain dedication),2026-08-05,10304952,a4c84a28ab867aa68a5ddb7e9ea21526,kaliua_5741.jpg,quality digit 1 = Choice quality -> Grade_A,2985.26
A_L1OF_10306660.jpg,"Tobacco leaves dataset (Virginia flue-cured, Tanzania)",https://dataverse.harvard.edu/api/access/datafile/10306660,L1OF,Grade_A,960x1440,JPEG,CC0 1.0 Universal (public domain dedication),2026-08-05,10306660,ebdf4f319d638df6781489bbc0c16771,uyui_3450.jpg,quality digit 1 = Choice quality -> Grade_A,2141.43
A_L1OF_10307016.jpg,"Tobacco leaves dataset (Virginia flue-cured, Tanzania)",https://dataverse.harvard.edu/api/access/datafile/10307016,L1OF,Grade_A,960x1440,JPEG,CC0 1.0 Universal (public domain dedication),2026-08-05,10307016,8c4e3102c62e6c3d58cfa58b0836fd1c,Pro-Capture One 01787.jpg,quality digit 1 = Choice quality -> Grade_A,2598.74
A_L1OF_10307217.jpg,"Tobacco leaves dataset (Virginia flue-cured, Tanzania)",https://dataverse.harvard.edu/api/access/datafile/10307217,L1OF,Grade_A,960x1440,JPEG,CC0 1.0 Universal (public domain dedication),2026-08-05,10307217,9e7f440bf854b61ead951d3299598116,uyui_563.jpg,quality digit 1 = Choice quality -> Grade_A,2357.6
A_L1OF_10306509.jpg,"Tobacco leaves dataset (Virginia flue-cured, Tanzania)",https://dataverse.harvard.edu/api/access/datafile/10306509,L1OF,Grade_A,960x1440,JPEG,CC0 1.0 Universal (public domain dedication),2026-08-05,10306509,37f47dcd113752ff8da749e941482591,uyui_3538.jpg,quality digit 1 = Choice quality -> Grade_A,1640.51
A_L1OF_10306930.jpg,"Tobacco leaves dataset (Virginia flue-cured, Tanzania)",https://dataverse.harvard.edu/api/access/datafile/10306930,L1OF,Grade_A,960x1440,JPEG,CC0 1.0 Universal (public domain dedication),2026-08-05,10306930,913cb6b7767462e2e7f0e9e319ce02a8,uyui_3560.jpg,quality digit 1 = Choice quality -> Grade_A,2303.84
A_L1OF_10306317.jpg,"Tobacco leaves dataset (Virginia flue-cured, Tanzania)",https://dataverse.harvard.edu/api/access/datafile/10306317,L1OF,Grade_A,960x1440,JPEG,CC0 1.0 Universal (public domain dedication),2026-08-05,10306317,351bde17546e08257bb7c374b87cef94,ProCapture One 01769 (16).jpg,quality digit 1 = Choice quality -> Grade_A,2462.4
A_L1OF_10307079.jpg,"Tobacco leaves dataset (Virginia flue-cured, Tanzania)",https://dataverse.harvard.edu/api/access/datafile/10307079,L1OF,Grade_A,960x1440,JPEG,CC0 1.0 Universal (public domain dedication),2026-08-05,10307079,92a3e0c43a5493c9fac7740e71e4988b,uyui_3477.jpg,quality digit 1 = Choice quality -> Grade_A,1856.79
A_L1OF_10306831.jpg,"Tobacco leaves dataset (Virginia flue-cured, Tanzania)",https://dataverse.harvard.edu/api/access/datafile/10306831,L1OF,Grade_A,960x1440,JPEG,CC0 1.0 Universal (public domain dedication),2026-08-05,10306831,df4e9ae89f8f28f6293e7e94ebf7a7b0,Pro-Capture One 01842.jpg,quality digit 1 = Choice quality -> Grade_A,2969.19
A_L1OF_10304875.jpg,"Tobacco leaves dataset (Virginia flue-cured, Tanzania)",https://dataverse.harvard.edu/api/access/datafile/10304875,L1OF,Grade_A,960x1440,JPEG,CC0 1.0 Universal (public domain dedication),2026-08-05,10304875,cf523ee477789bae7b543c1e5d5c26e1,kaliua_10485.jpg,quality digit 1 = Choice quality -> Grade_A,1101.04
A_L1OF_10304843.jpg,"Tobacco leaves dataset (Virginia flue-cured, Tanzania)",https://dataverse.harvard.edu/api/access/datafile/10304843,L1OF,Grade_A,960x1440,JPEG,CC0 1.0 Universal (public domain dedication),2026-08-05,10304843,20c48fa21902f2d892df0b7ff7e2bd21,kaliua_274.jpg,quality digit 1 = Choice quality -> Grade_A,2207.78
A_L1OF_10306566.jpg,"Tobacco leaves dataset (Virginia flue-cured, Tanzania)",https://dataverse.harvard.edu/api/access/datafile/10306566,L1OF,Grade_A,960x1440,JPEG,CC0 1.0 Universal (public domain dedication),2026-08-05,10306566,21e4066cc3697c513bcf095eabeca3f4,uyui_3539.jpg,quality digit 1 = Choice quality -> Grade_A,1758.62
A_L1OF_10306327.jpg,"Tobacco leaves dataset (Virginia flue-cured, Tanzania)",https://dataverse.harvard.edu/api/access/datafile/10306327,L1OF,Grade_A,960x1440,JPEG,CC0 1.0 Universal (public domain dedication),2026-08-05,10306327,37e9b24e124c0d566df1a2a39233b124,urambo_4046.jpg,quality digit 1 = Choice quality -> Grade_A,2609.12
A_L1OF_10304276.jpg,"Tobacco leaves dataset (Virginia flue-cured, Tanzania)",https://dataverse.harvard.edu/api/access/datafile/10304276,L1OF,Grade_A,960x1440,JPEG,CC0 1.0 Universal (public domain dedication),2026-08-05,10304276,a239a87986e009fa9b89b9d038275fa1,kaliua_10702.jpg,quality digit 1 = Choice quality -> Grade_A,2918.73
A_L1OF_10304394.jpg,"Tobacco leaves dataset (Virginia flue-cured, Tanzania)",https://dataverse.harvard.edu/api/access/datafile/10304394,L1OF,Grade_A,960x1440,JPEG,CC0 1.0 Universal (public domain dedication),2026-08-05,10304394,dda5d50076df6a09b4629d9687601b59,kaliua_239.jpg,quality digit 1 = Choice quality -> Grade_A,3075.79
A_L1OF_10306826.jpg,"Tobacco leaves dataset (Virginia flue-cured, Tanzania)",https://dataverse.harvard.edu/api/access/datafile/10306826,L1OF,Grade_A,960x1440,JPEG,CC0 1.0 Universal (public domain dedication),2026-08-05,10306826,7a96da497530f74b11df0036988757a8,urambo_4072.jpg,quality digit 1 = Choice quality -> Grade_A,3144.48
A_L1OF_10306548.jpg,"Tobacco leaves dataset (Virginia flue-cured, Tanzania)",https://dataverse.harvard.edu/api/access/datafile/10306548,L1OF,Grade_A,960x1440,JPEG,CC0 1.0 Universal (public domain dedication),2026-08-05,10306548,176c412efc7ade4a5d3a2677052ee0b1,uyui_427.jpg,quality digit 1 = Choice quality -> Grade_A,1799.89
A_L1OF_10304177.jpg,"Tobacco leaves dataset (Virginia flue-cured, Tanzania)",https://dataverse.harvard.edu/api/access/datafile/10304177,L1OF,Grade_A,960x1440,JPEG,CC0 1.0 Universal (public domain dedication),2026-08-05,10304177,6f299c8230b77f6402d634085df2c105,kaliua_5761.jpg,quality digit 1 = Choice quality -> Grade_A,2927.48
A_L1OF_10304812.jpg,"Tobacco leaves dataset (Virginia flue-cured, Tanzania)",https://dataverse.harvard.edu/api/access/datafile/10304812,L1OF,Grade_A,960x1440,JPEG,CC0 1.0 Universal (public domain dedication),2026-08-05,10304812,39f3b7a5a2a7c41b2ab5f0bb087c5f12,kaliua_10698.jpg,quality digit 1 = Choice quality -> Grade_A,2587.34
A_L1OF_10304160.jpg,"Tobacco leaves dataset (Virginia flue-cured, Tanzania)",https://dataverse.harvard.edu/api/access/datafile/10304160,L1OF,Grade_A,960x1440,JPEG,CC0 1.0 Universal (public domain dedication),2026-08-05,10304160,889b9a6ff5f7830d916084a02506cf5b,kaliua_207.jpg,quality digit 1 = Choice quality -> Grade_A,3202.14
A_L1OF_10304509.jpg,"Tobacco leaves dataset (Virginia flue-cured, Tanzania)",https://dataverse.harvard.edu/api/access/datafile/10304509,L1OF,Grade_A,960x1440,JPEG,CC0 1.0 Universal (public domain dedication),2026-08-05,10304509,85c64da5d3d847888935684f3c4b5ea4,kaliua_8389.jpg,quality digit 1 = Choice quality -> Grade_A,3337.79
A_L1OF_10306707.jpg,"Tobacco leaves dataset (Virginia flue-cured, Tanzania)",https://dataverse.harvard.edu/api/access/datafile/10306707,L1OF,Grade_A,960x1440,JPEG,CC0 1.0 Universal (public domain dedication),2026-08-05,10306707,1994c4497615299100d2ad502a7ba506,uyui_454.jpg,quality digit 1 = Choice quality -> Grade_A,1700.47
A_L1OF_10306468.jpg,"Tobacco leaves dataset (Virginia flue-cured, Tanzania)",https://dataverse.harvard.edu/api/access/datafile/10306468,L1OF,Grade_A,960x1440,JPEG,CC0 1.0 Universal (public domain dedication),2026-08-05,10306468,ea083929554284b49f744556b291f3cb,ProCapture One 01769 (2).jpg,quality digit 1 = Choice quality -> Grade_A,2508.58
A_L1OF_10306849.jpg,"Tobacco leaves dataset (Virginia flue-cured, Tanzania)",https://dataverse.harvard.edu/api/access/datafile/10306849,L1OF,Grade_A,960x1440,JPEG,CC0 1.0 Universal (public domain dedication),2026-08-05,10306849,629fe98158da409f2f2aa2a514969ab0,urambo_3840.jpg,quality digit 1 = Choice quality -> Grade_A,3354.19
A_L1OF_10306499.jpg,"Tobacco leaves dataset (Virginia flue-cured, Tanzania)",https://dataverse.harvard.edu/api/access/datafile/10306499,L1OF,Grade_A,960x1440,JPEG,CC0 1.0 Universal (public domain dedication),2026-08-05,10306499,e0efcbfb23a5af3ecbb669d56b35efc6,urambo_4073.jpg,quality digit 1 = Choice quality -> Grade_A,3059.99
A_L1OF_10304855.jpg,"Tobacco leaves dataset (Virginia flue-cured, Tanzania)",https://dataverse.harvard.edu/api/access/datafile/10304855,L1OF,Grade_A,960x1440,JPEG,CC0 1.0 Universal (public domain dedication),2026-08-05,10304855,73da5711f7d16e53deffe5c79095827a,kaliua_10743.jpg,quality digit 1 = Choice quality -> Grade_A,3105.92
A_L1OF_10304538.jpg,"Tobacco leaves dataset (Virginia flue-cured, Tanzania)",https://dataverse.harvard.edu/api/access/datafile/10304538,L1OF,Grade_A,960x1440,JPEG,CC0 1.0 Universal (public domain dedication),2026-08-05,10304538,7ac9210156bc5c2c1e1500db7b030c84,kaliua_10724.jpg,quality digit 1 = Choice quality -> Grade_A,2445.47
A_L1OF_10304685.jpg,"Tobacco leaves dataset (Virginia flue-cured, Tanzania)",https://dataverse.harvard.edu/api/access/datafile/10304685,L1OF,Grade_A,960x1440,JPEG,CC0 1.0 Universal (public domain dedication),2026-08-05,10304685,f68ca97eedaf6634bf5e03284561b9ae,manispaa_10006.jpg,quality digit 1 = Choice quality -> Grade_A,1483.52
A_L1OF_10306425.jpg,"Tobacco leaves dataset (Virginia flue-cured, Tanzania)",https://dataverse.harvard.edu/api/access/datafile/10306425,L1OF,Grade_A,960x1440,JPEG,CC0 1.0 Universal (public domain dedication),2026-08-05,10306425,e9a5e36171fa2ff99ae14d2263a3a741,Pro-Capture One 01880.jpg,quality digit 1 = Choice quality -> Grade_A,2251.43
A_L1OF_10307004.jpg,"Tobacco leaves dataset (Virginia flue-cured, Tanzania)",https://dataverse.harvard.edu/api/access/datafile/10307004,L1OF,Grade_A,960x1440,JPEG,CC0 1.0 Universal (public domain dedication),2026-08-05,10307004,c33e87ab86499aaee78aeecca0e40f81,urambo_4084.jpg,quality digit 1 = Choice quality -> Grade_A,2600.1
A_L1OF_10304893.jpg,"Tobacco leaves dataset (Virginia flue-cured, Tanzania)",https://dataverse.harvard.edu/api/access/datafile/10304893,L1OF,Grade_A,960x1440,JPEG,CC0 1.0 Universal (public domain dedication),2026-08-05,10304893,4c79ac100dccdd583f090d23134bab8b,kaliua_10689.jpg,quality digit 1 = Choice quality -> Grade_A,2348.38
A_L1OF_10306748.jpg,"Tobacco leaves dataset (Virginia flue-cured, Tanzania)",https://dataverse.harvard.edu/api/access/datafile/10306748,L1OF,Grade_A,960x1440,JPEG,CC0 1.0 Universal (public domain dedication),2026-08-05,10306748,59de5f21339f627a84c31ba0b46a5e41,Pro-Capture One 01883.jpg,quality digit 1 = Choice quality -> Grade_A,2267.27
A_L1OF_10306783.jpg,"Tobacco leaves dataset (Virginia flue-cured, Tanzania)",https://dataverse.harvard.edu/api/access/datafile/10306783,L1OF,Grade_A,960x1440,JPEG,CC0 1.0 Universal (public domain dedication),2026-08-05,10306783,ae2b491e9615f1a8d5b135703fa1c5e9,urambo_3969.jpg,quality digit 1 = Choice quality -> Grade_A,3344.85
A_L1OF_10306349.jpg,"Tobacco leaves dataset (Virginia flue-cured, Tanzania)",https://dataverse.harvard.edu/api/access/datafile/10306349,L1OF,Grade_A,960x1440,JPEG,CC0 1.0 Universal (public domain dedication),2026-08-05,10306349,fbf03c4e4f6120c5924be81ad74422c1,urambo_3867.jpg,quality digit 1 = Choice quality -> Grade_A,2828.08
A_L1OF_10306886.jpg,"Tobacco leaves dataset (Virginia flue-cured, Tanzania)",https://dataverse.harvard.edu/api/access/datafile/10306886,L1OF,Grade_A,960x1440,JPEG,CC0 1.0 Universal (public domain dedication),2026-08-05,10306886,80ac2392c85ba05a23b1f39034349888,uyui_3610.jpg,quality digit 1 = Choice quality -> Grade_A,1413.11
A_L1OF_10304701.jpg,"Tobacco leaves dataset (Virginia flue-cured, Tanzania)",https://dataverse.harvard.edu/api/access/datafile/10304701,L1OF,Grade_A,960x1440,JPEG,CC0 1.0 Universal (public domain dedication),2026-08-05,10304701,5318a69f80cd17ddb0849763dc31120d,kaliua_10491.jpg,quality digit 1 = Choice quality -> Grade_A,1674.58
A_L1OF_10306984.jpg,"Tobacco leaves dataset (Virginia flue-cured, Tanzania)",https://dataverse.harvard.edu/api/access/datafile/10306984,L1OF,Grade_A,960x1440,JPEG,CC0 1.0 Universal (public domain dedication),2026-08-05,10306984,22e4d1a008bd5c7a9b9d872a8aa4e93f,Pro-Capture One 01807.jpg,quality digit 1 = Choice quality -> Grade_A,3460.77
A_L1OF_10306563.jpg,"Tobacco leaves dataset (Virginia flue-cured, Tanzania)",https://dataverse.harvard.edu/api/access/datafile/10306563,L1OF,Grade_A,960x1440,JPEG,CC0 1.0 Universal (public domain dedication),2026-08-05,10306563,263c3e1135c7c81d84c48f008f0833a9,uyui_3631.jpg,quality digit 1 = Choice quality -> Grade_A,1850.25
A_L1OF_10304604.jpg,"Tobacco leaves dataset (Virginia flue-cured, Tanzania)",https://dataverse.harvard.edu/api/access/datafile/10304604,L1OF,Grade_A,960x1440,JPEG,CC0 1.0 Universal (public domain dedication),2026-08-05,10304604,54b37ba9e5d692f4c0edc5e74b5d450b,kaliua_10615.jpg,quality digit 1 = Choice quality -> Grade_A,3089.99
A_L1OF_10306405.jpg,"Tobacco leaves dataset (Virginia flue-cured, Tanzania)",https://dataverse.harvard.edu/api/access/datafile/10306405,L1OF,Grade_A,960x1440,JPEG,CC0 1.0 Universal (public domain dedication),2026-08-05,10306405,9c1d60d04cce79a2cc274d21265daafd,uyui_3556.jpg,quality digit 1 = Choice quality -> Grade_A,1920.22
A_L1OF_10306896.jpg,"Tobacco leaves dataset (Virginia flue-cured, Tanzania)",https://dataverse.harvard.edu/api/access/datafile/10306896,L1OF,Grade_A,960x1440,JPEG,CC0 1.0 Universal (public domain dedication),2026-08-05,10306896,8aa7ac2a2cbe9357f7d14b2e675ce936,uyui_3620.jpg,quality digit 1 = Choice quality -> Grade_A,1427.16
A_L1OF_10307420.jpg,"Tobacco leaves dataset (Virginia flue-cured, Tanzania)",https://dataverse.harvard.edu/api/access/datafile/10307420,L1OF,Grade_A,960x1440,JPEG,CC0 1.0 Universal (public domain dedication),2026-08-05,10307420,3187f26e0225b1c3bc37666137c65e1c,uyui_489.jpg,quality digit 1 = Choice quality -> Grade_A,1792.27
A_L1OF_10304176.jpg,"Tobacco leaves dataset (Virginia flue-cured, Tanzania)",https://dataverse.harvard.edu/api/access/datafile/10304176,L1OF,Grade_A,960x1440,JPEG,CC0 1.0 Universal (public domain dedication),2026-08-05,10304176,fc6597f9f6da9b81949fd8f10088c633,kaliua_10503.jpg,quality digit 1 = Choice quality -> Grade_A,2242.45
A_L1OF_10306291.jpg,"Tobacco leaves dataset (Virginia flue-cured, Tanzania)",https://dataverse.harvard.edu/api/access/datafile/10306291,L1OF,Grade_A,960x1440,JPEG,CC0 1.0 Universal (public domain dedication),2026-08-05,10306291,dd86f1edca7f8d35ce296e356a226ce8,manispaa_9962.jpg,quality digit 1 = Choice quality -> Grade_A,2154.2
A_L1OF_10304807.jpg,"Tobacco leaves dataset (Virginia flue-cured, Tanzania)",https://dataverse.harvard.edu/api/access/datafile/10304807,L1OF,Grade_A,960x1440,JPEG,CC0 1.0 Universal (public domain dedication),2026-08-05,10304807,1c5f42ad3fcdd18d137f7be5ab1c5acf,kaliua_10662.jpg,quality digit 1 = Choice quality -> Grade_A,2610.31
A_L1OF_10306703.jpg,"Tobacco leaves dataset (Virginia flue-cured, Tanzania)",https://dataverse.harvard.edu/api/access/datafile/10306703,L1OF,Grade_A,960x1440,JPEG,CC0 1.0 Universal (public domain dedication),2026-08-05,10306703,206d45babd62bbfd541eecd00fd206d9,urambo_3995.jpg,quality digit 1 = Choice quality -> Grade_A,2907.54
A_L1OF_10306656.jpg,"Tobacco leaves dataset (Virginia flue-cured, Tanzania)",https://dataverse.harvard.edu/api/access/datafile/10306656,L1OF,Grade_A,960x1440,JPEG,CC0 1.0 Universal (public domain dedication),2026-08-05,10306656,52d813d74c1bf26d8e70b92c9d7ed2b1,Pro-Capture One 02255.jpg,quality digit 1 = Choice quality -> Grade_A,2464.84
A_L1OF_10306331.jpg,"Tobacco leaves dataset (Virginia flue-cured, Tanzania)",https://dataverse.harvard.edu/api/access/datafile/10306331,L1OF,Grade_A,960x1440,JPEG,CC0 1.0 Universal (public domain dedication),2026-08-05,10306331,bafa902292fdc200510aefcc2eef9c07,urambo_3852.jpg,quality digit 1 = Choice quality -> Grade_A,2623.56
A_L1OF_10304809.jpg,"Tobacco leaves dataset (Virginia flue-cured, Tanzania)",https://dataverse.harvard.edu/api/access/datafile/10304809,L1OF,Grade_A,960x1440,JPEG,CC0 1.0 Universal (public domain dedication),2026-08-05,10304809,2263321565cae64607b906d8245ce840,kaliua_10720.jpg,quality digit 1 = Choice quality -> Grade_A,2477.87
A_L1OF_10306999.jpg,"Tobacco leaves dataset (Virginia flue-cured, Tanzania)",https://dataverse.harvard.edu/api/access/datafile/10306999,L1OF,Grade_A,960x1440,JPEG,CC0 1.0 Universal (public domain dedication),2026-08-05,10306999,3e514e16a2c888c07ee80e58f927db61,uyui_448.jpg,quality digit 1 = Choice quality -> Grade_A,1791.07
A_L1OF_10306413.jpg,"Tobacco leaves dataset (Virginia flue-cured, Tanzania)",https://dataverse.harvard.edu/api/access/datafile/10306413,L1OF,Grade_A,960x1440,JPEG,CC0 1.0 Universal (public domain dedication),2026-08-05,10306413,bc65a633b708d868fc1c87db0eeb0e08,urambo_4038.jpg,quality digit 1 = Choice quality -> Grade_A,2573.59
A_L1OF_10304626.jpg,"Tobacco leaves dataset (Virginia flue-cured, Tanzania)",https://dataverse.harvard.edu/api/access/datafile/10304626,L1OF,Grade_A,960x1440,JPEG,CC0 1.0 Universal (public domain dedication),2026-08-05,10304626,4196e898dd34773a696a40146e27b232,kaliua_5819.jpg,quality digit 1 = Choice quality -> Grade_A,1953.89
A_L1OF_10304868.jpg,"Tobacco leaves dataset (Virginia flue-cured, Tanzania)",https://dataverse.harvard.edu/api/access/datafile/10304868,L1OF,Grade_A,960x1440,JPEG,CC0 1.0 Universal (public domain dedication),2026-08-05,10304868,b2e17a15cdb6abdc8cc0f796efa59401,kaliua_5797.jpg,quality digit 1 = Choice quality -> Grade_A,2080.44
A_L1OF_10304451.jpg,"Tobacco leaves dataset (Virginia flue-cured, Tanzania)",https://dataverse.harvard.edu/api/access/datafile/10304451,L1OF,Grade_A,960x1440,JPEG,CC0 1.0 Universal (public domain dedication),2026-08-05,10304451,b6526b16b6bd1c640aa81600661f6480,kaliua_10556.jpg,quality digit 1 = Choice quality -> Grade_A,2319.27
A_L1OF_10306286.jpg,"Tobacco leaves dataset (Virginia flue-cured, Tanzania)",https://dataverse.harvard.edu/api/access/datafile/10306286,L1OF,Grade_A,960x1440,JPEG,CC0 1.0 Universal (public domain dedication),2026-08-05,10306286,cf0b3a97c9fb895983f1a89e610838ad,uyui_3520.jpg,quality digit 1 = Choice quality -> Grade_A,2516.42
A_L1OF_10306716.jpg,"Tobacco leaves dataset (Virginia flue-cured, Tanzania)",https://dataverse.harvard.edu/api/access/datafile/10306716,L1OF,Grade_A,960x1440,JPEG,CC0 1.0 Universal (public domain dedication),2026-08-05,10306716,2d15fe37f988246f2d5cdf1a0efd5c08,Pro-Capture One 01785.jpg,quality digit 1 = Choice quality -> Grade_A,2452.06
A_L1OF_10306812.jpg,"Tobacco leaves dataset (Virginia flue-cured, Tanzania)",https://dataverse.harvard.edu/api/access/datafile/10306812,L1OF,Grade_A,960x1440,JPEG,CC0 1.0 Universal (public domain dedication),2026-08-05,10306812,a7967cf9dfe76d48637863d704977d3e,uyui_3536.jpg,quality digit 1 = Choice quality -> Grade_A,1889.23
A_L1OF_10304903.jpg,"Tobacco leaves dataset (Virginia flue-cured, Tanzania)",https://dataverse.harvard.edu/api/access/datafile/10304903,L1OF,Grade_A,960x1440,JPEG,CC0 1.0 Universal (public domain dedication),2026-08-05,10304903,3b12548ef7b9f35d1b3b117f57d6f77d,kaliua_10803.jpg,quality digit 1 = Choice quality -> Grade_A,2491.92
A_L1OF_10306372.jpg,"Tobacco leaves dataset (Virginia flue-cured, Tanzania)",https://dataverse.harvard.edu/api/access/datafile/10306372,L1OF,Grade_A,960x1440,JPEG,CC0 1.0 Universal (public domain dedication),2026-08-05,10306372,1b2e4280f54f891276756524d5cf4e5b,urambo_4088.jpg,quality digit 1 = Choice quality -> Grade_A,3326.31
A_L1OF_10306504.jpg,"Tobacco leaves dataset (Virginia flue-cured, Tanzania)",https://dataverse.harvard.edu/api/access/datafile/10306504,L1OF,Grade_A,960x1440,JPEG,CC0 1.0 Universal (public domain dedication),2026-08-05,10306504,6bebde4a8f4644244176bef39d564a8d,urambo_3982.jpg,quality digit 1 = Choice quality -> Grade_A,2949.56
A_L1OF_10304206.jpg,"Tobacco leaves dataset (Virginia flue-cured, Tanzania)",https://dataverse.harvard.edu/api/access/datafile/10304206,L1OF,Grade_A,960x1440,JPEG,CC0 1.0 Universal (public domain dedication),2026-08-05,10304206,a51309919158169cd0cef3b58419bc6f,kaliua_296.jpg,quality digit 1 = Choice quality -> Grade_A,2692.81
A_L1OF_10306630.jpg,"Tobacco leaves dataset (Virginia flue-cured, Tanzania)",https://dataverse.harvard.edu/api/access/datafile/10306630,L1OF,Grade_A,960x1440,JPEG,CC0 1.0 Universal (public domain dedication),2026-08-05,10306630,cd63482df95aa579a14d75200a569589,Pro-Capture One 01854.jpg,quality digit 1 = Choice quality -> Grade_A,3232.4
A_L1OF_10306814.jpg,"Tobacco leaves dataset (Virginia flue-cured, Tanzania)",https://dataverse.harvard.edu/api/access/datafile/10306814,L1OF,Grade_A,960x1440,JPEG,CC0 1.0 Universal (public domain dedication),2026-08-05,10306814,752733cc82503be7986093ca6cab627f,uyui_462.jpg,quality digit 1 = Choice quality -> Grade_A,1659.16
A_L1OF_10304521.jpg,"Tobacco leaves dataset (Virginia flue-cured, Tanzania)",https://dataverse.harvard.edu/api/access/datafile/10304521,L1OF,Grade_A,960x1440,JPEG,CC0 1.0 Universal (public domain dedication),2026-08-05,10304521,9d0873b5ac0aa6c54eede1c0157c6fdd,kaliua_232.jpg,quality digit 1 = Choice quality -> Grade_A,2888.63
A_L1OF_10304349.jpg,"Tobacco leaves dataset (Virginia flue-cured, Tanzania)",https://dataverse.harvard.edu/api/access/datafile/10304349,L1OF,Grade_A,960x1440,JPEG,CC0 1.0 Universal (public domain dedication),2026-08-05,10304349,400a5ea7fdbecf381a747dfabbae346b,kaliua_5691.jpg,quality digit 1 = Choice quality -> Grade_A,2986.44
A_L1OF_10307370.jpg,"Tobacco leaves dataset (Virginia flue-cured, Tanzania)",https://dataverse.harvard.edu/api/access/datafile/10307370,L1OF,Grade_A,960x1440,JPEG,CC0 1.0 Universal (public domain dedication),2026-08-05,10307370,2daf1181aac82c6c97b2d6fc2331b81a,uyui_468.jpg,quality digit 1 = Choice quality -> Grade_A,1641.86
A_L1OF_10304824.jpg,"Tobacco leaves dataset (Virginia flue-cured, Tanzania)",https://dataverse.harvard.edu/api/access/datafile/10304824,L1OF,Grade_A,960x1440,JPEG,CC0 1.0 Universal (public domain dedication),2026-08-05,10304824,1092916d45e65f8b83cb0f2d85cb3999,kaliua_5668.jpg,quality digit 1 = Choice quality -> Grade_A,2591.49
A_L1OF_10304440.jpg,"Tobacco leaves dataset (Virginia flue-cured, Tanzania)",https://dataverse.harvard.edu/api/access/datafile/10304440,L1OF,Grade_A,960x1440,JPEG,CC0 1.0 Universal (public domain dedication),2026-08-05,10304440,69bcacc2f40d113261d60172ef69b753,kaliua_10795.jpg,quality digit 1 = Choice quality -> Grade_A,2354.07
A_L1OF_10307045.jpg,"Tobacco leaves dataset (Virginia flue-cured, Tanzania)",https://dataverse.harvard.edu/api/access/datafile/10307045,L1OF,Grade_A,960x1440,JPEG,CC0 1.0 Universal (public domain dedication),2026-08-05,10307045,ac99c1ae87cf3c9cdff9e16ae0667a34,urambo_3948.jpg,quality digit 1 = Choice quality -> Grade_A,3094.35
A_L1OF_10304641.jpg,"Tobacco leaves dataset (Virginia flue-cured, Tanzania)",https://dataverse.harvard.edu/api/access/datafile/10304641,L1OF,Grade_A,960x1440,JPEG,CC0 1.0 Universal (public domain dedication),2026-08-05,10304641,c7803fecad72018d1d0e79919980ebdd,kaliua_10728.jpg,quality digit 1 = Choice quality -> Grade_A,2572.62
A_L1OF_10306942.jpg,"Tobacco leaves dataset (Virginia flue-cured, Tanzania)",https://dataverse.harvard.edu/api/access/datafile/10306942,L1OF,Grade_A,960x1440,JPEG,CC0 1.0 Universal (public domain dedication),2026-08-05,10306942,df23586d7e21f99418ae438aaeb21566,manispaa_9979.jpg,quality digit 1 = Choice quality -> Grade_A,2779.05
A_L1OF_10306474.jpg,"Tobacco leaves dataset (Virginia flue-cured, Tanzania)",https://dataverse.harvard.edu/api/access/datafile/10306474,L1OF,Grade_A,960x1440,JPEG,CC0 1.0 Universal (public domain dedication),2026-08-05,10306474,88780244380a104664c493a65f9b6817,uyui_3487.jpg,quality digit 1 = Choice quality -> Grade_A,1568.85
A_L1OF_10306759.jpg,"Tobacco leaves dataset (Virginia flue-cured, Tanzania)",https://dataverse.harvard.edu/api/access/datafile/10306759,L1OF,Grade_A,960x1440,JPEG,CC0 1.0 Universal (public domain dedication),2026-08-05,10306759,45ab95607cce7117518db4370fd3ff79,uyui_3459.jpg,quality digit 1 = Choice quality -> Grade_A,2206.78
A_L1OF_10304433.jpg,"Tobacco leaves dataset (Virginia flue-cured, Tanzania)",https://dataverse.harvard.edu/api/access/datafile/10304433,L1OF,Grade_A,960x1440,JPEG,CC0 1.0 Universal (public domain dedication),2026-08-05,10304433,c6d7b4767dcf21c7c97304203b1f28f4,kaliua_10484.jpg,quality digit 1 = Choice quality -> Grade_A,1088.19
A_L1OF_10304201.jpg,"Tobacco leaves dataset (Virginia flue-cured, Tanzania)",https://dataverse.harvard.edu/api/access/datafile/10304201,L1OF,Grade_A,960x1440,JPEG,CC0 1.0 Universal (public domain dedication),2026-08-05,10304201,3faaca48faf77a39ae3cb92e1f71ae11,kaliua_190.jpg,quality digit 1 = Choice quality -> Grade_A,2797.13
A_L1OF_10307328.jpg,"Tobacco leaves dataset (Virginia flue-cured, Tanzania)",https://dataverse.harvard.edu/api/access/datafile/10307328,L1OF,Grade_A,960x1440,JPEG,CC0 1.0 Universal (public domain dedication),2026-08-05,10307328,3d7f5bacd6ffd82a217a538e99507a98,uyui_6876.jpg,quality digit 1 = Choice quality -> Grade_A,1866.83
A_L1OF_10304465.jpg,"Tobacco leaves dataset (Virginia flue-cured, Tanzania)",https://dataverse.harvard.edu/api/access/datafile/10304465,L1OF,Grade_A,960x1440,JPEG,CC0 1.0 Universal (public domain dedication),2026-08-05,10304465,3f39c32556d89aa943dfc026eea4b724,kaliua_10880.jpg,quality digit 1 = Choice quality -> Grade_A,2587.62
A_L1OF_10304780.jpg,"Tobacco leaves dataset (Virginia flue-cured, Tanzania)",https://dataverse.harvard.edu/api/access/datafile/10304780,L1OF,Grade_A,960x1440,JPEG,CC0 1.0 Universal (public domain dedication),2026-08-05,10304780,167668717bdfc627dfdaea4f0822d44d,kaliua_3364.jpg,quality digit 1 = Choice quality -> Grade_A,2940.02
A_L1OF_10306370.jpg,"Tobacco leaves dataset (Virginia flue-cured, Tanzania)",https://dataverse.harvard.edu/api/access/datafile/10306370,L1OF,Grade_A,960x1440,JPEG,CC0 1.0 Universal (public domain dedication),2026-08-05,10306370,4887f6fc7494a5b06dcf73330d6b885c,manispaa_9945.jpg,quality digit 1 = Choice quality -> Grade_A,2170.65
A_L1OF_10306440.jpg,"Tobacco leaves dataset (Virginia flue-cured, Tanzania)",https://dataverse.harvard.edu/api/access/datafile/10306440,L1OF,Grade_A,960x1440,JPEG,CC0 1.0 Universal (public domain dedication),2026-08-05,10306440,a3a07a0779f6f86d447754d19d647b41,uyui_451.jpg,quality digit 1 = Choice quality -> Grade_A,1761.2
A_L1OF_10304144.jpg,"Tobacco leaves dataset (Virginia flue-cured, Tanzania)",https://dataverse.harvard.edu/api/access/datafile/10304144,L1OF,Grade_A,960x1440,JPEG,CC0 1.0 Universal (public domain dedication),2026-08-05,10304144,32cf130edbb3c0ff1be04122e9ae83da,manispaa_10007.jpg,quality digit 1 = Choice quality -> Grade_A,1659.54
A_L1OF_10304473.jpg,"Tobacco leaves dataset (Virginia flue-cured, Tanzania)",https://dataverse.harvard.edu/api/access/datafile/10304473,L1OF,Grade_A,960x1440,JPEG,CC0 1.0 Universal (public domain dedication),2026-08-05,10304473,60bb6281c2d034dcc1f6d0763a20c2b3,kaliua_10849.jpg,quality digit 1 = Choice quality -> Grade_A,2444.6
A_L1OF_10304171.jpg,"Tobacco leaves dataset (Virginia flue-cured, Tanzania)",https://dataverse.harvard.edu/api/access/datafile/10304171,L1OF,Grade_A,960x1440,JPEG,CC0 1.0 Universal (public domain dedication),2026-08-05,10304171,c8c0bac74743f8a2707a7e3270cc6291,kaliua_10539.jpg,quality digit 1 = Choice quality -> Grade_A,2793.0
A_L1OF_10306301.jpg,"Tobacco leaves dataset (Virginia flue-cured, Tanzania)",https://dataverse.harvard.edu/api/access/datafile/10306301,L1OF,Grade_A,960x1440,JPEG,CC0 1.0 Universal (public domain dedication),2026-08-05,10306301,2731eeef7dea099759ce93e2d8b57675,urambo_4000.jpg,quality digit 1 = Choice quality -> Grade_A,3077.98
A_L1OF_10307092.jpg,"Tobacco leaves dataset (Virginia flue-cured, Tanzania)",https://dataverse.harvard.edu/api/access/datafile/10307092,L1OF,Grade_A,960x1440,JPEG,CC0 1.0 Universal (public domain dedication),2026-08-05,10307092,a150805a8512ca8b2a7f73e09199f155,urambo_3900.jpg,quality digit 1 = Choice quality -> Grade_A,3541.09
A_L1OF_10307046.jpg,"Tobacco leaves dataset (Virginia flue-cured, Tanzania)",https://dataverse.harvard.edu/api/access/datafile/10307046,L1OF,Grade_A,960x1440,JPEG,CC0 1.0 Universal (public domain dedication),2026-08-05,10307046,1e307babb451b8d83a02caf7916531d5,urambo_3861.jpg,quality digit 1 = Choice quality -> Grade_A,2657.69
A_L1OF_10304841.jpg,"Tobacco leaves dataset (Virginia flue-cured, Tanzania)",https://dataverse.harvard.edu/api/access/datafile/10304841,L1OF,Grade_A,960x1440,JPEG,CC0 1.0 Universal (public domain dedication),2026-08-05,10304841,a26b5a3fb2cf0779e0c8ca7c8924f075,kaliua_10883.jpg,quality digit 1 = Choice quality -> Grade_A,2670.43
A_L1OF_10304835.jpg,"Tobacco leaves dataset (Virginia flue-cured, Tanzania)",https://dataverse.harvard.edu/api/access/datafile/10304835,L1OF,Grade_A,960x1440,JPEG,CC0 1.0 Universal (public domain dedication),2026-08-05,10304835,044a9934484730d46a7d74f59b40e14f,kaliua_5826.jpg,quality digit 1 = Choice quality -> Grade_A,2288.97
A_L1OF_10306746.jpg,"Tobacco leaves dataset (Virginia flue-cured, Tanzania)",https://dataverse.harvard.edu/api/access/datafile/10306746,L1OF,Grade_A,960x1440,JPEG,CC0 1.0 Universal (public domain dedication),2026-08-05,10306746,6bf93bba11717c77ae7800223dfd33ec,manispaa_568.jpg,quality digit 1 = Choice quality -> Grade_A,2545.44
A_L1OF_10307268.jpg,"Tobacco leaves dataset (Virginia flue-cured, Tanzania)",https://dataverse.harvard.edu/api/access/datafile/10307268,L1OF,Grade_A,960x1440,JPEG,CC0 1.0 Universal (public domain dedication),2026-08-05,10307268,c9b61bd3f8ad4a0372c5ea453f045668,uyui_645.jpg,quality digit 1 = Choice quality -> Grade_A,2262.66
A_L1OF_10306450.jpg,"Tobacco leaves dataset (Virginia flue-cured, Tanzania)",https://dataverse.harvard.edu/api/access/datafile/10306450,L1OF,Grade_A,960x1440,JPEG,CC0 1.0 Universal (public domain dedication),2026-08-05,10306450,3427fdc42bf86a8f8caaf989c511b8c6,Pro-Capture One 01845.jpg,quality digit 1 = Choice quality -> Grade_A,2932.45
A_L1OF_10304131.jpg,"Tobacco leaves dataset (Virginia flue-cured, Tanzania)",https://dataverse.harvard.edu/api/access/datafile/10304131,L1OF,Grade_A,960x1440,JPEG,CC0 1.0 Universal (public domain dedication),2026-08-05,10304131,ad832838757d4ee040dff32fabc2e46d,kaliua_179.jpg,quality digit 1 = Choice quality -> Grade_A,2794.66
A_L1OF_10307188.jpg,"Tobacco leaves dataset (Virginia flue-cured, Tanzania)",https://dataverse.harvard.edu/api/access/datafile/10307188,L1OF,Grade_A,960x1440,JPEG,CC0 1.0 Universal (public domain dedication),2026-08-05,10307188,58e87270174149aff9ad51fe6f58936e,uyui_6888.jpg,quality digit 1 = Choice quality -> Grade_A,2740.26
A_L1OF_10306866.jpg,"Tobacco leaves dataset (Virginia flue-cured, Tanzania)",https://dataverse.harvard.edu/api/access/datafile/10306866,L1OF,Grade_A,960x1440,JPEG,CC0 1.0 Universal (public domain dedication),2026-08-05,10306866,b82d75171bf51f5ef41b7f73c7493b7e,Pro-Capture One 01836.jpg,quality digit 1 = Choice quality -> Grade_A,2983.23
A_L1OF_10304461.jpg,"Tobacco leaves dataset (Virginia flue-cured, Tanzania)",https://dataverse.harvard.edu/api/access/datafile/10304461,L1OF,Grade_A,960x1440,JPEG,CC0 1.0 Universal (public domain dedication),2026-08-05,10304461,4484ea34b6e6023307b36030b5d98013,kaliua_10504.jpg,quality digit 1 = Choice quality -> Grade_A,2358.2
A_L1OF_10307090.jpg,"Tobacco leaves dataset (Virginia flue-cured, Tanzania)",https://dataverse.harvard.edu/api/access/datafile/10307090,L1OF,Grade_A,960x1440,JPEG,CC0 1.0 Universal (public domain dedication),2026-08-05,10307090,bc905c548adf65a2237ce74d16a50c91,uyui_437.jpg,quality digit 1 = Choice quality -> Grade_A,1918.01
A_L1OF_10304908.jpg,"Tobacco leaves dataset (Virginia flue-cured, Tanzania)",https://dataverse.harvard.edu/api/access/datafile/10304908,L1OF,Grade_A,960x1440,JPEG,CC0 1.0 Universal (public domain dedication),2026-08-05,10304908,ab697301b9b2d5afcfc1a0511af2698a,kaliua_5731.jpg,quality digit 1 = Choice quality -> Grade_A,2391.96
A_L1OF_10306340.jpg,"Tobacco leaves dataset (Virginia flue-cured, Tanzania)",https://dataverse.harvard.edu/api/access/datafile/10306340,L1OF,Grade_A,960x1440,JPEG,CC0 1.0 Universal (public domain dedication),2026-08-05,10306340,7c384a1ef6cc4210c9835e997edd0f35,Pro-Capture One 01840.jpg,quality digit 1 = Choice quality -> Grade_A,2713.75
A_L1OF_10304598.jpg,"Tobacco leaves dataset (Virginia flue-cured, Tanzania)",https://dataverse.harvard.edu/api/access/datafile/10304598,L1OF,Grade_A,960x1440,JPEG,CC0 1.0 Universal (public domain dedication),2026-08-05,10304598,2d6effb6cdc74f10e02d25b0d6f70557,kaliua_10515.jpg,quality digit 1 = Choice quality -> Grade_A,2291.56
A_L1OF_10304821.jpg,"Tobacco leaves dataset (Virginia flue-cured, Tanzania)",https://dataverse.harvard.edu/api/access/datafile/10304821,L1OF,Grade_A,960x1440,JPEG,CC0 1.0 Universal (public domain dedication),2026-08-05,10304821,527a1f153c5c490567629126fa093e8f,kaliua_3306.jpg,quality digit 1 = Choice quality -> Grade_A,2860.92
A_L2L_10310560.jpg,"Tobacco leaves dataset (Virginia flue-cured, Tanzania)",https://dataverse.harvard.edu/api/access/datafile/10310560,L2L,Grade_A,960x1440,JPEG,CC0 1.0 Universal (public domain dedication),2026-08-05,10310560,887f03ff91754570b5161bde6d71fd75,manispaa_7298.jpg,quality digit 2 = Fine quality -> Grade_A,2329.37
A_L2L_10310380.jpg,"Tobacco leaves dataset (Virginia flue-cured, Tanzania)",https://dataverse.harvard.edu/api/access/datafile/10310380,L2L,Grade_A,960x1440,JPEG,CC0 1.0 Universal (public domain dedication),2026-08-05,10310380,540dc0bbcbd03fe960531f5e7de01ce1,manispaa_7265.jpg,quality digit 2 = Fine quality -> Grade_A,2235.3
A_L2L_10309956.jpg,"Tobacco leaves dataset (Virginia flue-cured, Tanzania)",https://dataverse.harvard.edu/api/access/datafile/10309956,L2L,Grade_A,960x1440,JPEG,CC0 1.0 Universal (public domain dedication),2026-08-05,10309956,cd7e635300978c9130308dae035879a9,manispaa_10338.jpg,quality digit 2 = Fine quality -> Grade_A,3141.51
A_L2L_10309664.jpg,"Tobacco leaves dataset (Virginia flue-cured, Tanzania)",https://dataverse.harvard.edu/api/access/datafile/10309664,L2L,Grade_A,960x1440,JPEG,CC0 1.0 Universal (public domain dedication),2026-08-05,10309664,af0f152ede327762e73f9c10d4b91b4d,manispaa_3810.jpg,quality digit 2 = Fine quality -> Grade_A,3963.58
A_L2L_10308313.jpg,"Tobacco leaves dataset (Virginia flue-cured, Tanzania)",https://dataverse.harvard.edu/api/access/datafile/10308313,L2L,Grade_A,960x1440,JPEG,CC0 1.0 Universal (public domain dedication),2026-08-05,10308313,2f03f3c6775ea86a97ee725648a4245e,kaliua_3486.jpg,quality digit 2 = Fine quality -> Grade_A,2184.92
A_L2L_10309236.jpg,"Tobacco leaves dataset (Virginia flue-cured, Tanzania)",https://dataverse.harvard.edu/api/access/datafile/10309236,L2L,Grade_A,960x1440,JPEG,CC0 1.0 Universal (public domain dedication),2026-08-05,10309236,b1903e50f4ec820f8ab0ef95826daaec,manispaa_3868.jpg,quality digit 2 = Fine quality -> Grade_A,2088.23
A_L2L_10309804.jpg,"Tobacco leaves dataset (Virginia flue-cured, Tanzania)",https://dataverse.harvard.edu/api/access/datafile/10309804,L2L,Grade_A,960x1440,JPEG,CC0 1.0 Universal (public domain dedication),2026-08-05,10309804,f081567fe5e9e68ad1107f40d60249cb,manispaa_3838.jpg,quality digit 2 = Fine quality -> Grade_A,1817.86
A_L2L_10311445.jpg,"Tobacco leaves dataset (Virginia flue-cured, Tanzania)",https://dataverse.harvard.edu/api/access/datafile/10311445,L2L,Grade_A,960x1440,JPEG,CC0 1.0 Universal (public domain dedication),2026-08-05,10311445,a1eef30e8434f76b278d2fed463001cd,uyui_13409.jpg,quality digit 2 = Fine quality -> Grade_A,2607.81
A_L2L_10307933.jpg,"Tobacco leaves dataset (Virginia flue-cured, Tanzania)",https://dataverse.harvard.edu/api/access/datafile/10307933,L2L,Grade_A,960x1440,JPEG,CC0 1.0 Universal (public domain dedication),2026-08-05,10307933,259d36776753b3b0b1b1e36919bcb8ba,kaliua_321.jpg,quality digit 2 = Fine quality -> Grade_A,2795.94
A_L2L_10309518.jpg,"Tobacco leaves dataset (Virginia flue-cured, Tanzania)",https://dataverse.harvard.edu/api/access/datafile/10309518,L2L,Grade_A,960x1440,JPEG,CC0 1.0 Universal (public domain dedication),2026-08-05,10309518,d495cd93813f5e28e48aa56c6b0f66e8,manispaa_10244.jpg,quality digit 2 = Fine quality -> Grade_A,2803.52
A_L2L_10312570.jpg,"Tobacco leaves dataset (Virginia flue-cured, Tanzania)",https://dataverse.harvard.edu/api/access/datafile/10312570,L2L,Grade_A,960x1440,JPEG,CC0 1.0 Universal (public domain dedication),2026-08-05,10312570,3bd335605b7722cfd7bd922ccd8753c1,uyui_7045.jpg,quality digit 2 = Fine quality -> Grade_A,1556.91
A_L2L_10310404.jpg,"Tobacco leaves dataset (Virginia flue-cured, Tanzania)",https://dataverse.harvard.edu/api/access/datafile/10310404,L2L,Grade_A,960x1440,JPEG,CC0 1.0 Universal (public domain dedication),2026-08-05,10310404,94855b3980933a8b357267e512ee4317,manispaa_7186.jpg,quality digit 2 = Fine quality -> Grade_A,2278.71
A_L2L_10312169.jpg,"Tobacco leaves dataset (Virginia flue-cured, Tanzania)",https://dataverse.harvard.edu/api/access/datafile/10312169,L2L,Grade_A,960x1440,JPEG,CC0 1.0 Universal (public domain dedication),2026-08-05,10312169,4ef7a471602347914e774ce98c1ebebc,uyui_7089.jpg,quality digit 2 = Fine quality -> Grade_A,2126.44
A_L2L_10308041.jpg,"Tobacco leaves dataset (Virginia flue-cured, Tanzania)",https://dataverse.harvard.edu/api/access/datafile/10308041,L2L,Grade_A,960x1440,JPEG,CC0 1.0 Universal (public domain dedication),2026-08-05,10308041,ab8f4cff12cf4d55244f0e64316172c4,kaliua_6200.jpg,quality digit 2 = Fine quality -> Grade_A,2031.81
A_L2L_10312041.jpg,"Tobacco leaves dataset (Virginia flue-cured, Tanzania)",https://dataverse.harvard.edu/api/access/datafile/10312041,L2L,Grade_A,960x1440,JPEG,CC0 1.0 Universal (public domain dedication),2026-08-05,10312041,c2c3753fd810ada599cd294c77450bf8,uyui_7233.jpg,quality digit 2 = Fine quality -> Grade_A,2798.45
A_L2L_10311211.jpg,"Tobacco leaves dataset (Virginia flue-cured, Tanzania)",https://dataverse.harvard.edu/api/access/datafile/10311211,L2L,Grade_A,960x1440,JPEG,CC0 1.0 Universal (public domain dedication),2026-08-05,10311211,96fe4d0e674353a6a1782ed8a3087c61,uyui_13188.jpg,quality digit 2 = Fine quality -> Grade_A,3206.14
A_L2L_10310579.jpg,"Tobacco leaves dataset (Virginia flue-cured, Tanzania)",https://dataverse.harvard.edu/api/access/datafile/10310579,L2L,Grade_A,960x1440,JPEG,CC0 1.0 Universal (public domain dedication),2026-08-05,10310579,be1d27ab52ddc8d32fe8fb039ef2de60,manispaa_7103.jpg,quality digit 2 = Fine quality -> Grade_A,2210.87
A_L2L_10312387.jpg,"Tobacco leaves dataset (Virginia flue-cured, Tanzania)",https://dataverse.harvard.edu/api/access/datafile/10312387,L2L,Grade_A,960x1440,JPEG,CC0 1.0 Universal (public domain dedication),2026-08-05,10312387,b688494f0d38d0b96a902a7121603d8e,uyui_3737.jpg,quality digit 2 = Fine quality -> Grade_A,2605.53
A_L2L_10309350.jpg,"Tobacco leaves dataset (Virginia flue-cured, Tanzania)",https://dataverse.harvard.edu/api/access/datafile/10309350,L2L,Grade_A,960x1440,JPEG,CC0 1.0 Universal (public domain dedication),2026-08-05,10309350,2f7cf66821f9182ca6378265a33b809e,manispaa_10109.jpg,quality digit 2 = Fine quality -> Grade_A,2030.31
A_L2L_10310255.jpg,"Tobacco leaves dataset (Virginia flue-cured, Tanzania)",https://dataverse.harvard.edu/api/access/datafile/10310255,L2L,Grade_A,960x1440,JPEG,CC0 1.0 Universal (public domain dedication),2026-08-05,10310255,3f09c175620fa6c878b299ef4db33e4c,manispaa_673.jpg,quality digit 2 = Fine quality -> Grade_A,2677.38
A_L2L_10309208.jpg,"Tobacco leaves dataset (Virginia flue-cured, Tanzania)",https://dataverse.harvard.edu/api/access/datafile/10309208,L2L,Grade_A,960x1440,JPEG,CC0 1.0 Universal (public domain dedication),2026-08-05,10309208,b9bc17eff542e32ecdfc63cdf15e0926,manispaa_3982.jpg,quality digit 2 = Fine quality -> Grade_A,1812.23
A_L2L_10312984.jpg,"Tobacco leaves dataset (Virginia flue-cured, Tanzania)",https://dataverse.harvard.edu/api/access/datafile/10312984,L2L,Grade_A,960x1440,JPEG,CC0 1.0 Universal (public domain dedication),2026-08-05,10312984,58dac5b73b67ad501648dd805ffe88fe,uyui_9793.jpg,quality digit 2 = Fine quality -> Grade_A,3139.73
A_L2L_10309733.jpg,"Tobacco leaves dataset (Virginia flue-cured, Tanzania)",https://dataverse.harvard.edu/api/access/datafile/10309733,L2L,Grade_A,960x1440,JPEG,CC0 1.0 Universal (public domain dedication),2026-08-05,10309733,6ce7ff55104c38cd033ba13658b47b72,manispaa_10125.jpg,quality digit 2 = Fine quality -> Grade_A,2456.61
A_L2L_10309801.jpg,"Tobacco leaves dataset (Virginia flue-cured, Tanzania)",https://dataverse.harvard.edu/api/access/datafile/10309801,L2L,Grade_A,960x1440,JPEG,CC0 1.0 Universal (public domain dedication),2026-08-05,10309801,836dcf5e587eb8952d69fb8142a925c5,manispaa_3694.jpg,quality digit 2 = Fine quality -> Grade_A,3926.48
A_L2L_10312805.jpg,"Tobacco leaves dataset (Virginia flue-cured, Tanzania)",https://dataverse.harvard.edu/api/access/datafile/10312805,L2L,Grade_A,960x1440,JPEG,CC0 1.0 Universal (public domain dedication),2026-08-05,10312805,2ddb314e26d70f5d3b3f90d67ffea709,uyui_7475.jpg,quality digit 2 = Fine quality -> Grade_A,3314.16
A_L2L_10311084.jpg,"Tobacco leaves dataset (Virginia flue-cured, Tanzania)",https://dataverse.harvard.edu/api/access/datafile/10311084,L2L,Grade_A,960x1440,JPEG,CC0 1.0 Universal (public domain dedication),2026-08-05,10311084,f0833f9a8c498ffe2a023b89490b31f7,urambo_5340.jpg,quality digit 2 = Fine quality -> Grade_A,4542.42
A_L2L_10311357.jpg,"Tobacco leaves dataset (Virginia flue-cured, Tanzania)",https://dataverse.harvard.edu/api/access/datafile/10311357,L2L,Grade_A,960x1440,JPEG,CC0 1.0 Universal (public domain dedication),2026-08-05,10311357,5a7fd4e956f0694b5e9f676271141fa2,uyui_13470.jpg,quality digit 2 = Fine quality -> Grade_A,3696.24
A_L2L_10311854.jpg,"Tobacco leaves dataset (Virginia flue-cured, Tanzania)",https://dataverse.harvard.edu/api/access/datafile/10311854,L2L,Grade_A,960x1440,JPEG,CC0 1.0 Universal (public domain dedication),2026-08-05,10311854,a354173ade5b83f3a645db0a38f446e3,uyui_7429.jpg,quality digit 2 = Fine quality -> Grade_A,3390.52
A_L2L_10311463.jpg,"Tobacco leaves dataset (Virginia flue-cured, Tanzania)",https://dataverse.harvard.edu/api/access/datafile/10311463,L2L,Grade_A,960x1440,JPEG,CC0 1.0 Universal (public domain dedication),2026-08-05,10311463,36559c4b19dd4a4754259de2ffb00e7e,uyui_13306.jpg,quality digit 2 = Fine quality -> Grade_A,2639.68
A_L2L_10309292.jpg,"Tobacco leaves dataset (Virginia flue-cured, Tanzania)",https://dataverse.harvard.edu/api/access/datafile/10309292,L2L,Grade_A,960x1440,JPEG,CC0 1.0 Universal (public domain dedication),2026-08-05,10309292,ecc86c94679374feb30f0aac462004bb,manispaa_4004.jpg,quality digit 2 = Fine quality -> Grade_A,2242.43
A_L2L_10308023.jpg,"Tobacco leaves dataset (Virginia flue-cured, Tanzania)",https://dataverse.harvard.edu/api/access/datafile/10308023,L2L,Grade_A,960x1440,JPEG,CC0 1.0 Universal (public domain dedication),2026-08-05,10308023,fe59411380d6a4bb6aed859eb4282689,kaliua_6004.jpg,quality digit 2 = Fine quality -> Grade_A,2828.46
A_L2L_10310494.jpg,"Tobacco leaves dataset (Virginia flue-cured, Tanzania)",https://dataverse.harvard.edu/api/access/datafile/10310494,L2L,Grade_A,960x1440,JPEG,CC0 1.0 Universal (public domain dedication),2026-08-05,10310494,c8f6b77537c51eb1b3ac2211a30c86ee,urambo_2113.jpg,quality digit 2 = Fine quality -> Grade_A,2553.54
A_L2L_10307644.jpg,"Tobacco leaves dataset (Virginia flue-cured, Tanzania)",https://dataverse.harvard.edu/api/access/datafile/10307644,L2L,Grade_A,960x1440,JPEG,CC0 1.0 Universal (public domain dedication),2026-08-05,10307644,1b87cc0c4e5d7191b135d02f9658d636,kaliua_5906.jpg,quality digit 2 = Fine quality -> Grade_A,2623.21
A_L2L_10307791.jpg,"Tobacco leaves dataset (Virginia flue-cured, Tanzania)",https://dataverse.harvard.edu/api/access/datafile/10307791,L2L,Grade_A,960x1440,JPEG,CC0 1.0 Universal (public domain dedication),2026-08-05,10307791,0646224a159a28d43b4716a7000bb564,kaliua_6036.jpg,quality digit 2 = Fine quality -> Grade_A,2181.05
A_L2L_10308152.jpg,"Tobacco leaves dataset (Virginia flue-cured, Tanzania)",https://dataverse.harvard.edu/api/access/datafile/10308152,L2L,Grade_A,960x1440,JPEG,CC0 1.0 Universal (public domain dedication),2026-08-05,10308152,c5312181d5d1b293f42553e3c7a69115,kaliua_6070.jpg,quality digit 2 = Fine quality -> Grade_A,1398.05
A_L2L_10312079.jpg,"Tobacco leaves dataset (Virginia flue-cured, Tanzania)",https://dataverse.harvard.edu/api/access/datafile/10312079,L2L,Grade_A,960x1440,JPEG,CC0 1.0 Universal (public domain dedication),2026-08-05,10312079,853adba1753816297451d408ee58d72f,uyui_7283.jpg,quality digit 2 = Fine quality -> Grade_A,3332.38
A_L2L_10312487.jpg,"Tobacco leaves dataset (Virginia flue-cured, Tanzania)",https://dataverse.harvard.edu/api/access/datafile/10312487,L2L,Grade_A,960x1440,JPEG,CC0 1.0 Universal (public domain dedication),2026-08-05,10312487,6c69f8a4e6751880722041a80a4f4327,uyui_657.jpg,quality digit 2 = Fine quality -> Grade_A,1984.34
A_L2L_10312459.jpg,"Tobacco leaves dataset (Virginia flue-cured, Tanzania)",https://dataverse.harvard.edu/api/access/datafile/10312459,L2L,Grade_A,960x1440,JPEG,CC0 1.0 Universal (public domain dedication),2026-08-05,10312459,5708f66c4b5c5e50e142b67d8ed1fd1f,uyui_3864.jpg,quality digit 2 = Fine quality -> Grade_A,1609.34
A_L2L_10309435.jpg,"Tobacco leaves dataset (Virginia flue-cured, Tanzania)",https://dataverse.harvard.edu/api/access/datafile/10309435,L2L,Grade_A,960x1440,JPEG,CC0 1.0 Universal (public domain dedication),2026-08-05,10309435,520005e26e20a17eaf573ed93c7a43de,manispaa_3955.jpg,quality digit 2 = Fine quality -> Grade_A,2417.44
A_L2L_10309767.jpg,"Tobacco leaves dataset (Virginia flue-cured, Tanzania)",https://dataverse.harvard.edu/api/access/datafile/10309767,L2L,Grade_A,960x1440,JPEG,CC0 1.0 Universal (public domain dedication),2026-08-05,10309767,bd2083f39d1c1c9f588742549b939db4,manispaa_10033.jpg,quality digit 2 = Fine quality -> Grade_A,2277.04
A_L2L_10309332.jpg,"Tobacco leaves dataset (Virginia flue-cured, Tanzania)",https://dataverse.harvard.edu/api/access/datafile/10309332,L2L,Grade_A,960x1440,JPEG,CC0 1.0 Universal (public domain dedication),2026-08-05,10309332,d1d7a8e8572b4280d527781021b32324,manispaa_10442.jpg,quality digit 2 = Fine quality -> Grade_A,3102.27
A_L2L_10309204.jpg,"Tobacco leaves dataset (Virginia flue-cured, Tanzania)",https://dataverse.harvard.edu/api/access/datafile/10309204,L2L,Grade_A,960x1440,JPEG,CC0 1.0 Universal (public domain dedication),2026-08-05,10309204,99c783c4adf14c811c8b77554f67e2d6,manispaa_3825.jpg,quality digit 2 = Fine quality -> Grade_A,3814.02
A_L2L_10311759.jpg,"Tobacco leaves dataset (Virginia flue-cured, Tanzania)",https://dataverse.harvard.edu/api/access/datafile/10311759,L2L,Grade_A,960x1440,JPEG,CC0 1.0 Universal (public domain dedication),2026-08-05,10311759,037bea5cd7f842631c1955274fcbe108,uyui_13312.jpg,quality digit 2 = Fine quality -> Grade_A,2954.96
A_L2L_10312141.jpg,"Tobacco leaves dataset (Virginia flue-cured, Tanzania)",https://dataverse.harvard.edu/api/access/datafile/10312141,L2L,Grade_A,960x1440,JPEG,CC0 1.0 Universal (public domain dedication),2026-08-05,10312141,600a0c8ed4c9fed0d31d0e3a04d72465,uyui_7407.jpg,quality digit 2 = Fine quality -> Grade_A,2832.06
A_L2L_10310737.jpg,"Tobacco leaves dataset (Virginia flue-cured, Tanzania)",https://dataverse.harvard.edu/api/access/datafile/10310737,L2L,Grade_A,960x1440,JPEG,CC0 1.0 Universal (public domain dedication),2026-08-05,10310737,f36caefd18c679330efbda95459248ba,urambo_286.jpg,quality digit 2 = Fine quality -> Grade_A,2862.67
A_L2L_10307832.jpg,"Tobacco leaves dataset (Virginia flue-cured, Tanzania)",https://dataverse.harvard.edu/api/access/datafile/10307832,L2L,Grade_A,960x1440,JPEG,CC0 1.0 Universal (public domain dedication),2026-08-05,10307832,a6dfd5d1a4d8bcefc0a2efc10905832c,kaliua_8462.jpg,quality digit 2 = Fine quality -> Grade_A,2543.89
A_L2L_10311270.jpg,"Tobacco leaves dataset (Virginia flue-cured, Tanzania)",https://dataverse.harvard.edu/api/access/datafile/10311270,L2L,Grade_A,960x1440,JPEG,CC0 1.0 Universal (public domain dedication),2026-08-05,10311270,0511fe9a09971dad91488bfb2c6230d5,uyui_13502.jpg,quality digit 2 = Fine quality -> Grade_A,3628.76
A_L2L_10313054.jpg,"Tobacco leaves dataset (Virginia flue-cured, Tanzania)",https://dataverse.harvard.edu/api/access/datafile/10313054,L2L,Grade_A,960x1440,JPEG,CC0 1.0 Universal (public domain dedication),2026-08-05,10313054,c7e63784ed1c5dab055a7a546602da59,uyui_9882.jpg,quality digit 2 = Fine quality -> Grade_A,3185.95
A_L2L_10307567.jpg,"Tobacco leaves dataset (Virginia flue-cured, Tanzania)",https://dataverse.harvard.edu/api/access/datafile/10307567,L2L,Grade_A,960x1440,JPEG,CC0 1.0 Universal (public domain dedication),2026-08-05,10307567,d8863ac43a29fffa915b51e68c0d0893,kaliua_6038.jpg,quality digit 2 = Fine quality -> Grade_A,2170.18
A_L2L_10308334.jpg,"Tobacco leaves dataset (Virginia flue-cured, Tanzania)",https://dataverse.harvard.edu/api/access/datafile/10308334,L2L,Grade_A,960x1440,JPEG,CC0 1.0 Universal (public domain dedication),2026-08-05,10308334,547783f5801a7e5c7d5436718f1bcc7b,kaliua_3412.jpg,quality digit 2 = Fine quality -> Grade_A,3181.33
A_L2L_10309492.jpg,"Tobacco leaves dataset (Virginia flue-cured, Tanzania)",https://dataverse.harvard.edu/api/access/datafile/10309492,L2L,Grade_A,960x1440,JPEG,CC0 1.0 Universal (public domain dedication),2026-08-05,10309492,53301b6caa47a5a6569238be53bc627b,manispaa_10263.jpg,quality digit 2 = Fine quality -> Grade_A,2758.12
A_L2L_10311315.jpg,"Tobacco leaves dataset (Virginia flue-cured, Tanzania)",https://dataverse.harvard.edu/api/access/datafile/10311315,L2L,Grade_A,960x1440,JPEG,CC0 1.0 Universal (public domain dedication),2026-08-05,10311315,265ad3b753c336d22c7d6f54f63ce78b,uyui_13321.jpg,quality digit 2 = Fine quality -> Grade_A,2974.1
A_L2L_10309168.jpg,"Tobacco leaves dataset (Virginia flue-cured, Tanzania)",https://dataverse.harvard.edu/api/access/datafile/10309168,L2L,Grade_A,960x1440,JPEG,CC0 1.0 Universal (public domain dedication),2026-08-05,10309168,357e194d332bed3eb3f1800b69519b55,manispaa_10428.jpg,quality digit 2 = Fine quality -> Grade_A,3511.04
A_L2L_10312467.jpg,"Tobacco leaves dataset (Virginia flue-cured, Tanzania)",https://dataverse.harvard.edu/api/access/datafile/10312467,L2L,Grade_A,960x1440,JPEG,CC0 1.0 Universal (public domain dedication),2026-08-05,10312467,dd70813b9769ade56cc53d47917d602e,uyui_685.jpg,quality digit 2 = Fine quality -> Grade_A,1681.16
A_L2L_10309521.jpg,"Tobacco leaves dataset (Virginia flue-cured, Tanzania)",https://dataverse.harvard.edu/api/access/datafile/10309521,L2L,Grade_A,960x1440,JPEG,CC0 1.0 Universal (public domain dedication),2026-08-05,10309521,ea5fe2c4b99a6c8f2c90e79eef96dc7e,manispaa_10166.jpg,quality digit 2 = Fine quality -> Grade_A,2669.12
A_L2L_10307920.jpg,"Tobacco leaves dataset (Virginia flue-cured, Tanzania)",https://dataverse.harvard.edu/api/access/datafile/10307920,L2L,Grade_A,960x1440,JPEG,CC0 1.0 Universal (public domain dedication),2026-08-05,10307920,12b7e7a67a9f420f9273771a0d4bf4df,kaliua_403.jpg,quality digit 2 = Fine quality -> Grade_A,2192.56
A_L2L_10309192.jpg,"Tobacco leaves dataset (Virginia flue-cured, Tanzania)",https://dataverse.harvard.edu/api/access/datafile/10309192,L2L,Grade_A,960x1440,JPEG,CC0 1.0 Universal (public domain dedication),2026-08-05,10309192,dd62ba89b039875fec33eff6b3ee64dc,manispaa_4015.jpg,quality digit 2 = Fine quality -> Grade_A,2548.27
A_L2L_10308250.jpg,"Tobacco leaves dataset (Virginia flue-cured, Tanzania)",https://dataverse.harvard.edu/api/access/datafile/10308250,L2L,Grade_A,960x1440,JPEG,CC0 1.0 Universal (public domain dedication),2026-08-05,10308250,c56ea8dc4a09bd09fca69834c221834b,kaliua_3522.jpg,quality digit 2 = Fine quality -> Grade_A,1883.19
A_L2L_10311635.jpg,"Tobacco leaves dataset (Virginia flue-cured, Tanzania)",https://dataverse.harvard.edu/api/access/datafile/10311635,L2L,Grade_A,960x1440,JPEG,CC0 1.0 Universal (public domain dedication),2026-08-05,10311635,6f1f55a620bb3c1c95a921bba9787951,uyui_13283.jpg,quality digit 2 = Fine quality -> Grade_A,2294.18
A_L2L_10311845.jpg,"Tobacco leaves dataset (Virginia flue-cured, Tanzania)",https://dataverse.harvard.edu/api/access/datafile/10311845,L2L,Grade_A,960x1440,JPEG,CC0 1.0 Universal (public domain dedication),2026-08-05,10311845,691d7c9c21a63147d18628e80b233e96,uyui_3758.jpg,quality digit 2 = Fine quality -> Grade_A,1532.99
A_L2L_10309722.jpg,"Tobacco leaves dataset (Virginia flue-cured, Tanzania)",https://dataverse.harvard.edu/api/access/datafile/10309722,L2L,Grade_A,960x1440,JPEG,CC0 1.0 Universal (public domain dedication),2026-08-05,10309722,bb51c744162ca6df04c4f598e0dca483,manispaa_10107.jpg,quality digit 2 = Fine quality -> Grade_A,2310.28
A_L2L_10307632.jpg,"Tobacco leaves dataset (Virginia flue-cured, Tanzania)",https://dataverse.harvard.edu/api/access/datafile/10307632,L2L,Grade_A,960x1440,JPEG,CC0 1.0 Universal (public domain dedication),2026-08-05,10307632,0ac7fadcd2e9c575ac0ea035cb760328,kaliua_382.jpg,quality digit 2 = Fine quality -> Grade_A,2566.94
A_L2L_10308146.jpg,"Tobacco leaves dataset (Virginia flue-cured, Tanzania)",https://dataverse.harvard.edu/api/access/datafile/10308146,L2L,Grade_A,960x1440,JPEG,CC0 1.0 Universal (public domain dedication),2026-08-05,10308146,a1005c100eceabbe0cb6e136488e264a,kaliua_5909.jpg,quality digit 2 = Fine quality -> Grade_A,3096.11
A_L2L_10309280.jpg,"Tobacco leaves dataset (Virginia flue-cured, Tanzania)",https://dataverse.harvard.edu/api/access/datafile/10309280,L2L,Grade_A,960x1440,JPEG,CC0 1.0 Universal (public domain dedication),2026-08-05,10309280,4330cd21db5cc5af752ccabddeb411fb,manispaa_3925.jpg,quality digit 2 = Fine quality -> Grade_A,1951.18
A_L2L_10312553.jpg,"Tobacco leaves dataset (Virginia flue-cured, Tanzania)",https://dataverse.harvard.edu/api/access/datafile/10312553,L2L,Grade_A,960x1440,JPEG,CC0 1.0 Universal (public domain dedication),2026-08-05,10312553,99f3a5bb7f7581ece9ca25723c655b84,uyui_3647.jpg,quality digit 2 = Fine quality -> Grade_A,3024.92
A_L2L_10312268.jpg,"Tobacco leaves dataset (Virginia flue-cured, Tanzania)",https://dataverse.harvard.edu/api/access/datafile/10312268,L2L,Grade_A,960x1440,JPEG,CC0 1.0 Universal (public domain dedication),2026-08-05,10312268,362e9d2c551c1c9f7f664853e24ff036,uyui_13514.jpg,quality digit 2 = Fine quality -> Grade_A,2914.98
A_L2L_10311824.jpg,"Tobacco leaves dataset (Virginia flue-cured, Tanzania)",https://dataverse.harvard.edu/api/access/datafile/10311824,L2L,Grade_A,960x1440,JPEG,CC0 1.0 Universal (public domain dedication),2026-08-05,10311824,09f2e58dc83064bc85e847c768e6747b,uyui_7133.jpg,quality digit 2 = Fine quality -> Grade_A,2464.82
A_L2L_10308363.jpg,"Tobacco leaves dataset (Virginia flue-cured, Tanzania)",https://dataverse.harvard.edu/api/access/datafile/10308363,L2L,Grade_A,960x1440,JPEG,CC0 1.0 Universal (public domain dedication),2026-08-05,10308363,985197709509f16b9ee7d36459d435fd,kaliua_5882.jpg,quality digit 2 = Fine quality -> Grade_A,3023.35
A_L2L_10312181.jpg,"Tobacco leaves dataset (Virginia flue-cured, Tanzania)",https://dataverse.harvard.edu/api/access/datafile/10312181,L2L,Grade_A,960x1440,JPEG,CC0 1.0 Universal (public domain dedication),2026-08-05,10312181,346ef333326020f50e695cf91fbf0694,uyui_6944.jpg,quality digit 2 = Fine quality -> Grade_A,1668.24
A_L2L_10308036.jpg,"Tobacco leaves dataset (Virginia flue-cured, Tanzania)",https://dataverse.harvard.edu/api/access/datafile/10308036,L2L,Grade_A,960x1440,JPEG,CC0 1.0 Universal (public domain dedication),2026-08-05,10308036,3a98e15fbbbea12e53903a85d9ceedf5,kaliua_384.jpg,quality digit 2 = Fine quality -> Grade_A,2795.86
A_L2L_10311674.jpg,"Tobacco leaves dataset (Virginia flue-cured, Tanzania)",https://dataverse.harvard.edu/api/access/datafile/10311674,L2L,Grade_A,960x1440,JPEG,CC0 1.0 Universal (public domain dedication),2026-08-05,10311674,f23a72ae2ca82bfcb37009aac744a10d,urambo_5352.jpg,quality digit 2 = Fine quality -> Grade_A,5007.19
A_L2L_10309478.jpg,"Tobacco leaves dataset (Virginia flue-cured, Tanzania)",https://dataverse.harvard.edu/api/access/datafile/10309478,L2L,Grade_A,960x1440,JPEG,CC0 1.0 Universal (public domain dedication),2026-08-05,10309478,56d2ed1ddc56108e95dd55f9d62efffe,manispaa_3812.jpg,quality digit 2 = Fine quality -> Grade_A,3838.52
A_L2L_10307620.jpg,"Tobacco leaves dataset (Virginia flue-cured, Tanzania)",https://dataverse.harvard.edu/api/access/datafile/10307620,L2L,Grade_A,960x1440,JPEG,CC0 1.0 Universal (public domain dedication),2026-08-05,10307620,4311cac201b24bcd51eacf2d598f18d8,kaliua_379.jpg,quality digit 2 = Fine quality -> Grade_A,2393.73
A_L2L_10311877.jpg,"Tobacco leaves dataset (Virginia flue-cured, Tanzania)",https://dataverse.harvard.edu/api/access/datafile/10311877,L2L,Grade_A,960x1440,JPEG,CC0 1.0 Universal (public domain dedication),2026-08-05,10311877,6cffc382d597a7a417ab7c1c04ef08d6,uyui_7250.jpg,quality digit 2 = Fine quality -> Grade_A,3183.45
A_L2L_10308357.jpg,"Tobacco leaves dataset (Virginia flue-cured, Tanzania)",https://dataverse.harvard.edu/api/access/datafile/10308357,L2L,Grade_A,960x1440,JPEG,CC0 1.0 Universal (public domain dedication),2026-08-05,10308357,5ee63b253c75d1134c2b820cb52c3519,kaliua_6224.jpg,quality digit 2 = Fine quality -> Grade_A,2687.91
A_L2L_10310406.jpg,"Tobacco leaves dataset (Virginia flue-cured, Tanzania)",https://dataverse.harvard.edu/api/access/datafile/10310406,L2L,Grade_A,960x1440,JPEG,CC0 1.0 Universal (public domain dedication),2026-08-05,10310406,4bafae03c41d476f4c1f4a70334cc390,manispaa_7090.jpg,quality digit 2 = Fine quality -> Grade_A,2273.16
A_L2L_10311479.jpg,"Tobacco leaves dataset (Virginia flue-cured, Tanzania)",https://dataverse.harvard.edu/api/access/datafile/10311479,L2L,Grade_A,960x1440,JPEG,CC0 1.0 Universal (public domain dedication),2026-08-05,10311479,a94b784a4adc6af23dc2072d17886c8c,urambo_4229.jpg,quality digit 2 = Fine quality -> Grade_A,3156.8
A_L2L_10309702.jpg,"Tobacco leaves dataset (Virginia flue-cured, Tanzania)",https://dataverse.harvard.edu/api/access/datafile/10309702,L2L,Grade_A,960x1440,JPEG,CC0 1.0 Universal (public domain dedication),2026-08-05,10309702,4152084ea427376e3a2ee489b9ee620f,manispaa_10101.jpg,quality digit 2 = Fine quality -> Grade_A,2055.36
A_L2L_10308018.jpg,"Tobacco leaves dataset (Virginia flue-cured, Tanzania)",https://dataverse.harvard.edu/api/access/datafile/10308018,L2L,Grade_A,960x1440,JPEG,CC0 1.0 Universal (public domain dedication),2026-08-05,10308018,f3ebaed212fd50b5f642e7febe992a3c,kaliua_8447.jpg,quality digit 2 = Fine quality -> Grade_A,3460.12
A_L2L_10309885.jpg,"Tobacco leaves dataset (Virginia flue-cured, Tanzania)",https://dataverse.harvard.edu/api/access/datafile/10309885,L2L,Grade_A,960x1440,JPEG,CC0 1.0 Universal (public domain dedication),2026-08-05,10309885,a2f2dd0550bd165f59217a160e201ce5,manispaa_3847.jpg,quality digit 2 = Fine quality -> Grade_A,1741.04
A_L2L_10309861.jpg,"Tobacco leaves dataset (Virginia flue-cured, Tanzania)",https://dataverse.harvard.edu/api/access/datafile/10309861,L2L,Grade_A,960x1440,JPEG,CC0 1.0 Universal (public domain dedication),2026-08-05,10309861,75830ed59dac73beac10a2616e7892ec,manispaa_4046.jpg,quality digit 2 = Fine quality -> Grade_A,2752.64
A_L2L_10310607.jpg,"Tobacco leaves dataset (Virginia flue-cured, Tanzania)",https://dataverse.harvard.edu/api/access/datafile/10310607,L2L,Grade_A,960x1440,JPEG,CC0 1.0 Universal (public domain dedication),2026-08-05,10310607,3bd1f05e2c8b5990cebacf0a8d0f2229,urambo_2289.jpg,quality digit 2 = Fine quality -> Grade_A,2600.73
A_L2L_10309569.jpg,"Tobacco leaves dataset (Virginia flue-cured, Tanzania)",https://dataverse.harvard.edu/api/access/datafile/10309569,L2L,Grade_A,960x1440,JPEG,CC0 1.0 Universal (public domain dedication),2026-08-05,10309569,4eec9e86d0f40289c6923c65e6633f2f,manispaa_12814.jpg,quality digit 2 = Fine quality -> Grade_A,2848.75
A_L2L_10310176.jpg,"Tobacco leaves dataset (Virginia flue-cured, Tanzania)",https://dataverse.harvard.edu/api/access/datafile/10310176,L2L,Grade_A,960x1440,JPEG,CC0 1.0 Universal (public domain dedication),2026-08-05,10310176,92a137f8b5736827b2839b64827727f3,manispaa_7328.jpg,quality digit 2 = Fine quality -> Grade_A,2384.54
A_L2L_10311816.jpg,"Tobacco leaves dataset (Virginia flue-cured, Tanzania)",https://dataverse.harvard.edu/api/access/datafile/10311816,L2L,Grade_A,960x1440,JPEG,CC0 1.0 Universal (public domain dedication),2026-08-05,10311816,6cb0a1eeb65a9865fc3278ee9dc44182,uyui_3899.jpg,quality digit 2 = Fine quality -> Grade_A,1933.93
A_L2L_10307768.jpg,"Tobacco leaves dataset (Virginia flue-cured, Tanzania)",https://dataverse.harvard.edu/api/access/datafile/10307768,L2L,Grade_A,960x1440,JPEG,CC0 1.0 Universal (public domain dedication),2026-08-05,10307768,02155b8f6887adee894bd519f6090549,kaliua_3500.jpg,quality digit 2 = Fine quality -> Grade_A,1547.06
A_L2L_10307912.jpg,"Tobacco leaves dataset (Virginia flue-cured, Tanzania)",https://dataverse.harvard.edu/api/access/datafile/10307912,L2L,Grade_A,960x1440,JPEG,CC0 1.0 Universal (public domain dedication),2026-08-05,10307912,4a54eff616ffa35b664635cb0afe2ef9,kaliua_8446.jpg,quality digit 2 = Fine quality -> Grade_A,3469.56
A_L2L_10310136.jpg,"Tobacco leaves dataset (Virginia flue-cured, Tanzania)",https://dataverse.harvard.edu/api/access/datafile/10310136,L2L,Grade_A,960x1440,JPEG,CC0 1.0 Universal (public domain dedication),2026-08-05,10310136,ae323d625304268af2f8c9f0931407d9,manispaa_7337.jpg,quality digit 2 = Fine quality -> Grade_A,2269.77
A_L2L_10310813.jpg,"Tobacco leaves dataset (Virginia flue-cured, Tanzania)",https://dataverse.harvard.edu/api/access/datafile/10310813,L2L,Grade_A,960x1440,JPEG,CC0 1.0 Universal (public domain dedication),2026-08-05,10310813,db9fc3a3fd37ed51b094ce6bcdf7378d,manispaa_617.jpg,quality digit 2 = Fine quality -> Grade_A,1944.85
A_L2L_10307546.jpg,"Tobacco leaves dataset (Virginia flue-cured, Tanzania)",https://dataverse.harvard.edu/api/access/datafile/10307546,L2L,Grade_A,960x1440,JPEG,CC0 1.0 Universal (public domain dedication),2026-08-05,10307546,47c74f5959bde1fbd48a9d432b4bf0b7,kaliua_6000.jpg,quality digit 2 = Fine quality -> Grade_A,2469.53
A_L2L_10311013.jpg,"Tobacco leaves dataset (Virginia flue-cured, Tanzania)",https://dataverse.harvard.edu/api/access/datafile/10311013,L2L,Grade_A,960x1440,JPEG,CC0 1.0 Universal (public domain dedication),2026-08-05,10311013,7e63c7c69334d209807a74266c875538,uyui_13296.jpg,quality digit 2 = Fine quality -> Grade_A,2529.27
A_L2L_10308198.jpg,"Tobacco leaves dataset (Virginia flue-cured, Tanzania)",https://dataverse.harvard.edu/api/access/datafile/10308198,L2L,Grade_A,960x1440,JPEG,CC0 1.0 Universal (public domain dedication),2026-08-05,10308198,2b63c23645dba0e3a4d16d8a3edd693c,kaliua_5986.jpg,quality digit 2 = Fine quality -> Grade_A,3057.96
A_L2L_10312739.jpg,"Tobacco leaves dataset (Virginia flue-cured, Tanzania)",https://dataverse.harvard.edu/api/access/datafile/10312739,L2L,Grade_A,960x1440,JPEG,CC0 1.0 Universal (public domain dedication),2026-08-05,10312739,c535f128b08c7aee0bef0ed39ad990ce,uyui_3638.jpg,quality digit 2 = Fine quality -> Grade_A,3853.95
A_L2L_10307992.jpg,"Tobacco leaves dataset (Virginia flue-cured, Tanzania)",https://dataverse.harvard.edu/api/access/datafile/10307992,L2L,Grade_A,960x1440,JPEG,CC0 1.0 Universal (public domain dedication),2026-08-05,10307992,f6339d0d459fd57ef0322bd28c7108f4,kaliua_8434.jpg,quality digit 2 = Fine quality -> Grade_A,2837.16
A_L2L_10310748.jpg,"Tobacco leaves dataset (Virginia flue-cured, Tanzania)",https://dataverse.harvard.edu/api/access/datafile/10310748,L2L,Grade_A,960x1440,JPEG,CC0 1.0 Universal (public domain dedication),2026-08-05,10310748,8e2d2453b2cc38d7c9afbab4fccf0cca,manispaa_7190.jpg,quality digit 2 = Fine quality -> Grade_A,2284.08
A_L2L_10307586.jpg,"Tobacco leaves dataset (Virginia flue-cured, Tanzania)",https://dataverse.harvard.edu/api/access/datafile/10307586,L2L,Grade_A,960x1440,JPEG,CC0 1.0 Universal (public domain dedication),2026-08-05,10307586,299b7345c05af73719b772563f52b243,kaliua_5988.jpg,quality digit 2 = Fine quality -> Grade_A,2819.36
A_L2L_10308310.jpg,"Tobacco leaves dataset (Virginia flue-cured, Tanzania)",https://dataverse.harvard.edu/api/access/datafile/10308310,L2L,Grade_A,960x1440,JPEG,CC0 1.0 Universal (public domain dedication),2026-08-05,10308310,78b115b394e0752abe80a5b92a86355e,kaliua_398.jpg,quality digit 2 = Fine quality -> Grade_A,2325.35
A_L2L_10311295.jpg,"Tobacco leaves dataset (Virginia flue-cured, Tanzania)",https://dataverse.harvard.edu/api/access/datafile/10311295,L2L,Grade_A,960x1440,JPEG,CC0 1.0 Universal (public domain dedication),2026-08-05,10311295,95288f6ae3969f90699c437b3e0636cc,uyui_13169.jpg,quality digit 2 = Fine quality -> Grade_A,3166.03
A_L2L_10309426.jpg,"Tobacco leaves dataset (Virginia flue-cured, Tanzania)",https://dataverse.harvard.edu/api/access/datafile/10309426,L2L,Grade_A,960x1440,JPEG,CC0 1.0 Universal (public domain dedication),2026-08-05,10309426,0d8a7cdfaf40ec45c3ab58cdea9b9802,manispaa_12789.jpg,quality digit 2 = Fine quality -> Grade_A,2526.92
A_L2L_10311408.jpg,"Tobacco leaves dataset (Virginia flue-cured, Tanzania)",https://dataverse.harvard.edu/api/access/datafile/10311408,L2L,Grade_A,960x1440,JPEG,CC0 1.0 Universal (public domain dedication),2026-08-05,10311408,15dc1dd4cd3d94699422458f76cc0b92,uyui_13226.jpg,quality digit 2 = Fine quality -> Grade_A,2049.69
A_L2L_10309575.jpg,"Tobacco leaves dataset (Virginia flue-cured, Tanzania)",https://dataverse.harvard.edu/api/access/datafile/10309575,L2L,Grade_A,960x1440,JPEG,CC0 1.0 Universal (public domain dedication),2026-08-05,10309575,e7800552f042ebc94360a7829c8a48a7,manispaa_4056.jpg,quality digit 2 = Fine quality -> Grade_A,2324.43
A_L2L_10309693.jpg,"Tobacco leaves dataset (Virginia flue-cured, Tanzania)",https://dataverse.harvard.edu/api/access/datafile/10309693,L2L,Grade_A,960x1440,JPEG,CC0 1.0 Universal (public domain dedication),2026-08-05,10309693,d1c71c29b1d705d3e780a3f78c49f49e,manispaa_3931.jpg,quality digit 2 = Fine quality -> Grade_A,2133.15
A_L2L_10310608.jpg,"Tobacco leaves dataset (Virginia flue-cured, Tanzania)",https://dataverse.harvard.edu/api/access/datafile/10310608,L2L,Grade_A,960x1440,JPEG,CC0 1.0 Universal (public domain dedication),2026-08-05,10310608,918a4486ac7aa2b884a4745f505c95e4,manispaa_7196.jpg,quality digit 2 = Fine quality -> Grade_A,2279.59
A_L2L_10309798.jpg,"Tobacco leaves dataset (Virginia flue-cured, Tanzania)",https://dataverse.harvard.edu/api/access/datafile/10309798,L2L,Grade_A,960x1440,JPEG,CC0 1.0 Universal (public domain dedication),2026-08-05,10309798,1dd59c29747c2599fee144a01fd617ed,manispaa_10089.jpg,quality digit 2 = Fine quality -> Grade_A,2351.42
A_L2L_10310377.jpg,"Tobacco leaves dataset (Virginia flue-cured, Tanzania)",https://dataverse.harvard.edu/api/access/datafile/10310377,L2L,Grade_A,960x1440,JPEG,CC0 1.0 Universal (public domain dedication),2026-08-05,10310377,473b1d15304338639666f843cfc8c2f2,manispaa_720.jpg,quality digit 2 = Fine quality -> Grade_A,2631.4
A_L2L_10309140.jpg,"Tobacco leaves dataset (Virginia flue-cured, Tanzania)",https://dataverse.harvard.edu/api/access/datafile/10309140,L2L,Grade_A,960x1440,JPEG,CC0 1.0 Universal (public domain dedication),2026-08-05,10309140,c71d4e5d4c2be9d75a8bc9e0a9f0fd62,manispaa_4006.jpg,quality digit 2 = Fine quality -> Grade_A,2098.74
A_L2L_10312917.jpg,"Tobacco leaves dataset (Virginia flue-cured, Tanzania)",https://dataverse.harvard.edu/api/access/datafile/10312917,L2L,Grade_A,960x1440,JPEG,CC0 1.0 Universal (public domain dedication),2026-08-05,10312917,cca7fb077625904dcb3f109a10b15fbe,uyui_7454.jpg,quality digit 2 = Fine quality -> Grade_A,3319.57
A_L2L_10307842.jpg,"Tobacco leaves dataset (Virginia flue-cured, Tanzania)",https://dataverse.harvard.edu/api/access/datafile/10307842,L2L,Grade_A,960x1440,JPEG,CC0 1.0 Universal (public domain dedication),2026-08-05,10307842,ff7f1afcf7f96d79272dbd0459491d7e,kaliua_5934.jpg,quality digit 2 = Fine quality -> Grade_A,2822.52
A_L2L_10308163.jpg,"Tobacco leaves dataset (Virginia flue-cured, Tanzania)",https://dataverse.harvard.edu/api/access/datafile/10308163,L2L,Grade_A,960x1440,JPEG,CC0 1.0 Universal (public domain dedication),2026-08-05,10308163,f65c46fe591d557dbc8e627b7754e5a3,kaliua_5937.jpg,quality digit 2 = Fine quality -> Grade_A,2791.4
A_L2L_10310752.jpg,"Tobacco leaves dataset (Virginia flue-cured, Tanzania)",https://dataverse.harvard.edu/api/access/datafile/10310752,L2L,Grade_A,960x1440,JPEG,CC0 1.0 Universal (public domain dedication),2026-08-05,10310752,e4c1af9f99ba14f91b4f9ffa812603ab,manispaa_721.jpg,quality digit 2 = Fine quality -> Grade_A,2918.5
A_L2L_10308281.jpg,"Tobacco leaves dataset (Virginia flue-cured, Tanzania)",https://dataverse.harvard.edu/api/access/datafile/10308281,L2L,Grade_A,960x1440,JPEG,CC0 1.0 Universal (public domain dedication),2026-08-05,10308281,a14595690b1890bd44e4d8aad2141d64,kaliua_5974.jpg,quality digit 2 = Fine quality -> Grade_A,2705.24
A_L2L_10307813.jpg,"Tobacco leaves dataset (Virginia flue-cured, Tanzania)",https://dataverse.harvard.edu/api/access/datafile/10307813,L2L,Grade_A,960x1440,JPEG,CC0 1.0 Universal (public domain dedication),2026-08-05,10307813,ee3d46884558fac6038872232de02164,kaliua_6153.jpg,quality digit 2 = Fine quality -> Grade_A,2358.31
A_L2L_10309445.jpg,"Tobacco leaves dataset (Virginia flue-cured, Tanzania)",https://dataverse.harvard.edu/api/access/datafile/10309445,L2L,Grade_A,960x1440,JPEG,CC0 1.0 Universal (public domain dedication),2026-08-05,10309445,c11abd1c057e70674430f856f786b96b,manispaa_10193.jpg,quality digit 2 = Fine quality -> Grade_A,2125.67
A_L2L_10309862.jpg,"Tobacco leaves dataset (Virginia flue-cured, Tanzania)",https://dataverse.harvard.edu/api/access/datafile/10309862,L2L,Grade_A,960x1440,JPEG,CC0 1.0 Universal (public domain dedication),2026-08-05,10309862,2ce2867f0cb46de9e8005f322b9d2a21,manispaa_10143.jpg,quality digit 2 = Fine quality -> Grade_A,2357.58
A_L2L_10308392.jpg,"Tobacco leaves dataset (Virginia flue-cured, Tanzania)",https://dataverse.harvard.edu/api/access/datafile/10308392,L2L,Grade_A,960x1440,JPEG,CC0 1.0 Universal (public domain dedication),2026-08-05,10308392,4b0200ab333d14dec1dde8f1de29b833,kaliua_10905.jpg,quality digit 2 = Fine quality -> Grade_A,2499.53
A_L2L_10312255.jpg,"Tobacco leaves dataset (Virginia flue-cured, Tanzania)",https://dataverse.harvard.edu/api/access/datafile/10312255,L2L,Grade_A,960x1440,JPEG,CC0 1.0 Universal (public domain dedication),2026-08-05,10312255,c490e734c7752a707c28c473e3b9f189,uyui_6954.jpg,quality digit 2 = Fine quality -> Grade_A,1853.35
A_L2L_10307665.jpg,"Tobacco leaves dataset (Virginia flue-cured, Tanzania)",https://dataverse.harvard.edu/api/access/datafile/10307665,L2L,Grade_A,960x1440,JPEG,CC0 1.0 Universal (public domain dedication),2026-08-05,10307665,b26836147e9d5c064164115c51af08d4,kaliua_3479.jpg,quality digit 2 = Fine quality -> Grade_A,2221.29
A_L2L_10312615.jpg,"Tobacco leaves dataset (Virginia flue-cured, Tanzania)",https://dataverse.harvard.edu/api/access/datafile/10312615,L2L,Grade_A,960x1440,JPEG,CC0 1.0 Universal (public domain dedication),2026-08-05,10312615,08b22e1e20bafc5c9e4a11dd65615d3e,uyui_7086.jpg,quality digit 2 = Fine quality -> Grade_A,1456.25
A_L2L_10311820.jpg,"Tobacco leaves dataset (Virginia flue-cured, Tanzania)",https://dataverse.harvard.edu/api/access/datafile/10311820,L2L,Grade_A,960x1440,JPEG,CC0 1.0 Universal (public domain dedication),2026-08-05,10311820,7b2ff8932673f395ebe7cafa117d1100,uyui_3819.jpg,quality digit 2 = Fine quality -> Grade_A,1760.98
A_L2L_10310212.jpg,"Tobacco leaves dataset (Virginia flue-cured, Tanzania)",https://dataverse.harvard.edu/api/access/datafile/10310212,L2L,Grade_A,960x1440,JPEG,CC0 1.0 Universal (public domain dedication),2026-08-05,10310212,9f7c9eaa960c0f814086ad8dc7e02172,urambo_4134.jpg,quality digit 2 = Fine quality -> Grade_A,3128.85
A_L2L_10313119.jpg,"Tobacco leaves dataset (Virginia flue-cured, Tanzania)",https://dataverse.harvard.edu/api/access/datafile/10313119,L2L,Grade_A,960x1440,JPEG,CC0 1.0 Universal (public domain dedication),2026-08-05,10313119,bcfb1311a9029599f8d83f46eab4e7f4,uyui_9775.jpg,quality digit 2 = Fine quality -> Grade_A,2698.62
A_L2L_10310269.jpg,"Tobacco leaves dataset (Virginia flue-cured, Tanzania)",https://dataverse.harvard.edu/api/access/datafile/10310269,L2L,Grade_A,960x1440,JPEG,CC0 1.0 Universal (public domain dedication),2026-08-05,10310269,a346e2a18e46bb68ba9038be88a90f98,urambo_290.jpg,quality digit 2 = Fine quality -> Grade_A,2258.21
A_L2L_10309884.jpg,"Tobacco leaves dataset (Virginia flue-cured, Tanzania)",https://dataverse.harvard.edu/api/access/datafile/10309884,L2L,Grade_A,960x1440,JPEG,CC0 1.0 Universal (public domain dedication),2026-08-05,10309884,e820ee5571cc2dc417e9ecddacae97c4,manispaa_3751.jpg,quality digit 2 = Fine quality -> Grade_A,2932.82
A_L2L_10308196.jpg,"Tobacco leaves dataset (Virginia flue-cured, Tanzania)",https://dataverse.harvard.edu/api/access/datafile/10308196,L2L,Grade_A,960x1440,JPEG,CC0 1.0 Universal (public domain dedication),2026-08-05,10308196,afd2efa39ab945afafebf084c096af71,kaliua_6066.jpg,quality digit 2 = Fine quality -> Grade_A,1434.65
A_L2L_10312524.jpg,"Tobacco leaves dataset (Virginia flue-cured, Tanzania)",https://dataverse.harvard.edu/api/access/datafile/10312524,L2L,Grade_A,960x1440,JPEG,CC0 1.0 Universal (public domain dedication),2026-08-05,10312524,2b5ba5f4b368fbc613395315d4fd85a3,uyui_7155.jpg,quality digit 2 = Fine quality -> Grade_A,2851.31
A_L2L_10310976.jpg,"Tobacco leaves dataset (Virginia flue-cured, Tanzania)",https://dataverse.harvard.edu/api/access/datafile/10310976,L2L,Grade_A,960x1440,JPEG,CC0 1.0 Universal (public domain dedication),2026-08-05,10310976,6f833637f841d39379d995e4fbf3c046,uyui_10042.jpg,quality digit 2 = Fine quality -> Grade_A,2424.36
A_L2L_10307981.jpg,"Tobacco leaves dataset (Virginia flue-cured, Tanzania)",https://dataverse.harvard.edu/api/access/datafile/10307981,L2L,Grade_A,960x1440,JPEG,CC0 1.0 Universal (public domain dedication),2026-08-05,10307981,0f66b487258436f972e0165c15cea674,kaliua_6023.jpg,quality digit 2 = Fine quality -> Grade_A,2297.42
A_L2L_10309780.jpg,"Tobacco leaves dataset (Virginia flue-cured, Tanzania)",https://dataverse.harvard.edu/api/access/datafile/10309780,L2L,Grade_A,960x1440,JPEG,CC0 1.0 Universal (public domain dedication),2026-08-05,10309780,5d837c8ef4854c15a5119a8ccb5f2bce,manispaa_3872.jpg,quality digit 2 = Fine quality -> Grade_A,2104.5
A_L2L_10309973.jpg,"Tobacco leaves dataset (Virginia flue-cured, Tanzania)",https://dataverse.harvard.edu/api/access/datafile/10309973,L2L,Grade_A,960x1440,JPEG,CC0 1.0 Universal (public domain dedication),2026-08-05,10309973,448e8c9dae5eabf6395efd0fdc226ae9,manispaa_4032.jpg,quality digit 2 = Fine quality -> Grade_A,2088.89
A_L2L_10309365.jpg,"Tobacco leaves dataset (Virginia flue-cured, Tanzania)",https://dataverse.harvard.edu/api/access/datafile/10309365,L2L,Grade_A,960x1440,JPEG,CC0 1.0 Universal (public domain dedication),2026-08-05,10309365,9b238f67b9d726b4d5ec16912e95ad70,manispaa_3638.jpg,quality digit 2 = Fine quality -> Grade_A,2904.29
A_L2L_10312419.jpg,"Tobacco leaves dataset (Virginia flue-cured, Tanzania)",https://dataverse.harvard.edu/api/access/datafile/10312419,L2L,Grade_A,960x1440,JPEG,CC0 1.0 Universal (public domain dedication),2026-08-05,10312419,bf522a4a3fb6de60713103fe65a69896,uyui_13575.jpg,quality digit 2 = Fine quality -> Grade_A,3287.9
A_L2L_10311134.jpg,"Tobacco leaves dataset (Virginia flue-cured, Tanzania)",https://dataverse.harvard.edu/api/access/datafile/10311134,L2L,Grade_A,960x1440,JPEG,CC0 1.0 Universal (public domain dedication),2026-08-05,10311134,4e4f9891f2ccc354c3fb01b2aa4bb4e5,uyui_12991.jpg,quality digit 2 = Fine quality -> Grade_A,2431.89
A_L2L_10308390.jpg,"Tobacco leaves dataset (Virginia flue-cured, Tanzania)",https://dataverse.harvard.edu/api/access/datafile/10308390,L2L,Grade_A,960x1440,JPEG,CC0 1.0 Universal (public domain dedication),2026-08-05,10308390,c50af28d6ee50181af505970adbf0eda,kaliua_6226.jpg,quality digit 2 = Fine quality -> Grade_A,2681.95
A_L2L_10310664.jpg,"Tobacco leaves dataset (Virginia flue-cured, Tanzania)",https://dataverse.harvard.edu/api/access/datafile/10310664,L2L,Grade_A,960x1440,JPEG,CC0 1.0 Universal (public domain dedication),2026-08-05,10310664,50f5e4f68b0c1bd2cb2fe56d863eedd1,manispaa_700.jpg,quality digit 2 = Fine quality -> Grade_A,2692.6
A_L2L_10312355.jpg,"Tobacco leaves dataset (Virginia flue-cured, Tanzania)",https://dataverse.harvard.edu/api/access/datafile/10312355,L2L,Grade_A,960x1440,JPEG,CC0 1.0 Universal (public domain dedication),2026-08-05,10312355,e021fa6926f164d23bec1fe7679a3e93,uyui_3656.jpg,quality digit 2 = Fine quality -> Grade_A,2652.38
A_L2L_10307602.jpg,"Tobacco leaves dataset (Virginia flue-cured, Tanzania)",https://dataverse.harvard.edu/api/access/datafile/10307602,L2L,Grade_A,960x1440,JPEG,CC0 1.0 Universal (public domain dedication),2026-08-05,10307602,0bd679b567a39ad0c6cc1c5b1f7774ef,kaliua_3415.jpg,quality digit 2 = Fine quality -> Grade_A,3152.08
A_L2L_10311673.jpg,"Tobacco leaves dataset (Virginia flue-cured, Tanzania)",https://dataverse.harvard.edu/api/access/datafile/10311673,L2L,Grade_A,960x1440,JPEG,CC0 1.0 Universal (public domain dedication),2026-08-05,10311673,662d101a12e3ea97aa5a50f259512178,uyui_13141.jpg,quality digit 2 = Fine quality -> Grade_A,2928.34
A_L2L_10309246.jpg,"Tobacco leaves dataset (Virginia flue-cured, Tanzania)",https://dataverse.harvard.edu/api/access/datafile/10309246,L2L,Grade_A,960x1440,JPEG,CC0 1.0 Universal (public domain dedication),2026-08-05,10309246,e84814db60d114168c2f2a533e6db934,manispaa_10328.jpg,quality digit 2 = Fine quality -> Grade_A,2615.47
A_L2L_10310865.jpg,"Tobacco leaves dataset (Virginia flue-cured, Tanzania)",https://dataverse.harvard.edu/api/access/datafile/10310865,L2L,Grade_A,960x1440,JPEG,CC0 1.0 Universal (public domain dedication),2026-08-05,10310865,46d2a35a362065fd8dd3c1d13411bd2b,urambo_4129.jpg,quality digit 2 = Fine quality -> Grade_A,2867.0
A_L2L_10311566.jpg,"Tobacco leaves dataset (Virginia flue-cured, Tanzania)",https://dataverse.harvard.edu/api/access/datafile/10311566,L2L,Grade_A,960x1440,JPEG,CC0 1.0 Universal (public domain dedication),2026-08-05,10311566,5b15ee6844b2ca0501d97e86c603d0c2,uyui_13181.jpg,quality digit 2 = Fine quality -> Grade_A,2539.37
A_L2L_10311195.jpg,"Tobacco leaves dataset (Virginia flue-cured, Tanzania)",https://dataverse.harvard.edu/api/access/datafile/10311195,L2L,Grade_A,960x1440,JPEG,CC0 1.0 Universal (public domain dedication),2026-08-05,10311195,6d76f60054edda4742588a899fb90b20,uyui_13369.jpg,quality digit 2 = Fine quality -> Grade_A,2684.1
A_L2L_10312256.jpg,"Tobacco leaves dataset (Virginia flue-cured, Tanzania)",https://dataverse.harvard.edu/api/access/datafile/10312256,L2L,Grade_A,960x1440,JPEG,CC0 1.0 Universal (public domain dedication),2026-08-05,10312256,6e52964f27a47a74bf2c832d804151ab,uyui_3767.jpg,quality digit 2 = Fine quality -> Grade_A,2063.7
A_L2L_10310363.jpg,"Tobacco leaves dataset (Virginia flue-cured, Tanzania)",https://dataverse.harvard.edu/api/access/datafile/10310363,L2L,Grade_A,960x1440,JPEG,CC0 1.0 Universal (public domain dedication),2026-08-05,10310363,f288792daebeafa71b3386f829dc68b0,urambo_4131.jpg,quality digit 2 = Fine quality -> Grade_A,3008.84
A_L2L_10313100.jpg,"Tobacco leaves dataset (Virginia flue-cured, Tanzania)",https://dataverse.harvard.edu/api/access/datafile/10313100,L2L,Grade_A,960x1440,JPEG,CC0 1.0 Universal (public domain dedication),2026-08-05,10313100,b3027004e0e9e75ecb13d5b25546400b,uyui_9864.jpg,quality digit 2 = Fine quality -> Grade_A,3523.6
A_L2L_10311565.jpg,"Tobacco leaves dataset (Virginia flue-cured, Tanzania)",https://dataverse.harvard.edu/api/access/datafile/10311565,L2L,Grade_A,960x1440,JPEG,CC0 1.0 Universal (public domain dedication),2026-08-05,10311565,94f84c5cf921deed81b9c40ac89165d8,uyui_13400.jpg,quality digit 2 = Fine quality -> Grade_A,2980.59
A_L2L_10310828.jpg,"Tobacco leaves dataset (Virginia flue-cured, Tanzania)",https://dataverse.harvard.edu/api/access/datafile/10310828,L2L,Grade_A,960x1440,JPEG,CC0 1.0 Universal (public domain dedication),2026-08-05,10310828,91c5290a0ada67e20ecee8512220eab5,urambo_271.jpg,quality digit 2 = Fine quality -> Grade_A,2499.02
A_L2L_10312115.jpg,"Tobacco leaves dataset (Virginia flue-cured, Tanzania)",https://dataverse.harvard.edu/api/access/datafile/10312115,L2L,Grade_A,960x1440,JPEG,CC0 1.0 Universal (public domain dedication),2026-08-05,10312115,a345eef963b62425242263f0efdf8a87,uyui_7038.jpg,quality digit 2 = Fine quality -> Grade_A,1678.61
A_L2L_10310194.jpg,"Tobacco leaves dataset (Virginia flue-cured, Tanzania)",https://dataverse.harvard.edu/api/access/datafile/10310194,L2L,Grade_A,960x1440,JPEG,CC0 1.0 Universal (public domain dedication),2026-08-05,10310194,e064c7ea0aec06ed7f46247f949e322e,urambo_4127.jpg,quality digit 2 = Fine quality -> Grade_A,2712.88
A_L2L_10308329.jpg,"Tobacco leaves dataset (Virginia flue-cured, Tanzania)",https://dataverse.harvard.edu/api/access/datafile/10308329,L2L,Grade_A,960x1440,JPEG,CC0 1.0 Universal (public domain dedication),2026-08-05,10308329,aabb76febddaab351b40fdc9d8523ca6,kaliua_8492.jpg,quality digit 2 = Fine quality -> Grade_A,2311.49
A_L2L_10310648.jpg,"Tobacco leaves dataset (Virginia flue-cured, Tanzania)",https://dataverse.harvard.edu/api/access/datafile/10310648,L2L,Grade_A,960x1440,JPEG,CC0 1.0 Universal (public domain dedication),2026-08-05,10310648,c022f151e89e2c1e944db8fa46d8a83f,manispaa_7284.jpg,quality digit 2 = Fine quality -> Grade_A,2456.74
A_L2L_10312085.jpg,"Tobacco leaves dataset (Virginia flue-cured, Tanzania)",https://dataverse.harvard.edu/api/access/datafile/10312085,L2L,Grade_A,960x1440,JPEG,CC0 1.0 Universal (public domain dedication),2026-08-05,10312085,a136f9bbfdf0ee0a280a55217ed3fcff,uyui_3661.jpg,quality digit 2 = Fine quality -> Grade_A,3394.59
A_L2L_10309243.jpg,"Tobacco leaves dataset (Virginia flue-cured, Tanzania)",https://dataverse.harvard.edu/api/access/datafile/10309243,L2L,Grade_A,960x1440,JPEG,CC0 1.0 Universal (public domain dedication),2026-08-05,10309243,68ad669500ffbf06bfaf0047eec6051e,manispaa_10137.jpg,quality digit 2 = Fine quality -> Grade_A,1890.22
A_L2L_10311823.jpg,"Tobacco leaves dataset (Virginia flue-cured, Tanzania)",https://dataverse.harvard.edu/api/access/datafile/10311823,L2L,Grade_A,960x1440,JPEG,CC0 1.0 Universal (public domain dedication),2026-08-05,10311823,d8c9232740904dc5ee02a65d495af2a6,uyui_7385.jpg,quality digit 2 = Fine quality -> Grade_A,4081.6
A_L2L_10311646.jpg,"Tobacco leaves dataset (Virginia flue-cured, Tanzania)",https://dataverse.harvard.edu/api/access/datafile/10311646,L2L,Grade_A,960x1440,JPEG,CC0 1.0 Universal (public domain dedication),2026-08-05,10311646,3ddfded84c87a424db79599ee5fcf3cd,uyui_13372.jpg,quality digit 2 = Fine quality -> Grade_A,3008.56
A_L2L_10312423.jpg,"Tobacco leaves dataset (Virginia flue-cured, Tanzania)",https://dataverse.harvard.edu/api/access/datafile/10312423,L2L,Grade_A,960x1440,JPEG,CC0 1.0 Universal (public domain dedication),2026-08-05,10312423,4424dfae1050d7624f43524e1005306c,uyui_13553.jpg,quality digit 2 = Fine quality -> Grade_A,3315.84
A_L2L_10310786.jpg,"Tobacco leaves dataset (Virginia flue-cured, Tanzania)",https://dataverse.harvard.edu/api/access/datafile/10310786,L2L,Grade_A,960x1440,JPEG,CC0 1.0 Universal (public domain dedication),2026-08-05,10310786,81e442adf9e95de46f755fd6891a78b0,manispaa_662.jpg,quality digit 2 = Fine quality -> Grade_A,2785.93
A_L2L_10309594.jpg,"Tobacco leaves dataset (Virginia flue-cured, Tanzania)",https://dataverse.harvard.edu/api/access/datafile/10309594,L2L,Grade_A,960x1440,JPEG,CC0 1.0 Universal (public domain dedication),2026-08-05,10309594,d55d5bc37e934e55e3ffcc968dfc5c5d,manispaa_10186.jpg,quality digit 2 = Fine quality -> Grade_A,2209.66
A_L2L_10309087.jpg,"Tobacco leaves dataset (Virginia flue-cured, Tanzania)",https://dataverse.harvard.edu/api/access/datafile/10309087,L2L,Grade_A,960x1440,JPEG,CC0 1.0 Universal (public domain dedication),2026-08-05,10309087,88418adf7b08daa5c3a1826c09a63c58,manispaa_3976.jpg,quality digit 2 = Fine quality -> Grade_A,2067.19
A_L2L_10310223.jpg,"Tobacco leaves dataset (Virginia flue-cured, Tanzania)",https://dataverse.harvard.edu/api/access/datafile/10310223,L2L,Grade_A,960x1440,JPEG,CC0 1.0 Universal (public domain dedication),2026-08-05,10310223,183855f3f09bd5f00fa47c6482eae5dc,manispaa_711.jpg,quality digit 2 = Fine quality -> Grade_A,2327.92
A_L2L_10309313.jpg,"Tobacco leaves dataset (Virginia flue-cured, Tanzania)",https://dataverse.harvard.edu/api/access/datafile/10309313,L2L,Grade_A,960x1440,JPEG,CC0 1.0 Universal (public domain dedication),2026-08-05,10309313,6a4bf52795305e014fd8c2acf26e585c,manispaa_3864.jpg,quality digit 2 = Fine quality -> Grade_A,1751.18
A_L2L_10312757.jpg,"Tobacco leaves dataset (Virginia flue-cured, Tanzania)",https://dataverse.harvard.edu/api/access/datafile/10312757,L2L,Grade_A,960x1440,JPEG,CC0 1.0 Universal (public domain dedication),2026-08-05,10312757,db7ccd433821ae2df5c0b1d9e4fdc399,uyui_9968.jpg,quality digit 2 = Fine quality -> Grade_A,3043.18
A_L2L_10307994.jpg,"Tobacco leaves dataset (Virginia flue-cured, Tanzania)",https://dataverse.harvard.edu/api/access/datafile/10307994,L2L,Grade_A,960x1440,JPEG,CC0 1.0 Universal (public domain dedication),2026-08-05,10307994,2ac952ad0a37b8ac4e57a7c8e4fee3f9,kaliua_6020.jpg,quality digit 2 = Fine quality -> Grade_A,2533.85
A_L2L_10308353.jpg,"Tobacco leaves dataset (Virginia flue-cured, Tanzania)",https://dataverse.harvard.edu/api/access/datafile/10308353,L2L,Grade_A,960x1440,JPEG,CC0 1.0 Universal (public domain dedication),2026-08-05,10308353,e352454c14bbbfeca5088c43dcd3b3b6,kaliua_341.jpg,quality digit 2 = Fine quality -> Grade_A,3075.4
A_L2L_10312960.jpg,"Tobacco leaves dataset (Virginia flue-cured, Tanzania)",https://dataverse.harvard.edu/api/access/datafile/10312960,L2L,Grade_A,960x1440,JPEG,CC0 1.0 Universal (public domain dedication),2026-08-05,10312960,48f3c2b345bfb25455ccea1a9856283d,uyui_7603.jpg,quality digit 2 = Fine quality -> Grade_A,2948.18
A_L2L_10312135.jpg,"Tobacco leaves dataset (Virginia flue-cured, Tanzania)",https://dataverse.harvard.edu/api/access/datafile/10312135,L2L,Grade_A,960x1440,JPEG,CC0 1.0 Universal (public domain dedication),2026-08-05,10312135,ad52c436580f3c62b25ed410e078aca0,uyui_7343.jpg,quality digit 2 = Fine quality -> Grade_A,3507.69
A_L2L_10312508.jpg,"Tobacco leaves dataset (Virginia flue-cured, Tanzania)",https://dataverse.harvard.edu/api/access/datafile/10312508,L2L,Grade_A,960x1440,JPEG,CC0 1.0 Universal (public domain dedication),2026-08-05,10312508,aa08d708380f323284b6a3c842bbfc2a,uyui_3892.jpg,quality digit 2 = Fine quality -> Grade_A,2290.13
A_L2L_10310443.jpg,"Tobacco leaves dataset (Virginia flue-cured, Tanzania)",https://dataverse.harvard.edu/api/access/datafile/10310443,L2L,Grade_A,960x1440,JPEG,CC0 1.0 Universal (public domain dedication),2026-08-05,10310443,1c3fc7822d809deec5a7b2c17275ed0d,manispaa_589.jpg,quality digit 2 = Fine quality -> Grade_A,1891.53
A_L2L_10307603.jpg,"Tobacco leaves dataset (Virginia flue-cured, Tanzania)",https://dataverse.harvard.edu/api/access/datafile/10307603,L2L,Grade_A,960x1440,JPEG,CC0 1.0 Universal (public domain dedication),2026-08-05,10307603,0d9c4a5d3e5b1cb0b84b15b7d5fcfd14,kaliua_356.jpg,quality digit 2 = Fine quality -> Grade_A,2800.76
A_L2L_10311785.jpg,"Tobacco leaves dataset (Virginia flue-cured, Tanzania)",https://dataverse.harvard.edu/api/access/datafile/10311785,L2L,Grade_A,960x1440,JPEG,CC0 1.0 Universal (public domain dedication),2026-08-05,10311785,d312de2b65df67a9e832fb702fa8214f,uyui_10012.jpg,quality digit 2 = Fine quality -> Grade_A,2711.56
A_L2L_10309836.jpg,"Tobacco leaves dataset (Virginia flue-cured, Tanzania)",https://dataverse.harvard.edu/api/access/datafile/10309836,L2L,Grade_A,960x1440,JPEG,CC0 1.0 Universal (public domain dedication),2026-08-05,10309836,4d2d583bb08c9fde5a75d54349c7b937,manispaa_10435.jpg,quality digit 2 = Fine quality -> Grade_A,2705.9
A_L2L_10312489.jpg,"Tobacco leaves dataset (Virginia flue-cured, Tanzania)",https://dataverse.harvard.edu/api/access/datafile/10312489,L2L,Grade_A,960x1440,JPEG,CC0 1.0 Universal (public domain dedication),2026-08-05,10312489,5f5d9d0f27930fb699022dab9bf12750,uyui_7204.jpg,quality digit 2 = Fine quality -> Grade_A,2934.86
A_L2L_10312727.jpg,"Tobacco leaves dataset (Virginia flue-cured, Tanzania)",https://dataverse.harvard.edu/api/access/datafile/10312727,L2L,Grade_A,960x1440,JPEG,CC0 1.0 Universal (public domain dedication),2026-08-05,10312727,e2ad9390ac7f81b1d445ed75205800f5,uyui_3669.jpg,quality digit 2 = Fine quality -> Grade_A,3324.17
A_L2L_10312374.jpg,"Tobacco leaves dataset (Virginia flue-cured, Tanzania)",https://dataverse.harvard.edu/api/access/datafile/10312374,L2L,Grade_A,960x1440,JPEG,CC0 1.0 Universal (public domain dedication),2026-08-05,10312374,7b02f25fe5b14de67219a068cb52895d,uyui_7428.jpg,quality digit 2 = Fine quality -> Grade_A,2887.05
A_L2L_10309268.jpg,"Tobacco leaves dataset (Virginia flue-cured, Tanzania)",https://dataverse.harvard.edu/api/access/datafile/10309268,L2L,Grade_A,960x1440,JPEG,CC0 1.0 Universal (public domain dedication),2026-08-05,10309268,79407166ad9e0915534081c43c2ac896,manispaa_3949.jpg,quality digit 2 = Fine quality -> Grade_A,2257.54
A_L2L_10312851.jpg,"Tobacco leaves dataset (Virginia flue-cured, Tanzania)",https://dataverse.harvard.edu/api/access/datafile/10312851,L2L,Grade_A,960x1440,JPEG,CC0 1.0 Universal (public domain dedication),2026-08-05,10312851,0b444a45ab14ce545be2b49859f6bbff,uyui_7508.jpg,quality digit 2 = Fine quality -> Grade_A,3507.43
A_L2L_10309143.jpg,"Tobacco leaves dataset (Virginia flue-cured, Tanzania)",https://dataverse.harvard.edu/api/access/datafile/10309143,L2L,Grade_A,960x1440,JPEG,CC0 1.0 Universal (public domain dedication),2026-08-05,10309143,b53875581418b950895f9101935004d8,manispaa_10086.jpg,quality digit 2 = Fine quality -> Grade_A,2762.45
A_L2L_10311579.jpg,"Tobacco leaves dataset (Virginia flue-cured, Tanzania)",https://dataverse.harvard.edu/api/access/datafile/10311579,L2L,Grade_A,960x1440,JPEG,CC0 1.0 Universal (public domain dedication),2026-08-05,10311579,ace13b793d65baae602e8faee09a7c82,uyui_13145.jpg,quality digit 2 = Fine quality -> Grade_A,2423.0
A_L2L_10309317.jpg,"Tobacco leaves dataset (Virginia flue-cured, Tanzania)",https://dataverse.harvard.edu/api/access/datafile/10309317,L2L,Grade_A,960x1440,JPEG,CC0 1.0 Universal (public domain dedication),2026-08-05,10309317,b5d1618e0028af6f32c7394670243015,manispaa_3778.jpg,quality digit 2 = Fine quality -> Grade_A,3843.29
A_L2L_10311029.jpg,"Tobacco leaves dataset (Virginia flue-cured, Tanzania)",https://dataverse.harvard.edu/api/access/datafile/10311029,L2L,Grade_A,960x1440,JPEG,CC0 1.0 Universal (public domain dedication),2026-08-05,10311029,ab39f56fb267cf41ff2ad54f1c7ed5d1,uyui_13404.jpg,quality digit 2 = Fine quality -> Grade_A,3079.45
A_L2L_10313116.jpg,"Tobacco leaves dataset (Virginia flue-cured, Tanzania)",https://dataverse.harvard.edu/api/access/datafile/10313116,L2L,Grade_A,960x1440,JPEG,CC0 1.0 Universal (public domain dedication),2026-08-05,10313116,b920f5b697816971254957eaf737954c,uyui_9914.jpg,quality digit 2 = Fine quality -> Grade_A,2989.21
A_L2L_10309547.jpg,"Tobacco leaves dataset (Virginia flue-cured, Tanzania)",https://dataverse.harvard.edu/api/access/datafile/10309547,L2L,Grade_A,960x1440,JPEG,CC0 1.0 Universal (public domain dedication),2026-08-05,10309547,22d0aef709ee4bd11e424e7434442b2d,manispaa_3969.jpg,quality digit 2 = Fine quality -> Grade_A,2274.21
A_L2L_10307652.jpg,"Tobacco leaves dataset (Virginia flue-cured, Tanzania)",https://dataverse.harvard.edu/api/access/datafile/10307652,L2L,Grade_A,960x1440,JPEG,CC0 1.0 Universal (public domain dedication),2026-08-05,10307652,1fd06348978e06d01e7dba485b2f00e6,kaliua_8441.jpg,quality digit 2 = Fine quality -> Grade_A,2872.6
A_L2L_10311240.jpg,"Tobacco leaves dataset (Virginia flue-cured, Tanzania)",https://dataverse.harvard.edu/api/access/datafile/10311240,L2L,Grade_A,960x1440,JPEG,CC0 1.0 Universal (public domain dedication),2026-08-05,10311240,19ecb6ed02bfa05d1737ba553440fdbd,uyui_13081.jpg,quality digit 2 = Fine quality -> Grade_A,2462.08
A_L2L_10309830.jpg,"Tobacco leaves dataset (Virginia flue-cured, Tanzania)",https://dataverse.harvard.edu/api/access/datafile/10309830,L2L,Grade_A,960x1440,JPEG,CC0 1.0 Universal (public domain dedication),2026-08-05,10309830,c58ba18206c49d2531fd31b52b52a05e,manispaa_10332.jpg,quality digit 2 = Fine quality -> Grade_A,2590.87
A_L2L_10312549.jpg,"Tobacco leaves dataset (Virginia flue-cured, Tanzania)",https://dataverse.harvard.edu/api/access/datafile/10312549,L2L,Grade_A,960x1440,JPEG,CC0 1.0 Universal (public domain dedication),2026-08-05,10312549,b34dabbb6ac943ecc801cfc8ee320e27,uyui_3870.jpg,quality digit 2 = Fine quality -> Grade_A,1497.46
A_L2L_10310905.jpg,"Tobacco leaves dataset (Virginia flue-cured, Tanzania)",https://dataverse.harvard.edu/api/access/datafile/10310905,L2L,Grade_A,960x1440,JPEG,CC0 1.0 Universal (public domain dedication),2026-08-05,10310905,7c79f22e99578a513946616e939077cb,manispaa_727.jpg,quality digit 2 = Fine quality -> Grade_A,2452.51
A_L2L_10311300.jpg,"Tobacco leaves dataset (Virginia flue-cured, Tanzania)",https://dataverse.harvard.edu/api/access/datafile/10311300,L2L,Grade_A,960x1440,JPEG,CC0 1.0 Universal (public domain dedication),2026-08-05,10311300,37641c1c47d5a625f94d81ab1ce35c99,uyui_13500.jpg,quality digit 2 = Fine quality -> Grade_A,3224.88
A_L2L_10312140.jpg,"Tobacco leaves dataset (Virginia flue-cured, Tanzania)",https://dataverse.harvard.edu/api/access/datafile/10312140,L2L,Grade_A,960x1440,JPEG,CC0 1.0 Universal (public domain dedication),2026-08-05,10312140,8ed1c9f7abd3a3a48eba0fb20661f132,uyui_3711.jpg,quality digit 2 = Fine quality -> Grade_A,2743.39
A_L2L_10311885.jpg,"Tobacco leaves dataset (Virginia flue-cured, Tanzania)",https://dataverse.harvard.edu/api/access/datafile/10311885,L2L,Grade_A,960x1440,JPEG,CC0 1.0 Universal (public domain dedication),2026-08-05,10311885,169888803416fadf79cf192307fd7ac2,uyui_7094.jpg,quality digit 2 = Fine quality -> Grade_A,2318.28
A_L2L_10312202.jpg,"Tobacco leaves dataset (Virginia flue-cured, Tanzania)",https://dataverse.harvard.edu/api/access/datafile/10312202,L2L,Grade_A,960x1440,JPEG,CC0 1.0 Universal (public domain dedication),2026-08-05,10312202,7e7b9dc207224f929720e55b2a7c91c3,uyui_7213.jpg,quality digit 2 = Fine quality -> Grade_A,3279.63
A_L2L_10307593.jpg,"Tobacco leaves dataset (Virginia flue-cured, Tanzania)",https://dataverse.harvard.edu/api/access/datafile/10307593,L2L,Grade_A,960x1440,JPEG,CC0 1.0 Universal (public domain dedication),2026-08-05,10307593,8d33cc73e33928d7b1b9773b6bcef05d,kaliua_3525.jpg,quality digit 2 = Fine quality -> Grade_A,1864.59
A_L2L_10312351.jpg,"Tobacco leaves dataset (Virginia flue-cured, Tanzania)",https://dataverse.harvard.edu/api/access/datafile/10312351,L2L,Grade_A,960x1440,JPEG,CC0 1.0 Universal (public domain dedication),2026-08-05,10312351,aecacbb8bb0a2b41c9f0b2d4fa3065d4,uyui_3747.jpg,quality digit 2 = Fine quality -> Grade_A,1647.57
A_L2L_10309734.jpg,"Tobacco leaves dataset (Virginia flue-cured, Tanzania)",https://dataverse.harvard.edu/api/access/datafile/10309734,L2L,Grade_A,960x1440,JPEG,CC0 1.0 Universal (public domain dedication),2026-08-05,10309734,a093eda9f53886c816c5a91f175f1208,manispaa_10129.jpg,quality digit 2 = Fine quality -> Grade_A,2252.28
A_L2L_10312124.jpg,"Tobacco leaves dataset (Virginia flue-cured, Tanzania)",https://dataverse.harvard.edu/api/access/datafile/10312124,L2L,Grade_A,960x1440,JPEG,CC0 1.0 Universal (public domain dedication),2026-08-05,10312124,cb7584be9fc4ef599666b9689569af84,uyui_7307.jpg,quality digit 2 = Fine quality -> Grade_A,3937.86
A_L2L_10310887.jpg,"Tobacco leaves dataset (Virginia flue-cured, Tanzania)",https://dataverse.harvard.edu/api/access/datafile/10310887,L2L,Grade_A,960x1440,JPEG,CC0 1.0 Universal (public domain dedication),2026-08-05,10310887,47268d23e0cd69d5665cf45214b24da4,urambo_2317.jpg,quality digit 2 = Fine quality -> Grade_A,2407.65
A_L2L_10309373.jpg,"Tobacco leaves dataset (Virginia flue-cured, Tanzania)",https://dataverse.harvard.edu/api/access/datafile/10309373,L2L,Grade_A,960x1440,JPEG,CC0 1.0 Universal (public domain dedication),2026-08-05,10309373,2901f7a9d49d0b69e2e3a8b017f7f3e5,manispaa_3909.jpg,quality digit 2 = Fine quality -> Grade_A,1973.0
A_L2L_10310106.jpg,"Tobacco leaves dataset (Virginia flue-cured, Tanzania)",https://dataverse.harvard.edu/api/access/datafile/10310106,L2L,Grade_A,960x1440,JPEG,CC0 1.0 Universal (public domain dedication),2026-08-05,10310106,21003c3dbe5abf83db67ec4428f0c2da,manispaa_679.jpg,quality digit 2 = Fine quality -> Grade_A,2849.62
A_L2L_10310759.jpg,"Tobacco leaves dataset (Virginia flue-cured, Tanzania)",https://dataverse.harvard.edu/api/access/datafile/10310759,L2L,Grade_A,960x1440,JPEG,CC0 1.0 Universal (public domain dedication),2026-08-05,10310759,d7deae9b62d9d167f3b2fa208519644d,urambo_2224.jpg,quality digit 2 = Fine quality -> Grade_A,2957.58
A_L2L_10311307.jpg,"Tobacco leaves dataset (Virginia flue-cured, Tanzania)",https://dataverse.harvard.edu/api/access/datafile/10311307,L2L,Grade_A,960x1440,JPEG,CC0 1.0 Universal (public domain dedication),2026-08-05,10311307,847fc445c59914063588fa7bdc2e776c,uyui_13437.jpg,quality digit 2 = Fine quality -> Grade_A,2998.92
A_L2L_10310076.jpg,"Tobacco leaves dataset (Virginia flue-cured, Tanzania)",https://dataverse.harvard.edu/api/access/datafile/10310076,L2L,Grade_A,960x1440,JPEG,CC0 1.0 Universal (public domain dedication),2026-08-05,10310076,05132e6264c5fd7182b03242adab4717,urambo_2021.jpg,quality digit 2 = Fine quality -> Grade_A,2437.67
A_L2L_10308131.jpg,"Tobacco leaves dataset (Virginia flue-cured, Tanzania)",https://dataverse.harvard.edu/api/access/datafile/10308131,L2L,Grade_A,960x1440,JPEG,CC0 1.0 Universal (public domain dedication),2026-08-05,10308131,d42f62676f3f7d58559553ea60716677,kaliua_3458.jpg,quality digit 2 = Fine quality -> Grade_A,2818.07
A_L2L_10311025.jpg,"Tobacco leaves dataset (Virginia flue-cured, Tanzania)",https://dataverse.harvard.edu/api/access/datafile/10311025,L2L,Grade_A,960x1440,JPEG,CC0 1.0 Universal (public domain dedication),2026-08-05,10311025,c84cd21d35f3040fda6dc9f98f3bcb31,uyui_13362.jpg,quality digit 2 = Fine quality -> Grade_A,2952.74
A_L2L_10308175.jpg,"Tobacco leaves dataset (Virginia flue-cured, Tanzania)",https://dataverse.harvard.edu/api/access/datafile/10308175,L2L,Grade_A,960x1440,JPEG,CC0 1.0 Universal (public domain dedication),2026-08-05,10308175,68c333ae9cdad0eea9543d9aa4ca7022,kaliua_5919.jpg,quality digit 2 = Fine quality -> Grade_A,3158.82
A_L2L_10311468.jpg,"Tobacco leaves dataset (Virginia flue-cured, Tanzania)",https://dataverse.harvard.edu/api/access/datafile/10311468,L2L,Grade_A,960x1440,JPEG,CC0 1.0 Universal (public domain dedication),2026-08-05,10311468,8c2c62bd47566d529ba9d796956537fc,urambo_5348.jpg,quality digit 2 = Fine quality -> Grade_A,4582.32
A_L2L_10311742.jpg,"Tobacco leaves dataset (Virginia flue-cured, Tanzania)",https://dataverse.harvard.edu/api/access/datafile/10311742,L2L,Grade_A,960x1440,JPEG,CC0 1.0 Universal (public domain dedication),2026-08-05,10311742,00a891e26abf04b9a9bda39c58c8c8a2,uyui_13113.jpg,quality digit 2 = Fine quality -> Grade_A,2467.73
A_L2L_10307868.jpg,"Tobacco leaves dataset (Virginia flue-cured, Tanzania)",https://dataverse.harvard.edu/api/access/datafile/10307868,L2L,Grade_A,960x1440,JPEG,CC0 1.0 Universal (public domain dedication),2026-08-05,10307868,ce988a249db2f7202085c7ee5628925a,kaliua_8465.jpg,quality digit 2 = Fine quality -> Grade_A,3211.11
A_L2L_10310629.jpg,"Tobacco leaves dataset (Virginia flue-cured, Tanzania)",https://dataverse.harvard.edu/api/access/datafile/10310629,L2L,Grade_A,960x1440,JPEG,CC0 1.0 Universal (public domain dedication),2026-08-05,10310629,58a9899655bdd2d7966094152068cc15,manispaa_7139.jpg,quality digit 2 = Fine quality -> Grade_A,2376.12
A_L2L_10311537.jpg,"Tobacco leaves dataset (Virginia flue-cured, Tanzania)",https://dataverse.harvard.edu/api/access/datafile/10311537,L2L,Grade_A,960x1440,JPEG,CC0 1.0 Universal (public domain dedication),2026-08-05,10311537,bc331d261c9d4a3e0187a4b07795c6a1,uyui_10041.jpg,quality digit 2 = Fine quality -> Grade_A,2038.69
A_L2L_10309842.jpg,"Tobacco leaves dataset (Virginia flue-cured, Tanzania)",https://dataverse.harvard.edu/api/access/datafile/10309842,L2L,Grade_A,960x1440,JPEG,CC0 1.0 Universal (public domain dedication),2026-08-05,10309842,f942ce65f2423132807cf513b31b9399,manispaa_3782.jpg,quality digit 2 = Fine quality -> Grade_A,3389.22
A_L2L_10310116.jpg,"Tobacco leaves dataset (Virginia flue-cured, Tanzania)",https://dataverse.harvard.edu/api/access/datafile/10310116,L2L,Grade_A,960x1440,JPEG,CC0 1.0 Universal (public domain dedication),2026-08-05,10310116,30f601458b38cc6e9e1d5e1fa6ae2c31,urambo_2295.jpg,quality digit 2 = Fine quality -> Grade_A,2963.16
A_L2L_10309434.jpg,"Tobacco leaves dataset (Virginia flue-cured, Tanzania)",https://dataverse.harvard.edu/api/access/datafile/10309434,L2L,Grade_A,960x1440,JPEG,CC0 1.0 Universal (public domain dedication),2026-08-05,10309434,8cc7db6e572720d57102669fa998c9b9,manispaa_3886.jpg,quality digit 2 = Fine quality -> Grade_A,1943.33
A_L2L_10311256.jpg,"Tobacco leaves dataset (Virginia flue-cured, Tanzania)",https://dataverse.harvard.edu/api/access/datafile/10311256,L2L,Grade_A,960x1440,JPEG,CC0 1.0 Universal (public domain dedication),2026-08-05,10311256,c173a029f0bb7c4d4fb0893badf60879,uyui_13071.jpg,quality digit 2 = Fine quality -> Grade_A,2024.69
A_L2L_10307691.jpg,"Tobacco leaves dataset (Virginia flue-cured, Tanzania)",https://dataverse.harvard.edu/api/access/datafile/10307691,L2L,Grade_A,960x1440,JPEG,CC0 1.0 Universal (public domain dedication),2026-08-05,10307691,36196d32462d263f47f7ea9590acd434,kaliua_6086.jpg,quality digit 2 = Fine quality -> Grade_A,1517.65
A_L2L_10309849.jpg,"Tobacco leaves dataset (Virginia flue-cured, Tanzania)",https://dataverse.harvard.edu/api/access/datafile/10309849,L2L,Grade_A,960x1440,JPEG,CC0 1.0 Universal (public domain dedication),2026-08-05,10309849,11835e3f129a5f5b403bd8c7ea86cb43,manispaa_10398.jpg,quality digit 2 = Fine quality -> Grade_A,2272.62
A_L2L_10310544.jpg,"Tobacco leaves dataset (Virginia flue-cured, Tanzania)",https://dataverse.harvard.edu/api/access/datafile/10310544,L2L,Grade_A,960x1440,JPEG,CC0 1.0 Universal (public domain dedication),2026-08-05,10310544,f49bf1b3988ebeedac9a4f10f612a065,manispaa_7421.jpg,quality digit 2 = Fine quality -> Grade_A,1775.7
A_L2L_10311549.jpg,"Tobacco leaves dataset (Virginia flue-cured, Tanzania)",https://dataverse.harvard.edu/api/access/datafile/10311549,L2L,Grade_A,960x1440,JPEG,CC0 1.0 Universal (public domain dedication),2026-08-05,10311549,f478df2eec231e359d27e2855910d61e,urambo_5284.jpg,quality digit 2 = Fine quality -> Grade_A,4628.86
A_L2L_10311929.jpg,"Tobacco leaves dataset (Virginia flue-cured, Tanzania)",https://dataverse.harvard.edu/api/access/datafile/10311929,L2L,Grade_A,960x1440,JPEG,CC0 1.0 Universal (public domain dedication),2026-08-05,10311929,f65117db4470a5c9506ef0307a20290f,uyui_13533.jpg,quality digit 2 = Fine quality -> Grade_A,3879.51
A_L2L_10307990.jpg,"Tobacco leaves dataset (Virginia flue-cured, Tanzania)",https://dataverse.harvard.edu/api/access/datafile/10307990,L2L,Grade_A,960x1440,JPEG,CC0 1.0 Universal (public domain dedication),2026-08-05,10307990,dd28a6a45be8d3386216337883db5a81,kaliua_337.jpg,quality digit 2 = Fine quality -> Grade_A,2849.93
A_L2L_10309112.jpg,"Tobacco leaves dataset (Virginia flue-cured, Tanzania)",https://dataverse.harvard.edu/api/access/datafile/10309112,L2L,Grade_A,960x1440,JPEG,CC0 1.0 Universal (public domain dedication),2026-08-05,10309112,bba3ad2f89ef1ae36429bfb9133b30cd,manispaa_4000.jpg,quality digit 2 = Fine quality -> Grade_A,2030.69
A_L2L_10312429.jpg,"Tobacco leaves dataset (Virginia flue-cured, Tanzania)",https://dataverse.harvard.edu/api/access/datafile/10312429,L2L,Grade_A,960x1440,JPEG,CC0 1.0 Universal (public domain dedication),2026-08-05,10312429,8b4f2b6cbc43467b2b204e619407051b,uyui_7184.jpg,quality digit 2 = Fine quality -> Grade_A,2623.49
A_L2L_10309768.jpg,"Tobacco leaves dataset (Virginia flue-cured, Tanzania)",https://dataverse.harvard.edu/api/access/datafile/10309768,L2L,Grade_A,960x1440,JPEG,CC0 1.0 Universal (public domain dedication),2026-08-05,10309768,75ad52e42d7d97ce36a923d4151022a4,manispaa_3678.jpg,quality digit 2 = Fine quality -> Grade_A,3217.4
A_L2L_10308360.jpg,"Tobacco leaves dataset (Virginia flue-cured, Tanzania)",https://dataverse.harvard.edu/api/access/datafile/10308360,L2L,Grade_A,960x1440,JPEG,CC0 1.0 Universal (public domain dedication),2026-08-05,10308360,a400f4ba7afb2bf10c52883f2951b340,kaliua_3499.jpg,quality digit 2 = Fine quality -> Grade_A,1844.96
A_L2L_10307556.jpg,"Tobacco leaves dataset (Virginia flue-cured, Tanzania)",https://dataverse.harvard.edu/api/access/datafile/10307556,L2L,Grade_A,960x1440,JPEG,CC0 1.0 Universal (public domain dedication),2026-08-05,10307556,882b533efc2d1bf7b683ac8f305e6d66,kaliua_8443.jpg,quality digit 2 = Fine quality -> Grade_A,3262.85
A_L2L_10311529.jpg,"Tobacco leaves dataset (Virginia flue-cured, Tanzania)",https://dataverse.harvard.edu/api/access/datafile/10311529,L2L,Grade_A,960x1440,JPEG,CC0 1.0 Universal (public domain dedication),2026-08-05,10311529,4774324cbe5c78d52286058017df606c,urambo_5275.jpg,quality digit 2 = Fine quality -> Grade_A,4566.34
A_L2L_10308255.jpg,"Tobacco leaves dataset (Virginia flue-cured, Tanzania)",https://dataverse.harvard.edu/api/access/datafile/10308255,L2L,Grade_A,960x1440,JPEG,CC0 1.0 Universal (public domain dedication),2026-08-05,10308255,6811b8912f7d07ce291bb4cb064e9c65,kaliua_3477.jpg,quality digit 2 = Fine quality -> Grade_A,2080.1
A_L2L_10311968.jpg,"Tobacco leaves dataset (Virginia flue-cured, Tanzania)",https://dataverse.harvard.edu/api/access/datafile/10311968,L2L,Grade_A,960x1440,JPEG,CC0 1.0 Universal (public domain dedication),2026-08-05,10311968,5fc45b7f355f70bf1f47af844b6af5f4,uyui_7000.jpg,quality digit 2 = Fine quality -> Grade_A,1963.39
A_L2L_10309183.jpg,"Tobacco leaves dataset (Virginia flue-cured, Tanzania)",https://dataverse.harvard.edu/api/access/datafile/10309183,L2L,Grade_A,960x1440,JPEG,CC0 1.0 Universal (public domain dedication),2026-08-05,10309183,a3ca78e005ca6718a165ffb6c37dd0de,manispaa_10270.jpg,quality digit 2 = Fine quality -> Grade_A,2465.36
A_L2L_10312879.jpg,"Tobacco leaves dataset (Virginia flue-cured, Tanzania)",https://dataverse.harvard.edu/api/access/datafile/10312879,L2L,Grade_A,960x1440,JPEG,CC0 1.0 Universal (public domain dedication),2026-08-05,10312879,b1e54755770a1aa33d47737ad012591f,uyui_9824.jpg,quality digit 2 = Fine quality -> Grade_A,2823.18
A_L2L_10312449.jpg,"Tobacco leaves dataset (Virginia flue-cured, Tanzania)",https://dataverse.harvard.edu/api/access/datafile/10312449,L2L,Grade_A,960x1440,JPEG,CC0 1.0 Universal (public domain dedication),2026-08-05,10312449,76c36bc0e94476045e7139d712f2f153,uyui_7048.jpg,quality digit 2 = Fine quality -> Grade_A,1453.11
A_L2L_10310837.jpg,"Tobacco leaves dataset (Virginia flue-cured, Tanzania)",https://dataverse.harvard.edu/api/access/datafile/10310837,L2L,Grade_A,960x1440,JPEG,CC0 1.0 Universal (public domain dedication),2026-08-05,10310837,b774f7bc65bc0719e3748c13e34112a5,manispaa_638.jpg,quality digit 2 = Fine quality -> Grade_A,1853.09
A_L2L_10309592.jpg,"Tobacco leaves dataset (Virginia flue-cured, Tanzania)",https://dataverse.harvard.edu/api/access/datafile/10309592,L2L,Grade_A,960x1440,JPEG,CC0 1.0 Universal (public domain dedication),2026-08-05,10309592,d7c96dd3732e5b1fa29fcd82d271d67a,manispaa_3790.jpg,quality digit 2 = Fine quality -> Grade_A,3776.48
A_L2L_10312706.jpg,"Tobacco leaves dataset (Virginia flue-cured, Tanzania)",https://dataverse.harvard.edu/api/access/datafile/10312706,L2L,Grade_A,960x1440,JPEG,CC0 1.0 Universal (public domain dedication),2026-08-05,10312706,80592e3e36440f5b7365b21869c70778,uyui_7263.jpg,quality digit 2 = Fine quality -> Grade_A,4083.16
A_L2L_10311768.jpg,"Tobacco leaves dataset (Virginia flue-cured, Tanzania)",https://dataverse.harvard.edu/api/access/datafile/10311768,L2L,Grade_A,960x1440,JPEG,CC0 1.0 Universal (public domain dedication),2026-08-05,10311768,0d43135b2484d2daf8c8dc391c2fd8a5,urambo_5369.jpg,quality digit 2 = Fine quality -> Grade_A,4197.83
A_L2L_10310977.jpg,"Tobacco leaves dataset (Virginia flue-cured, Tanzania)",https://dataverse.harvard.edu/api/access/datafile/10310977,L2L,Grade_A,960x1440,JPEG,CC0 1.0 Universal (public domain dedication),2026-08-05,10310977,be1c7d2f245a57e2043f72f2ed20c37b,uyui_13503.jpg,quality digit 2 = Fine quality -> Grade_A,3209.81
A_L2L_10307908.jpg,"Tobacco leaves dataset (Virginia flue-cured, Tanzania)",https://dataverse.harvard.edu/api/access/datafile/10307908,L2L,Grade_A,960x1440,JPEG,CC0 1.0 Universal (public domain dedication),2026-08-05,10307908,92bd164fb1cdc7a687e24db1c77ade55,kaliua_390.jpg,quality digit 2 = Fine quality -> Grade_A,3373.96
A_L2L_10311136.jpg,"Tobacco leaves dataset (Virginia flue-cured, Tanzania)",https://dataverse.harvard.edu/api/access/datafile/10311136,L2L,Grade_A,960x1440,JPEG,CC0 1.0 Universal (public domain dedication),2026-08-05,10311136,e613dd39d1c58106fb05b04204dec3e7,urambo_5382.jpg,quality digit 2 = Fine quality -> Grade_A,6897.48
A_L2L_10310606.jpg,"Tobacco leaves dataset (Virginia flue-cured, Tanzania)",https://dataverse.harvard.edu/api/access/datafile/10310606,L2L,Grade_A,960x1440,JPEG,CC0 1.0 Universal (public domain dedication),2026-08-05,10310606,ce92d3dabcc9716e5d9ddb81822652fa,urambo_2223.jpg,quality digit 2 = Fine quality -> Grade_A,2665.43
A_L2L_10307805.jpg,"Tobacco leaves dataset (Virginia flue-cured, Tanzania)",https://dataverse.harvard.edu/api/access/datafile/10307805,L2L,Grade_A,960x1440,JPEG,CC0 1.0 Universal (public domain dedication),2026-08-05,10307805,1c0c1ba99c324e363b8b60710ae39691,kaliua_3369.jpg,quality digit 2 = Fine quality -> Grade_A,2444.18
A_L2L_10307907.jpg,"Tobacco leaves dataset (Virginia flue-cured, Tanzania)",https://dataverse.harvard.edu/api/access/datafile/10307907,L2L,Grade_A,960x1440,JPEG,CC0 1.0 Universal (public domain dedication),2026-08-05,10307907,e07382a9c602df4a57b351c9591e53b8,kaliua_5853.jpg,quality digit 2 = Fine quality -> Grade_A,3076.34
A_L2L_10307723.jpg,"Tobacco leaves dataset (Virginia flue-cured, Tanzania)",https://dataverse.harvard.edu/api/access/datafile/10307723,L2L,Grade_A,960x1440,JPEG,CC0 1.0 Universal (public domain dedication),2026-08-05,10307723,ed1ee315392155da586b5cc6874fd4fd,kaliua_8428.jpg,quality digit 2 = Fine quality -> Grade_A,2804.61
A_L2L_10307808.jpg,"Tobacco leaves dataset (Virginia flue-cured, Tanzania)",https://dataverse.harvard.edu/api/access/datafile/10307808,L2L,Grade_A,960x1440,JPEG,CC0 1.0 Universal (public domain dedication),2026-08-05,10307808,124b678484fc337f2dd709e2d6639b03,kaliua_5893.jpg,quality digit 2 = Fine quality -> Grade_A,2749.27
A_L2L_10309245.jpg,"Tobacco leaves dataset (Virginia flue-cured, Tanzania)",https://dataverse.harvard.edu/api/access/datafile/10309245,L2L,Grade_A,960x1440,JPEG,CC0 1.0 Universal (public domain dedication),2026-08-05,10309245,d50519f4a1aef884eee7cd30520254ae,manispaa_3767.jpg,quality digit 2 = Fine quality -> Grade_A,3442.48
A_L2L_10311574.jpg,"Tobacco leaves dataset (Virginia flue-cured, Tanzania)",https://dataverse.harvard.edu/api/access/datafile/10311574,L2L,Grade_A,960x1440,JPEG,CC0 1.0 Universal (public domain dedication),2026-08-05,10311574,b6240b39e7bf9659b8f4288c1384d478,uyui_13311.jpg,quality digit 2 = Fine quality -> Grade_A,2693.23
A_L2L_10312685.jpg,"Tobacco leaves dataset (Virginia flue-cured, Tanzania)",https://dataverse.harvard.edu/api/access/datafile/10312685,L2L,Grade_A,960x1440,JPEG,CC0 1.0 Universal (public domain dedication),2026-08-05,10312685,8ac17931bb1b8cc77b5ee86352e18bc7,uyui_7004.jpg,quality digit 2 = Fine quality -> Grade_A,1925.67
A_L2L_10310835.jpg,"Tobacco leaves dataset (Virginia flue-cured, Tanzania)",https://dataverse.harvard.edu/api/access/datafile/10310835,L2L,Grade_A,960x1440,JPEG,CC0 1.0 Universal (public domain dedication),2026-08-05,10310835,b04323b6898a9a4afca222cf887c3148,manispaa_629.jpg,quality digit 2 = Fine quality -> Grade_A,2204.19
A_L2L_10312186.jpg,"Tobacco leaves dataset (Virginia flue-cured, Tanzania)",https://dataverse.harvard.edu/api/access/datafile/10312186,L2L,Grade_A,960x1440,JPEG,CC0 1.0 Universal (public domain dedication),2026-08-05,10312186,f51076dd75f686a99d9f5e999e7229ee,uyui_7317.jpg,quality digit 2 = Fine quality -> Grade_A,3334.74
A_L2L_10310021.jpg,"Tobacco leaves dataset (Virginia flue-cured, Tanzania)",https://dataverse.harvard.edu/api/access/datafile/10310021,L2L,Grade_A,960x1440,JPEG,CC0 1.0 Universal (public domain dedication),2026-08-05,10310021,24ffc54dd6d4f639fdcf0df09e8fa07d,manispaa_3829.jpg,quality digit 2 = Fine quality -> Grade_A,1996.18
A_L2L_10311260.jpg,"Tobacco leaves dataset (Virginia flue-cured, Tanzania)",https://dataverse.harvard.edu/api/access/datafile/10311260,L2L,Grade_A,960x1440,JPEG,CC0 1.0 Universal (public domain dedication),2026-08-05,10311260,5dba3649794e9aa950466a2e3ca7918c,uyui_13243.jpg,quality digit 2 = Fine quality -> Grade_A,2410.25
A_L2L_10312080.jpg,"Tobacco leaves dataset (Virginia flue-cured, Tanzania)",https://dataverse.harvard.edu/api/access/datafile/10312080,L2L,Grade_A,960x1440,JPEG,CC0 1.0 Universal (public domain dedication),2026-08-05,10312080,d1ca0cd45708f6b24dc8c19b6d6d4408,uyui_665.jpg,quality digit 2 = Fine quality -> Grade_A,1738.73
A_L2L_10307577.jpg,"Tobacco leaves dataset (Virginia flue-cured, Tanzania)",https://dataverse.harvard.edu/api/access/datafile/10307577,L2L,Grade_A,960x1440,JPEG,CC0 1.0 Universal (public domain dedication),2026-08-05,10307577,4f4922215425bab74e4fa8f8a818dc81,kaliua_6029.jpg,quality digit 2 = Fine quality -> Grade_A,2556.95
A_L2L_10311114.jpg,"Tobacco leaves dataset (Virginia flue-cured, Tanzania)",https://dataverse.harvard.edu/api/access/datafile/10311114,L2L,Grade_A,960x1440,JPEG,CC0 1.0 Universal (public domain dedication),2026-08-05,10311114,00468a3469ff5532c73ed1780600a9be,uyui_13158.jpg,quality digit 2 = Fine quality -> Grade_A,2896.19
A_L2L_10310018.jpg,"Tobacco leaves dataset (Virginia flue-cured, Tanzania)",https://dataverse.harvard.edu/api/access/datafile/10310018,L2L,Grade_A,960x1440,JPEG,CC0 1.0 Universal (public domain dedication),2026-08-05,10310018,8c6039f3c26290573be90307a9f85044,manispaa_3859.jpg,quality digit 2 = Fine quality -> Grade_A,2144.16
A_L2L_10312480.jpg,"Tobacco leaves dataset (Virginia flue-cured, Tanzania)",https://dataverse.harvard.edu/api/access/datafile/10312480,L2L,Grade_A,960x1440,JPEG,CC0 1.0 Universal (public domain dedication),2026-08-05,10312480,2ec52e482c5fe4b1cc3ccf48407dd42d,uyui_7310.jpg,quality digit 2 = Fine quality -> Grade_A,3849.52
A_L2L_10309090.jpg,"Tobacco leaves dataset (Virginia flue-cured, Tanzania)",https://dataverse.harvard.edu/api/access/datafile/10309090,L2L,Grade_A,960x1440,JPEG,CC0 1.0 Universal (public domain dedication),2026-08-05,10309090,625b78fd2e6eae9ee2409d68d27c5a42,manispaa_3957.jpg,quality digit 2 = Fine quality -> Grade_A,2056.38
A_L2L_10312527.jpg,"Tobacco leaves dataset (Virginia flue-cured, Tanzania)",https://dataverse.harvard.edu/api/access/datafile/10312527,L2L,Grade_A,960x1440,JPEG,CC0 1.0 Universal (public domain dedication),2026-08-05,10312527,e11a90e1d5c232447bbe305f48c9a24a,uyui_7208.jpg,quality digit 2 = Fine quality -> Grade_A,3299.72
A_L2L_10312167.jpg,"Tobacco leaves dataset (Virginia flue-cured, Tanzania)",https://dataverse.harvard.edu/api/access/datafile/10312167,L2L,Grade_A,960x1440,JPEG,CC0 1.0 Universal (public domain dedication),2026-08-05,10312167,99f44b56fe3ec9a42d7ded1a014ee684,uyui_7066.jpg,quality digit 2 = Fine quality -> Grade_A,1698.89
A_L2L_10309443.jpg,"Tobacco leaves dataset (Virginia flue-cured, Tanzania)",https://dataverse.harvard.edu/api/access/datafile/10309443,L2L,Grade_A,960x1440,JPEG,CC0 1.0 Universal (public domain dedication),2026-08-05,10309443,ff593adf28bab4efb2f2394a777a1bde,manispaa_10373.jpg,quality digit 2 = Fine quality -> Grade_A,2253.87
A_L2L_10311386.jpg,"Tobacco leaves dataset (Virginia flue-cured, Tanzania)",https://dataverse.harvard.edu/api/access/datafile/10311386,L2L,Grade_A,960x1440,JPEG,CC0 1.0 Universal (public domain dedication),2026-08-05,10311386,862ad7cdbc0e17ee20117abde8267370,uyui_13492.jpg,quality digit 2 = Fine quality -> Grade_A,3239.71
A_L2L_10309718.jpg,"Tobacco leaves dataset (Virginia flue-cured, Tanzania)",https://dataverse.harvard.edu/api/access/datafile/10309718,L2L,Grade_A,960x1440,JPEG,CC0 1.0 Universal (public domain dedication),2026-08-05,10309718,ab81109c396f18bb6fb9cb0ded2087b4,manispaa_10152.jpg,quality digit 2 = Fine quality -> Grade_A,2150.89
A_L2L_10309771.jpg,"Tobacco leaves dataset (Virginia flue-cured, Tanzania)",https://dataverse.harvard.edu/api/access/datafile/10309771,L2L,Grade_A,960x1440,JPEG,CC0 1.0 Universal (public domain dedication),2026-08-05,10309771,136501af067310ed542e454b5441d233,manispaa_3665.jpg,quality digit 2 = Fine quality -> Grade_A,3156.27
A_L2L_10311186.jpg,"Tobacco leaves dataset (Virginia flue-cured, Tanzania)",https://dataverse.harvard.edu/api/access/datafile/10311186,L2L,Grade_A,960x1440,JPEG,CC0 1.0 Universal (public domain dedication),2026-08-05,10311186,47d4d083a9b75c331511fb93f3c938da,uyui_13383.jpg,quality digit 2 = Fine quality -> Grade_A,2805.82
A_L2L_10310061.jpg,"Tobacco leaves dataset (Virginia flue-cured, Tanzania)",https://dataverse.harvard.edu/api/access/datafile/10310061,L2L,Grade_A,960x1440,JPEG,CC0 1.0 Universal (public domain dedication),2026-08-05,10310061,844a0dd7f6f39feb925531cc9da4d445,urambo_2066.jpg,quality digit 2 = Fine quality -> Grade_A,2859.33
A_L2L_10312424.jpg,"Tobacco leaves dataset (Virginia flue-cured, Tanzania)",https://dataverse.harvard.edu/api/access/datafile/10312424,L2L,Grade_A,960x1440,JPEG,CC0 1.0 Universal (public domain dedication),2026-08-05,10312424,946188c0a720791c7d3860af11f10d58,uyui_3677.jpg,quality digit 2 = Fine quality -> Grade_A,2856.85
A_L2L_10312798.jpg,"Tobacco leaves dataset (Virginia flue-cured, Tanzania)",https://dataverse.harvard.edu/api/access/datafile/10312798,L2L,Grade_A,960x1440,JPEG,CC0 1.0 Universal (public domain dedication),2026-08-05,10312798,6f942d2ec476c2b4ba476eaefb959e7d,uyui_9912.jpg,quality digit 2 = Fine quality -> Grade_A,2649.95
A_L2L_10311483.jpg,"Tobacco leaves dataset (Virginia flue-cured, Tanzania)",https://dataverse.harvard.edu/api/access/datafile/10311483,L2L,Grade_A,960x1440,JPEG,CC0 1.0 Universal (public domain dedication),2026-08-05,10311483,1cb84afff0420de599da77ed3614dc1a,uyui_13476.jpg,quality digit 2 = Fine quality -> Grade_A,2652.81
A_L2L_10310229.jpg,"Tobacco leaves dataset (Virginia flue-cured, Tanzania)",https://dataverse.harvard.edu/api/access/datafile/10310229,L2L,Grade_A,960x1440,JPEG,CC0 1.0 Universal (public domain dedication),2026-08-05,10310229,d1fabc815a509965c627eb4fc96a1f92,urambo_2243.jpg,quality digit 2 = Fine quality -> Grade_A,2377.56
A_L2L_10311902.jpg,"Tobacco leaves dataset (Virginia flue-cured, Tanzania)",https://dataverse.harvard.edu/api/access/datafile/10311902,L2L,Grade_A,960x1440,JPEG,CC0 1.0 Universal (public domain dedication),2026-08-05,10311902,f3923dff8ac544a689d151089c37f6a5,uyui_7397.jpg,quality digit 2 = Fine quality -> Grade_A,3762.46
A_L2L_10312986.jpg,"Tobacco leaves dataset (Virginia flue-cured, Tanzania)",https://dataverse.harvard.edu/api/access/datafile/10312986,L2L,Grade_A,960x1440,JPEG,CC0 1.0 Universal (public domain dedication),2026-08-05,10312986,afe9cabfb004ef0fe728d5a60aa9e7fa,uyui_7507.jpg,quality digit 2 = Fine quality -> Grade_A,3449.18
A_L2L_10312707.jpg,"Tobacco leaves dataset (Virginia flue-cured, Tanzania)",https://dataverse.harvard.edu/api/access/datafile/10312707,L2L,Grade_A,960x1440,JPEG,CC0 1.0 Universal (public domain dedication),2026-08-05,10312707,a4425c3c1bcaed981893c680f1cf33e1,uyui_7065.jpg,quality digit 2 = Fine quality -> Grade_A,1312.15
A_L2L_10312379.jpg,"Tobacco leaves dataset (Virginia flue-cured, Tanzania)",https://dataverse.harvard.edu/api/access/datafile/10312379,L2L,Grade_A,960x1440,JPEG,CC0 1.0 Universal (public domain dedication),2026-08-05,10312379,abdca9a02cbd5397ca8f5c1c2d25663a,uyui_3744.jpg,quality digit 2 = Fine quality -> Grade_A,1356.15
A_L2O_10314863.jpg,"Tobacco leaves dataset (Virginia flue-cured, Tanzania)",https://dataverse.harvard.edu/api/access/datafile/10314863,L2O,Grade_A,960x1440,JPEG,CC0 1.0 Universal (public domain dedication),2026-08-05,10314863,9207c3c47f3fd79041aef43c037a1e68,urambo_5489.jpg,quality digit 2 = Fine quality -> Grade_A,5937.49
A_L2O_10314826.jpg,"Tobacco leaves dataset (Virginia flue-cured, Tanzania)",https://dataverse.harvard.edu/api/access/datafile/10314826,L2O,Grade_A,960x1440,JPEG,CC0 1.0 Universal (public domain dedication),2026-08-05,10314826,3a025aac9dc50c9102a8539e4d8bc5ec,kaliua_8583.jpg,quality digit 2 = Fine quality -> Grade_A,2570.3
A_L2O_10314601.jpg,"Tobacco leaves dataset (Virginia flue-cured, Tanzania)",https://dataverse.harvard.edu/api/access/datafile/10314601,L2O,Grade_A,960x1440,JPEG,CC0 1.0 Universal (public domain dedication),2026-08-05,10314601,1abe475a4afc082a13d684040e17ee2d,manispaa_7698.jpg,quality digit 2 = Fine quality -> Grade_A,2523.26
A_L2O_10314942.jpg,"Tobacco leaves dataset (Virginia flue-cured, Tanzania)",https://dataverse.harvard.edu/api/access/datafile/10314942,L2O,Grade_A,960x1440,JPEG,CC0 1.0 Universal (public domain dedication),2026-08-05,10314942,b0065b2fb774349c2956506f39c625e1,uyui_7783.jpg,quality digit 2 = Fine quality -> Grade_A,3020.15
A_L2O_10315701.jpg,"Tobacco leaves dataset (Virginia flue-cured, Tanzania)",https://dataverse.harvard.edu/api/access/datafile/10315701,L2O,Grade_A,960x1440,JPEG,CC0 1.0 Universal (public domain dedication),2026-08-05,10315701,81309adcb10819a3fb10f4207acc8690,uyui_759.jpg,quality digit 2 = Fine quality -> Grade_A,1647.42
A_L2O_10313765.jpg,"Tobacco leaves dataset (Virginia flue-cured, Tanzania)",https://dataverse.harvard.edu/api/access/datafile/10313765,L2O,Grade_A,960x1440,JPEG,CC0 1.0 Universal (public domain dedication),2026-08-05,10313765,2e10dea6bc7c1e194f3005904c3f582e,kaliua_3583.jpg,quality digit 2 = Fine quality -> Grade_A,2836.3
A_L2O_10315634.jpg,"Tobacco leaves dataset (Virginia flue-cured, Tanzania)",https://dataverse.harvard.edu/api/access/datafile/10315634,L2O,Grade_A,960x1440,JPEG,CC0 1.0 Universal (public domain dedication),2026-08-05,10315634,c9a8abf00494d2814a6d65bc8cf80fef,uyui_13633.jpg,quality digit 2 = Fine quality -> Grade_A,2074.64
A_L2O_10313986.jpg,"Tobacco leaves dataset (Virginia flue-cured, Tanzania)",https://dataverse.harvard.edu/api/access/datafile/10313986,L2O,Grade_A,960x1440,JPEG,CC0 1.0 Universal (public domain dedication),2026-08-05,10313986,a3acf3c7da1dcec3b3ccaf3cfc2e06d7,kaliua_11093.jpg,quality digit 2 = Fine quality -> Grade_A,2466.43
A_L2O_10315015.jpg,"Tobacco leaves dataset (Virginia flue-cured, Tanzania)",https://dataverse.harvard.edu/api/access/datafile/10315015,L2O,Grade_A,960x1440,JPEG,CC0 1.0 Universal (public domain dedication),2026-08-05,10315015,d76e180ad11b3d9953ea6ecc88467b0e,uyui_3941.jpg,quality digit 2 = Fine quality -> Grade_A,2733.81
A_L2O_10313641.jpg,"Tobacco leaves dataset (Virginia flue-cured, Tanzania)",https://dataverse.harvard.edu/api/access/datafile/10313641,L2O,Grade_A,960x1440,JPEG,CC0 1.0 Universal (public domain dedication),2026-08-05,10313641,48c05e7824c7bbd4e9c3a953cd2241b3,kaliua_3625.jpg,quality digit 2 = Fine quality -> Grade_A,2008.26
A_L2O_10314078.jpg,"Tobacco leaves dataset (Virginia flue-cured, Tanzania)",https://dataverse.harvard.edu/api/access/datafile/10314078,L2O,Grade_A,960x1440,JPEG,CC0 1.0 Universal (public domain dedication),2026-08-05,10314078,c8007f159a3a4d390777f4dc550ee1ef,kaliua_6564.jpg,quality digit 2 = Fine quality -> Grade_A,3480.57
A_L2O_10314830.jpg,"Tobacco leaves dataset (Virginia flue-cured, Tanzania)",https://dataverse.harvard.edu/api/access/datafile/10314830,L2O,Grade_A,960x1440,JPEG,CC0 1.0 Universal (public domain dedication),2026-08-05,10314830,f03f6b3db0b955c2787885aca2c94af5,manispaa_12869.jpg,quality digit 2 = Fine quality -> Grade_A,2248.16
A_L2O_10313901.jpg,"Tobacco leaves dataset (Virginia flue-cured, Tanzania)",https://dataverse.harvard.edu/api/access/datafile/10313901,L2O,Grade_A,960x1440,JPEG,CC0 1.0 Universal (public domain dedication),2026-08-05,10313901,50948bf632b801885b47c0686e5c84c5,kaliua_11300.jpg,quality digit 2 = Fine quality -> Grade_A,2545.17
A_L2O_10313535.jpg,"Tobacco leaves dataset (Virginia flue-cured, Tanzania)",https://dataverse.harvard.edu/api/access/datafile/10313535,L2O,Grade_A,960x1440,JPEG,CC0 1.0 Universal (public domain dedication),2026-08-05,10313535,18290593b174a2ea38f3c050906dcb90,kaliua_6505.jpg,quality digit 2 = Fine quality -> Grade_A,3464.06
A_L2O_10315631.jpg,"Tobacco leaves dataset (Virginia flue-cured, Tanzania)",https://dataverse.harvard.edu/api/access/datafile/10315631,L2O,Grade_A,960x1440,JPEG,CC0 1.0 Universal (public domain dedication),2026-08-05,10315631,aebbf49a786764b62506cc8e8aae34ff,uyui_771.jpg,quality digit 2 = Fine quality -> Grade_A,1577.97
A_L2O_10313818.jpg,"Tobacco leaves dataset (Virginia flue-cured, Tanzania)",https://dataverse.harvard.edu/api/access/datafile/10313818,L2O,Grade_A,960x1440,JPEG,CC0 1.0 Universal (public domain dedication),2026-08-05,10313818,5400b358df3ddf4b31918c5dd525dc8c,kaliua_11370.jpg,quality digit 2 = Fine quality -> Grade_A,2606.38
A_L2O_10314784.jpg,"Tobacco leaves dataset (Virginia flue-cured, Tanzania)",https://dataverse.harvard.edu/api/access/datafile/10314784,L2O,Grade_A,960x1440,JPEG,CC0 1.0 Universal (public domain dedication),2026-08-05,10314784,17f58f6a55d6a35cd794ebe9a48aa718,manispaa_7604.jpg,quality digit 2 = Fine quality -> Grade_A,2433.7
A_L2O_10314873.jpg,"Tobacco leaves dataset (Virginia flue-cured, Tanzania)",https://dataverse.harvard.edu/api/access/datafile/10314873,L2O,Grade_A,960x1440,JPEG,CC0 1.0 Universal (public domain dedication),2026-08-05,10314873,aa7cebdc85f31fb4d233e93270ec78de,urambo_2371.jpg,quality digit 2 = Fine quality -> Grade_A,2531.05
A_L2O_10315425.jpg,"Tobacco leaves dataset (Virginia flue-cured, Tanzania)",https://dataverse.harvard.edu/api/access/datafile/10315425,L2O,Grade_A,960x1440,JPEG,CC0 1.0 Universal (public domain dedication),2026-08-05,10315425,35dcde4917eb647e3629867a97c96670,uyui_13671.jpg,quality digit 2 = Fine quality -> Grade_A,2269.15
A_L2O_10314605.jpg,"Tobacco leaves dataset (Virginia flue-cured, Tanzania)",https://dataverse.harvard.edu/api/access/datafile/10314605,L2O,Grade_A,960x1440,JPEG,CC0 1.0 Universal (public domain dedication),2026-08-05,10314605,bb87d525bc01a4b8aadecb823a7805e1,kaliua_8606.jpg,quality digit 2 = Fine quality -> Grade_A,2842.08
A_L2O_10315224.jpg,"Tobacco leaves dataset (Virginia flue-cured, Tanzania)",https://dataverse.harvard.edu/api/access/datafile/10315224,L2O,Grade_A,960x1440,JPEG,CC0 1.0 Universal (public domain dedication),2026-08-05,10315224,2459adf7b1b18392631220f8cbf1a181,uyui_918.jpg,quality digit 2 = Fine quality -> Grade_A,2094.16
A_L2O_10313537.jpg,"Tobacco leaves dataset (Virginia flue-cured, Tanzania)",https://dataverse.harvard.edu/api/access/datafile/10313537,L2O,Grade_A,960x1440,JPEG,CC0 1.0 Universal (public domain dedication),2026-08-05,10313537,e7ac4286d5b02b036f6ff1941d7a263a,kaliua_10965.jpg,quality digit 2 = Fine quality -> Grade_A,2207.76
A_L2O_10313275.jpg,"Tobacco leaves dataset (Virginia flue-cured, Tanzania)",https://dataverse.harvard.edu/api/access/datafile/10313275,L2O,Grade_A,960x1440,JPEG,CC0 1.0 Universal (public domain dedication),2026-08-05,10313275,1157bc528796ff1604e98aece8cf7509,kaliua_6300.jpg,quality digit 2 = Fine quality -> Grade_A,3317.61
A_L2O_10314113.jpg,"Tobacco leaves dataset (Virginia flue-cured, Tanzania)",https://dataverse.harvard.edu/api/access/datafile/10314113,L2O,Grade_A,960x1440,JPEG,CC0 1.0 Universal (public domain dedication),2026-08-05,10314113,29c083dd68ae1f98cb158df4bc126919,urambo_2360.jpg,quality digit 2 = Fine quality -> Grade_A,2997.14
A_L2O_10315049.jpg,"Tobacco leaves dataset (Virginia flue-cured, Tanzania)",https://dataverse.harvard.edu/api/access/datafile/10315049,L2O,Grade_A,960x1440,JPEG,CC0 1.0 Universal (public domain dedication),2026-08-05,10315049,3e37cc7df1cf8918cba242ae78e5e5db,uyui_13702.jpg,quality digit 2 = Fine quality -> Grade_A,3079.04
A_L2O_10315490.jpg,"Tobacco leaves dataset (Virginia flue-cured, Tanzania)",https://dataverse.harvard.edu/api/access/datafile/10315490,L2O,Grade_A,960x1440,JPEG,CC0 1.0 Universal (public domain dedication),2026-08-05,10315490,b02a57690810fcc15739529b324f45d4,uyui_13789.jpg,quality digit 2 = Fine quality -> Grade_A,3426.5
A_L2O_10315436.jpg,"Tobacco leaves dataset (Virginia flue-cured, Tanzania)",https://dataverse.harvard.edu/api/access/datafile/10315436,L2O,Grade_A,960x1440,JPEG,CC0 1.0 Universal (public domain dedication),2026-08-05,10315436,f10b546f6f4a17f92125d6e25a9470fd,uyui_13806.jpg,quality digit 2 = Fine quality -> Grade_A,3363.31
A_L2O_10315210.jpg,"Tobacco leaves dataset (Virginia flue-cured, Tanzania)",https://dataverse.harvard.edu/api/access/datafile/10315210,L2O,Grade_A,960x1440,JPEG,CC0 1.0 Universal (public domain dedication),2026-08-05,10315210,d0432daa4ce47df1add43dda7ef14d66,uyui_13655.jpg,quality digit 2 = Fine quality -> Grade_A,2973.67
A_L2O_10315680.jpg,"Tobacco leaves dataset (Virginia flue-cured, Tanzania)",https://dataverse.harvard.edu/api/access/datafile/10315680,L2O,Grade_A,960x1440,JPEG,CC0 1.0 Universal (public domain dedication),2026-08-05,10315680,000c99ea2a36f8c31835871967dee98c,uyui_3959.jpg,quality digit 2 = Fine quality -> Grade_A,1869.08
A_L2O_10315217.jpg,"Tobacco leaves dataset (Virginia flue-cured, Tanzania)",https://dataverse.harvard.edu/api/access/datafile/10315217,L2O,Grade_A,960x1440,JPEG,CC0 1.0 Universal (public domain dedication),2026-08-05,10315217,12528e4dcc5ff3b2ca8f9daf93828357,uyui_13714.jpg,quality digit 2 = Fine quality -> Grade_A,2273.83
A_L2O_10313321.jpg,"Tobacco leaves dataset (Virginia flue-cured, Tanzania)",https://dataverse.harvard.edu/api/access/datafile/10313321,L2O,Grade_A,960x1440,JPEG,CC0 1.0 Universal (public domain dedication),2026-08-05,10313321,c37103f8c0974f80aab3515d0379a902,kaliua_11273.jpg,quality digit 2 = Fine quality -> Grade_A,2115.4
A_L2O_10315089.jpg,"Tobacco leaves dataset (Virginia flue-cured, Tanzania)",https://dataverse.harvard.edu/api/access/datafile/10315089,L2O,Grade_A,960x1440,JPEG,CC0 1.0 Universal (public domain dedication),2026-08-05,10315089,6616398bd3db5adb4b16c59cdf937595,uyui_13697.jpg,quality digit 2 = Fine quality -> Grade_A,2006.19
A_L2O_10314495.jpg,"Tobacco leaves dataset (Virginia flue-cured, Tanzania)",https://dataverse.harvard.edu/api/access/datafile/10314495,L2O,Grade_A,960x1440,JPEG,CC0 1.0 Universal (public domain dedication),2026-08-05,10314495,787f7fdb82e04905e4c4f5d933dabd82,urambo_5443.jpg,quality digit 2 = Fine quality -> Grade_A,5268.12
A_L2O_10314857.jpg,"Tobacco leaves dataset (Virginia flue-cured, Tanzania)",https://dataverse.harvard.edu/api/access/datafile/10314857,L2O,Grade_A,960x1440,JPEG,CC0 1.0 Universal (public domain dedication),2026-08-05,10314857,ad99d9bde3b607a5f8121761face0e47,kaliua_8585.jpg,quality digit 2 = Fine quality -> Grade_A,3339.96
A_L2O_10314649.jpg,"Tobacco leaves dataset (Virginia flue-cured, Tanzania)",https://dataverse.harvard.edu/api/access/datafile/10314649,L2O,Grade_A,960x1440,JPEG,CC0 1.0 Universal (public domain dedication),2026-08-05,10314649,4d8e08b69855f83da6dbf6dd7381549e,urambo_5465.jpg,quality digit 2 = Fine quality -> Grade_A,5721.82
A_L2O_10313605.jpg,"Tobacco leaves dataset (Virginia flue-cured, Tanzania)",https://dataverse.harvard.edu/api/access/datafile/10313605,L2O,Grade_A,960x1440,JPEG,CC0 1.0 Universal (public domain dedication),2026-08-05,10313605,a524fb39a6209438d11cbf8db8424807,kaliua_11116.jpg,quality digit 2 = Fine quality -> Grade_A,2410.74
A_L2O_10314602.jpg,"Tobacco leaves dataset (Virginia flue-cured, Tanzania)",https://dataverse.harvard.edu/api/access/datafile/10314602,L2O,Grade_A,960x1440,JPEG,CC0 1.0 Universal (public domain dedication),2026-08-05,10314602,b4e8a57928433edd8380d83d20a3e341,manispaa_767.jpg,quality digit 2 = Fine quality -> Grade_A,1959.16
A_L2O_10315606.jpg,"Tobacco leaves dataset (Virginia flue-cured, Tanzania)",https://dataverse.harvard.edu/api/access/datafile/10315606,L2O,Grade_A,960x1440,JPEG,CC0 1.0 Universal (public domain dedication),2026-08-05,10315606,30b58c649898f946e01d54b863143d86,uyui_7772.jpg,quality digit 2 = Fine quality -> Grade_A,3074.9
A_L2O_10314622.jpg,"Tobacco leaves dataset (Virginia flue-cured, Tanzania)",https://dataverse.harvard.edu/api/access/datafile/10314622,L2O,Grade_A,960x1440,JPEG,CC0 1.0 Universal (public domain dedication),2026-08-05,10314622,9040753518d7f2a6bda8908fb01e7a58,urambo_5461.jpg,quality digit 2 = Fine quality -> Grade_A,4944.56
A_L2O_10313258.jpg,"Tobacco leaves dataset (Virginia flue-cured, Tanzania)",https://dataverse.harvard.edu/api/access/datafile/10313258,L2O,Grade_A,960x1440,JPEG,CC0 1.0 Universal (public domain dedication),2026-08-05,10313258,e2cd1179816162c509d2287350e6b4a8,kaliua_6355.jpg,quality digit 2 = Fine quality -> Grade_A,3432.24
A_L2O_10315855.jpg,"Tobacco leaves dataset (Virginia flue-cured, Tanzania)",https://dataverse.harvard.edu/api/access/datafile/10315855,L2O,Grade_A,960x1440,JPEG,CC0 1.0 Universal (public domain dedication),2026-08-05,10315855,ad4184db5cb6b15c0b8fb9604d73ea16,uyui_953.jpg,quality digit 2 = Fine quality -> Grade_A,2757.58
A_L2O_10314986.jpg,"Tobacco leaves dataset (Virginia flue-cured, Tanzania)",https://dataverse.harvard.edu/api/access/datafile/10314986,L2O,Grade_A,960x1440,JPEG,CC0 1.0 Universal (public domain dedication),2026-08-05,10314986,326f8af6b1372001df72ea7e5bc36f3b,uyui_810.jpg,quality digit 2 = Fine quality -> Grade_A,1770.75
A_L2O_10315104.jpg,"Tobacco leaves dataset (Virginia flue-cured, Tanzania)",https://dataverse.harvard.edu/api/access/datafile/10315104,L2O,Grade_A,960x1440,JPEG,CC0 1.0 Universal (public domain dedication),2026-08-05,10315104,408410dee8625a6cca075acb5c85a5e1,uyui_870.jpg,quality digit 2 = Fine quality -> Grade_A,2972.55
A_L2O_10314221.jpg,"Tobacco leaves dataset (Virginia flue-cured, Tanzania)",https://dataverse.harvard.edu/api/access/datafile/10314221,L2O,Grade_A,960x1440,JPEG,CC0 1.0 Universal (public domain dedication),2026-08-05,10314221,9955ffe9432d11cfcad436f10bf9a444,manispaa_7502.jpg,quality digit 2 = Fine quality -> Grade_A,2504.84
A_L2O_10315600.jpg,"Tobacco leaves dataset (Virginia flue-cured, Tanzania)",https://dataverse.harvard.edu/api/access/datafile/10315600,L2O,Grade_A,960x1440,JPEG,CC0 1.0 Universal (public domain dedication),2026-08-05,10315600,d81147637af95338265ff77a394b2483,uyui_13653.jpg,quality digit 2 = Fine quality -> Grade_A,2572.46
A_L2O_10315044.jpg,"Tobacco leaves dataset (Virginia flue-cured, Tanzania)",https://dataverse.harvard.edu/api/access/datafile/10315044,L2O,Grade_A,960x1440,JPEG,CC0 1.0 Universal (public domain dedication),2026-08-05,10315044,907db6b574f55ae284d36e3674923d49,uyui_846.jpg,quality digit 2 = Fine quality -> Grade_A,1604.44
A_L2O_10313472.jpg,"Tobacco leaves dataset (Virginia flue-cured, Tanzania)",https://dataverse.harvard.edu/api/access/datafile/10313472,L2O,Grade_A,960x1440,JPEG,CC0 1.0 Universal (public domain dedication),2026-08-05,10313472,407079a0e9d92e9605d494e574a6252f,kaliua_10976.jpg,quality digit 2 = Fine quality -> Grade_A,2627.52
A_L2O_10313450.jpg,"Tobacco leaves dataset (Virginia flue-cured, Tanzania)",https://dataverse.harvard.edu/api/access/datafile/10313450,L2O,Grade_A,960x1440,JPEG,CC0 1.0 Universal (public domain dedication),2026-08-05,10313450,02a3f6f993ade800711f32a13d5550e5,kaliua_428.jpg,quality digit 2 = Fine quality -> Grade_A,2586.22
A_L2O_10314550.jpg,"Tobacco leaves dataset (Virginia flue-cured, Tanzania)",https://dataverse.harvard.edu/api/access/datafile/10314550,L2O,Grade_A,960x1440,JPEG,CC0 1.0 Universal (public domain dedication),2026-08-05,10314550,a495f21ebef35d12966006451b308008,manispaa_7524.jpg,quality digit 2 = Fine quality -> Grade_A,2586.39
A_L2O_10315116.jpg,"Tobacco leaves dataset (Virginia flue-cured, Tanzania)",https://dataverse.harvard.edu/api/access/datafile/10315116,L2O,Grade_A,960x1440,JPEG,CC0 1.0 Universal (public domain dedication),2026-08-05,10315116,edbea5abdf306356dec0fcc863bccf1f,uyui_807.jpg,quality digit 2 = Fine quality -> Grade_A,1717.68
A_L2O_10313294.jpg,"Tobacco leaves dataset (Virginia flue-cured, Tanzania)",https://dataverse.harvard.edu/api/access/datafile/10313294,L2O,Grade_A,960x1440,JPEG,CC0 1.0 Universal (public domain dedication),2026-08-05,10313294,a236ec35229617b9fc561b3adb793eb5,kaliua_10988.jpg,quality digit 2 = Fine quality -> Grade_A,2662.47
A_L2O_10313732.jpg,"Tobacco leaves dataset (Virginia flue-cured, Tanzania)",https://dataverse.harvard.edu/api/access/datafile/10313732,L2O,Grade_A,960x1440,JPEG,CC0 1.0 Universal (public domain dedication),2026-08-05,10313732,e4c6f6e3978d8ffe521f6d0474f9eedc,kaliua_3624.jpg,quality digit 2 = Fine quality -> Grade_A,1848.65
A_L2O_10313515.jpg,"Tobacco leaves dataset (Virginia flue-cured, Tanzania)",https://dataverse.harvard.edu/api/access/datafile/10313515,L2O,Grade_A,960x1440,JPEG,CC0 1.0 Universal (public domain dedication),2026-08-05,10313515,81bd444616f676ad0afc487e49b7bba8,kaliua_11082.jpg,quality digit 2 = Fine quality -> Grade_A,2522.82
A_L2O_10313830.jpg,"Tobacco leaves dataset (Virginia flue-cured, Tanzania)",https://dataverse.harvard.edu/api/access/datafile/10313830,L2O,Grade_A,960x1440,JPEG,CC0 1.0 Universal (public domain dedication),2026-08-05,10313830,db4df4afe0493d8a703a8a17d7e6e945,kaliua_3596.jpg,quality digit 2 = Fine quality -> Grade_A,2805.43
A_L2O_10313751.jpg,"Tobacco leaves dataset (Virginia flue-cured, Tanzania)",https://dataverse.harvard.edu/api/access/datafile/10313751,L2O,Grade_A,960x1440,JPEG,CC0 1.0 Universal (public domain dedication),2026-08-05,10313751,8bf4a59115a5f302e0569bbf5ec5b9b7,kaliua_6477.jpg,quality digit 2 = Fine quality -> Grade_A,2378.2
A_L2O_10314209.jpg,"Tobacco leaves dataset (Virginia flue-cured, Tanzania)",https://dataverse.harvard.edu/api/access/datafile/10314209,L2O,Grade_A,960x1440,JPEG,CC0 1.0 Universal (public domain dedication),2026-08-05,10314209,9a909a8f3455a9da168626369bf20f34,urambo_5435.jpg,quality digit 2 = Fine quality -> Grade_A,4989.28
A_L2O_10315443.jpg,"Tobacco leaves dataset (Virginia flue-cured, Tanzania)",https://dataverse.harvard.edu/api/access/datafile/10315443,L2O,Grade_A,960x1440,JPEG,CC0 1.0 Universal (public domain dedication),2026-08-05,10315443,6cfbc9a9b3a9eb29cfc8915af779836c,uyui_13716.jpg,quality digit 2 = Fine quality -> Grade_A,2344.15
A_L2O_10314896.jpg,"Tobacco leaves dataset (Virginia flue-cured, Tanzania)",https://dataverse.harvard.edu/api/access/datafile/10314896,L2O,Grade_A,960x1440,JPEG,CC0 1.0 Universal (public domain dedication),2026-08-05,10314896,c5e4586468cb074036e1009580c43c71,manispaa_790.jpg,quality digit 2 = Fine quality -> Grade_A,2127.1
A_L2O_10314235.jpg,"Tobacco leaves dataset (Virginia flue-cured, Tanzania)",https://dataverse.harvard.edu/api/access/datafile/10314235,L2O,Grade_A,960x1440,JPEG,CC0 1.0 Universal (public domain dedication),2026-08-05,10314235,d2dafeb5e4caf9be444deb2d460db41a,manispaa_873.jpg,quality digit 2 = Fine quality -> Grade_A,2528.26
A_L2O_10313451.jpg,"Tobacco leaves dataset (Virginia flue-cured, Tanzania)",https://dataverse.harvard.edu/api/access/datafile/10313451,L2O,Grade_A,960x1440,JPEG,CC0 1.0 Universal (public domain dedication),2026-08-05,10313451,11e7a776b6c92a8a34564097705a06f9,kaliua_11083.jpg,quality digit 2 = Fine quality -> Grade_A,2668.94
A_L2O_10315853.jpg,"Tobacco leaves dataset (Virginia flue-cured, Tanzania)",https://dataverse.harvard.edu/api/access/datafile/10315853,L2O,Grade_A,960x1440,JPEG,CC0 1.0 Universal (public domain dedication),2026-08-05,10315853,12a4c02c668e432458faefd626b97d45,uyui_938.jpg,quality digit 2 = Fine quality -> Grade_A,2631.21
A_L2O_10314388.jpg,"Tobacco leaves dataset (Virginia flue-cured, Tanzania)",https://dataverse.harvard.edu/api/access/datafile/10314388,L2O,Grade_A,960x1440,JPEG,CC0 1.0 Universal (public domain dedication),2026-08-05,10314388,841cf2c0933ce267e4180dabf36d0d72,manispaa_803.jpg,quality digit 2 = Fine quality -> Grade_A,2573.51
A_L2O_10314431.jpg,"Tobacco leaves dataset (Virginia flue-cured, Tanzania)",https://dataverse.harvard.edu/api/access/datafile/10314431,L2O,Grade_A,960x1440,JPEG,CC0 1.0 Universal (public domain dedication),2026-08-05,10314431,3033e340a310407dd71177a46ade35e9,kaliua_8641.jpg,quality digit 2 = Fine quality -> Grade_A,2796.57
A_L2O_10314898.jpg,"Tobacco leaves dataset (Virginia flue-cured, Tanzania)",https://dataverse.harvard.edu/api/access/datafile/10314898,L2O,Grade_A,960x1440,JPEG,CC0 1.0 Universal (public domain dedication),2026-08-05,10314898,a25a0a9d50ca6676a162215f92069a90,manispaa_7645.jpg,quality digit 2 = Fine quality -> Grade_A,2300.97
A_L2O_10313251.jpg,"Tobacco leaves dataset (Virginia flue-cured, Tanzania)",https://dataverse.harvard.edu/api/access/datafile/10313251,L2O,Grade_A,960x1440,JPEG,CC0 1.0 Universal (public domain dedication),2026-08-05,10313251,8eb2784acba2768d4f9075d4d0ec5a56,kaliua_11236.jpg,quality digit 2 = Fine quality -> Grade_A,2661.26
A_L2O_10314833.jpg,"Tobacco leaves dataset (Virginia flue-cured, Tanzania)",https://dataverse.harvard.edu/api/access/datafile/10314833,L2O,Grade_A,960x1440,JPEG,CC0 1.0 Universal (public domain dedication),2026-08-05,10314833,5436c1e70f376ce0c37a40eabe7ec955,manispaa_762.jpg,quality digit 2 = Fine quality -> Grade_A,1855.16
A_L2O_10315191.jpg,"Tobacco leaves dataset (Virginia flue-cured, Tanzania)",https://dataverse.harvard.edu/api/access/datafile/10315191,L2O,Grade_A,960x1440,JPEG,CC0 1.0 Universal (public domain dedication),2026-08-05,10315191,dba90846aac3290358496c236c714615,uyui_803.jpg,quality digit 2 = Fine quality -> Grade_A,1530.66
A_L2O_10315789.jpg,"Tobacco leaves dataset (Virginia flue-cured, Tanzania)",https://dataverse.harvard.edu/api/access/datafile/10315789,L2O,Grade_A,960x1440,JPEG,CC0 1.0 Universal (public domain dedication),2026-08-05,10315789,31ef0f049d0c921cdaf4e33268c20bc5,uyui_851.jpg,quality digit 2 = Fine quality -> Grade_A,1790.13
A_L2O_10315197.jpg,"Tobacco leaves dataset (Virginia flue-cured, Tanzania)",https://dataverse.harvard.edu/api/access/datafile/10315197,L2O,Grade_A,960x1440,JPEG,CC0 1.0 Universal (public domain dedication),2026-08-05,10315197,ecc527d1eb9fb016dbb25e052417b8e4,uyui_4026.jpg,quality digit 2 = Fine quality -> Grade_A,1444.46
A_L2O_10314205.jpg,"Tobacco leaves dataset (Virginia flue-cured, Tanzania)",https://dataverse.harvard.edu/api/access/datafile/10314205,L2O,Grade_A,960x1440,JPEG,CC0 1.0 Universal (public domain dedication),2026-08-05,10314205,8e5a3cd74e9713e5ef734e2364e968bd,manispaa_837.jpg,quality digit 2 = Fine quality -> Grade_A,2024.99
A_L2O_10313708.jpg,"Tobacco leaves dataset (Virginia flue-cured, Tanzania)",https://dataverse.harvard.edu/api/access/datafile/10313708,L2O,Grade_A,960x1440,JPEG,CC0 1.0 Universal (public domain dedication),2026-08-05,10313708,34464a9ecda5ef9f842f60f4d48f5b72,kaliua_6531.jpg,quality digit 2 = Fine quality -> Grade_A,2920.74
A_L2O_10314453.jpg,"Tobacco leaves dataset (Virginia flue-cured, Tanzania)",https://dataverse.harvard.edu/api/access/datafile/10314453,L2O,Grade_A,960x1440,JPEG,CC0 1.0 Universal (public domain dedication),2026-08-05,10314453,77b3a95543e20e0888d89978af2ff413,manispaa_7504.jpg,quality digit 2 = Fine quality -> Grade_A,2896.02
A_L2O_10314595.jpg,"Tobacco leaves dataset (Virginia flue-cured, Tanzania)",https://dataverse.harvard.edu/api/access/datafile/10314595,L2O,Grade_A,960x1440,JPEG,CC0 1.0 Universal (public domain dedication),2026-08-05,10314595,ce7c03e50813de38ad685f8327d1fea3,manispaa_7671.jpg,quality digit 2 = Fine quality -> Grade_A,2167.41
A_L2O_10313851.jpg,"Tobacco leaves dataset (Virginia flue-cured, Tanzania)",https://dataverse.harvard.edu/api/access/datafile/10313851,L2O,Grade_A,960x1440,JPEG,CC0 1.0 Universal (public domain dedication),2026-08-05,10313851,bd060bc478641ff09bfd51bc8fba1637,kaliua_6352.jpg,quality digit 2 = Fine quality -> Grade_A,3413.54
A_L2O_10314050.jpg,"Tobacco leaves dataset (Virginia flue-cured, Tanzania)",https://dataverse.harvard.edu/api/access/datafile/10314050,L2O,Grade_A,960x1440,JPEG,CC0 1.0 Universal (public domain dedication),2026-08-05,10314050,535497c0c9943e7cdf6d067802e2a044,urambo_5478.jpg,quality digit 2 = Fine quality -> Grade_A,4830.98
A_L2O_10315141.jpg,"Tobacco leaves dataset (Virginia flue-cured, Tanzania)",https://dataverse.harvard.edu/api/access/datafile/10315141,L2O,Grade_A,960x1440,JPEG,CC0 1.0 Universal (public domain dedication),2026-08-05,10315141,cfd36a3f989cc1e0aeb72b46edf379a2,uyui_812.jpg,quality digit 2 = Fine quality -> Grade_A,1639.34
A_L2O_10314627.jpg,"Tobacco leaves dataset (Virginia flue-cured, Tanzania)",https://dataverse.harvard.edu/api/access/datafile/10314627,L2O,Grade_A,960x1440,JPEG,CC0 1.0 Universal (public domain dedication),2026-08-05,10314627,de77986fc74b5e15be28218c1fa3d50b,urambo_5410.jpg,quality digit 2 = Fine quality -> Grade_A,4361.45
A_L2O_10313973.jpg,"Tobacco leaves dataset (Virginia flue-cured, Tanzania)",https://dataverse.harvard.edu/api/access/datafile/10313973,L2O,Grade_A,960x1440,JPEG,CC0 1.0 Universal (public domain dedication),2026-08-05,10313973,746ef912a212611cce19cc45f2f8ff99,kaliua_11336.jpg,quality digit 2 = Fine quality -> Grade_A,2536.75
A_L2O_10314316.jpg,"Tobacco leaves dataset (Virginia flue-cured, Tanzania)",https://dataverse.harvard.edu/api/access/datafile/10314316,L2O,Grade_A,960x1440,JPEG,CC0 1.0 Universal (public domain dedication),2026-08-05,10314316,d84c122bbd831fa4f403f8d99fd12faf,manispaa_12861.jpg,quality digit 2 = Fine quality -> Grade_A,2507.77
A_L2O_10314539.jpg,"Tobacco leaves dataset (Virginia flue-cured, Tanzania)",https://dataverse.harvard.edu/api/access/datafile/10314539,L2O,Grade_A,960x1440,JPEG,CC0 1.0 Universal (public domain dedication),2026-08-05,10314539,8dc9db1c934daf90d8d959de8229338c,manispaa_929.jpg,quality digit 2 = Fine quality -> Grade_A,2533.19
A_L2O_10315054.jpg,"Tobacco leaves dataset (Virginia flue-cured, Tanzania)",https://dataverse.harvard.edu/api/access/datafile/10315054,L2O,Grade_A,960x1440,JPEG,CC0 1.0 Universal (public domain dedication),2026-08-05,10315054,62c5d153308e3252ecee7666ba850fa6,uyui_7652.jpg,quality digit 2 = Fine quality -> Grade_A,1677.19
A_L2O_10314234.jpg,"Tobacco leaves dataset (Virginia flue-cured, Tanzania)",https://dataverse.harvard.edu/api/access/datafile/10314234,L2O,Grade_A,960x1440,JPEG,CC0 1.0 Universal (public domain dedication),2026-08-05,10314234,af9fdb3cc86fcce87e870d813a1ec2be,manispaa_7550.jpg,quality digit 2 = Fine quality -> Grade_A,1764.05
A_L2O_10314800.jpg,"Tobacco leaves dataset (Virginia flue-cured, Tanzania)",https://dataverse.harvard.edu/api/access/datafile/10314800,L2O,Grade_A,960x1440,JPEG,CC0 1.0 Universal (public domain dedication),2026-08-05,10314800,b9852c1ee9acd88b7e998cbf44e4778b,urambo_5480.jpg,quality digit 2 = Fine quality -> Grade_A,5536.2
A_L2O_10315661.jpg,"Tobacco leaves dataset (Virginia flue-cured, Tanzania)",https://dataverse.harvard.edu/api/access/datafile/10315661,L2O,Grade_A,960x1440,JPEG,CC0 1.0 Universal (public domain dedication),2026-08-05,10315661,0a2c37b6965d8f22c1a330e92848b7e9,uyui_13834.jpg,quality digit 2 = Fine quality -> Grade_A,3324.86
A_L2O_10315460.jpg,"Tobacco leaves dataset (Virginia flue-cured, Tanzania)",https://dataverse.harvard.edu/api/access/datafile/10315460,L2O,Grade_A,960x1440,JPEG,CC0 1.0 Universal (public domain dedication),2026-08-05,10315460,0c5ec89ddf091bbb7eeac55e4f065aa2,uyui_3923.jpg,quality digit 2 = Fine quality -> Grade_A,2414.73
A_L2O_10314692.jpg,"Tobacco leaves dataset (Virginia flue-cured, Tanzania)",https://dataverse.harvard.edu/api/access/datafile/10314692,L2O,Grade_A,960x1440,JPEG,CC0 1.0 Universal (public domain dedication),2026-08-05,10314692,3a519e7e0060643c5660f696f6834f8a,manispaa_792.jpg,quality digit 2 = Fine quality -> Grade_A,1815.8
A_L2O_10315551.jpg,"Tobacco leaves dataset (Virginia flue-cured, Tanzania)",https://dataverse.harvard.edu/api/access/datafile/10315551,L2O,Grade_A,960x1440,JPEG,CC0 1.0 Universal (public domain dedication),2026-08-05,10315551,42f4066b0634eee2830adccded330fc5,uyui_7784.jpg,quality digit 2 = Fine quality -> Grade_A,2176.27
A_L2O_10314015.jpg,"Tobacco leaves dataset (Virginia flue-cured, Tanzania)",https://dataverse.harvard.edu/api/access/datafile/10314015,L2O,Grade_A,960x1440,JPEG,CC0 1.0 Universal (public domain dedication),2026-08-05,10314015,c6c482c12650db5d24e8d211b8006906,kaliua_3635.jpg,quality digit 2 = Fine quality -> Grade_A,2525.15
A_L2O_10313415.jpg,"Tobacco leaves dataset (Virginia flue-cured, Tanzania)",https://dataverse.harvard.edu/api/access/datafile/10313415,L2O,Grade_A,960x1440,JPEG,CC0 1.0 Universal (public domain dedication),2026-08-05,10313415,d373b30567843847d6b8c2c7b42c75ca,kaliua_6448.jpg,quality digit 2 = Fine quality -> Grade_A,2540.49
A_L2O_10313568.jpg,"Tobacco leaves dataset (Virginia flue-cured, Tanzania)",https://dataverse.harvard.edu/api/access/datafile/10313568,L2O,Grade_A,960x1440,JPEG,CC0 1.0 Universal (public domain dedication),2026-08-05,10313568,ca9ecf31507742c49dcbcc2bd964c59b,kaliua_11394.jpg,quality digit 2 = Fine quality -> Grade_A,2276.04
A_L2O_10315712.jpg,"Tobacco leaves dataset (Virginia flue-cured, Tanzania)",https://dataverse.harvard.edu/api/access/datafile/10315712,L2O,Grade_A,960x1440,JPEG,CC0 1.0 Universal (public domain dedication),2026-08-05,10315712,fe5679b610bd064cf0deb0779270b107,uyui_13730.jpg,quality digit 2 = Fine quality -> Grade_A,2857.28
A_L2O_10315687.jpg,"Tobacco leaves dataset (Virginia flue-cured, Tanzania)",https://dataverse.harvard.edu/api/access/datafile/10315687,L2O,Grade_A,960x1440,JPEG,CC0 1.0 Universal (public domain dedication),2026-08-05,10315687,075ec6f4f5fc5c0d5c24710a5207f5bc,uyui_13659.jpg,quality digit 2 = Fine quality -> Grade_A,2814.19
A_L2O_10315836.jpg,"Tobacco leaves dataset (Virginia flue-cured, Tanzania)",https://dataverse.harvard.edu/api/access/datafile/10315836,L2O,Grade_A,960x1440,JPEG,CC0 1.0 Universal (public domain dedication),2026-08-05,10315836,c8b93904c04462da2a99749fc8179633,uyui_972.jpg,quality digit 2 = Fine quality -> Grade_A,2986.78
A_L2O_10314032.jpg,"Tobacco leaves dataset (Virginia flue-cured, Tanzania)",https://dataverse.harvard.edu/api/access/datafile/10314032,L2O,Grade_A,960x1440,JPEG,CC0 1.0 Universal (public domain dedication),2026-08-05,10314032,de9afebc924ee47a01efbc630acd6b86,manispaa_927.jpg,quality digit 2 = Fine quality -> Grade_A,2491.78
A_L2O_10314514.jpg,"Tobacco leaves dataset (Virginia flue-cured, Tanzania)",https://dataverse.harvard.edu/api/access/datafile/10314514,L2O,Grade_A,960x1440,JPEG,CC0 1.0 Universal (public domain dedication),2026-08-05,10314514,4df9f17d64db2cbfa803e47779d7e855,manispaa_7648.jpg,quality digit 2 = Fine quality -> Grade_A,2725.13
A_L2O_10313714.jpg,"Tobacco leaves dataset (Virginia flue-cured, Tanzania)",https://dataverse.harvard.edu/api/access/datafile/10313714,L2O,Grade_A,960x1440,JPEG,CC0 1.0 Universal (public domain dedication),2026-08-05,10313714,d7c4614ab775d1983d9404927c3fcaa3,kaliua_10947.jpg,quality digit 2 = Fine quality -> Grade_A,2106.62
A_L2O_10314805.jpg,"Tobacco leaves dataset (Virginia flue-cured, Tanzania)",https://dataverse.harvard.edu/api/access/datafile/10314805,L2O,Grade_A,960x1440,JPEG,CC0 1.0 Universal (public domain dedication),2026-08-05,10314805,0c0e03233a46eef1c77ba71736ef2d60,kaliua_8633.jpg,quality digit 2 = Fine quality -> Grade_A,3064.01
A_L2O_10313456.jpg,"Tobacco leaves dataset (Virginia flue-cured, Tanzania)",https://dataverse.harvard.edu/api/access/datafile/10313456,L2O,Grade_A,960x1440,JPEG,CC0 1.0 Universal (public domain dedication),2026-08-05,10313456,001dcf9847bd93daa385e680438e604f,kaliua_6513.jpg,quality digit 2 = Fine quality -> Grade_A,2795.73
A_L2O_10313922.jpg,"Tobacco leaves dataset (Virginia flue-cured, Tanzania)",https://dataverse.harvard.edu/api/access/datafile/10313922,L2O,Grade_A,960x1440,JPEG,CC0 1.0 Universal (public domain dedication),2026-08-05,10313922,266838893b88675f6a00a133c2d9b5bc,kaliua_6387.jpg,quality digit 2 = Fine quality -> Grade_A,2907.41
A_L2O_10313915.jpg,"Tobacco leaves dataset (Virginia flue-cured, Tanzania)",https://dataverse.harvard.edu/api/access/datafile/10313915,L2O,Grade_A,960x1440,JPEG,CC0 1.0 Universal (public domain dedication),2026-08-05,10313915,6661e6e84d095a58d0bc1097f5b08ca0,kaliua_3639.jpg,quality digit 2 = Fine quality -> Grade_A,3082.34
A_L2O_10313876.jpg,"Tobacco leaves dataset (Virginia flue-cured, Tanzania)",https://dataverse.harvard.edu/api/access/datafile/10313876,L2O,Grade_A,960x1440,JPEG,CC0 1.0 Universal (public domain dedication),2026-08-05,10313876,a471881ab267a9b9df2c2e546d4e12cc,kaliua_6465.jpg,quality digit 2 = Fine quality -> Grade_A,2327.35
A_L2O_10315372.jpg,"Tobacco leaves dataset (Virginia flue-cured, Tanzania)",https://dataverse.harvard.edu/api/access/datafile/10315372,L2O,Grade_A,960x1440,JPEG,CC0 1.0 Universal (public domain dedication),2026-08-05,10315372,a985773c0094987f0e851861adb5cd87,uyui_924.jpg,quality digit 2 = Fine quality -> Grade_A,1994.42
A_L2O_10315110.jpg,"Tobacco leaves dataset (Virginia flue-cured, Tanzania)",https://dataverse.harvard.edu/api/access/datafile/10315110,L2O,Grade_A,960x1440,JPEG,CC0 1.0 Universal (public domain dedication),2026-08-05,10315110,cf949884d25b3e26bc3d947fa183d2e5,uyui_10091.jpg,quality digit 2 = Fine quality -> Grade_A,2678.87
A_L2O_10314928.jpg,"Tobacco leaves dataset (Virginia flue-cured, Tanzania)",https://dataverse.harvard.edu/api/access/datafile/10314928,L2O,Grade_A,960x1440,JPEG,CC0 1.0 Universal (public domain dedication),2026-08-05,10314928,6419f575074c991f59d4996c046c600d,uyui_876.jpg,quality digit 2 = Fine quality -> Grade_A,2732.94
A_L2O_10315856.jpg,"Tobacco leaves dataset (Virginia flue-cured, Tanzania)",https://dataverse.harvard.edu/api/access/datafile/10315856,L2O,Grade_A,960x1440,JPEG,CC0 1.0 Universal (public domain dedication),2026-08-05,10315856,1b35c10afaa0347db6c8c3cf34aac02a,uyui_958.jpg,quality digit 2 = Fine quality -> Grade_A,2958.28
A_L2O_10313374.jpg,"Tobacco leaves dataset (Virginia flue-cured, Tanzania)",https://dataverse.harvard.edu/api/access/datafile/10313374,L2O,Grade_A,960x1440,JPEG,CC0 1.0 Universal (public domain dedication),2026-08-05,10313374,2c4b5e425b8848c89b2d834bcc21733c,kaliua_6511.jpg,quality digit 2 = Fine quality -> Grade_A,2597.74
A_L2O_10314656.jpg,"Tobacco leaves dataset (Virginia flue-cured, Tanzania)",https://dataverse.harvard.edu/api/access/datafile/10314656,L2O,Grade_A,960x1440,JPEG,CC0 1.0 Universal (public domain dedication),2026-08-05,10314656,cecc61c7eea53884c447dcae0fe702f2,kaliua_8631.jpg,quality digit 2 = Fine quality -> Grade_A,2875.06
A_L2O_10315617.jpg,"Tobacco leaves dataset (Virginia flue-cured, Tanzania)",https://dataverse.harvard.edu/api/access/datafile/10315617,L2O,Grade_A,960x1440,JPEG,CC0 1.0 Universal (public domain dedication),2026-08-05,10315617,42145d6d9cc8de6a15a795ebed702877,uyui_7704.jpg,quality digit 2 = Fine quality -> Grade_A,2669.81
A_L2O_10314105.jpg,"Tobacco leaves dataset (Virginia flue-cured, Tanzania)",https://dataverse.harvard.edu/api/access/datafile/10314105,L2O,Grade_A,960x1440,JPEG,CC0 1.0 Universal (public domain dedication),2026-08-05,10314105,84bab5b3c3d61edb9ae51b916b06ab07,manispaa_831.jpg,quality digit 2 = Fine quality -> Grade_A,2840.67
A_L2O_10314548.jpg,"Tobacco leaves dataset (Virginia flue-cured, Tanzania)",https://dataverse.harvard.edu/api/access/datafile/10314548,L2O,Grade_A,960x1440,JPEG,CC0 1.0 Universal (public domain dedication),2026-08-05,10314548,71e1dbe80cd760e4acb3a1033a067234,kaliua_8620.jpg,quality digit 2 = Fine quality -> Grade_A,2718.71
A_L2O_10313889.jpg,"Tobacco leaves dataset (Virginia flue-cured, Tanzania)",https://dataverse.harvard.edu/api/access/datafile/10313889,L2O,Grade_A,960x1440,JPEG,CC0 1.0 Universal (public domain dedication),2026-08-05,10313889,8192b54a0cfc28a53b565ed38bd38f97,kaliua_11079.jpg,quality digit 2 = Fine quality -> Grade_A,2486.52
A_L2O_10313776.jpg,"Tobacco leaves dataset (Virginia flue-cured, Tanzania)",https://dataverse.harvard.edu/api/access/datafile/10313776,L2O,Grade_A,960x1440,JPEG,CC0 1.0 Universal (public domain dedication),2026-08-05,10313776,85dcba14eab5fb66b418f95e00d08ff6,kaliua_6322.jpg,quality digit 2 = Fine quality -> Grade_A,3309.61
A_L2O_10315616.jpg,"Tobacco leaves dataset (Virginia flue-cured, Tanzania)",https://dataverse.harvard.edu/api/access/datafile/10315616,L2O,Grade_A,960x1440,JPEG,CC0 1.0 Universal (public domain dedication),2026-08-05,10315616,20e0f64c16854bd300e83ec2891b6d00,uyui_785.jpg,quality digit 2 = Fine quality -> Grade_A,1580.26
A_L2O_10314283.jpg,"Tobacco leaves dataset (Virginia flue-cured, Tanzania)",https://dataverse.harvard.edu/api/access/datafile/10314283,L2O,Grade_A,960x1440,JPEG,CC0 1.0 Universal (public domain dedication),2026-08-05,10314283,6ed78c5482a2e3777f49a3507e740f32,manispaa_853.jpg,quality digit 2 = Fine quality -> Grade_A,2653.76
A_L2O_10314858.jpg,"Tobacco leaves dataset (Virginia flue-cured, Tanzania)",https://dataverse.harvard.edu/api/access/datafile/10314858,L2O,Grade_A,960x1440,JPEG,CC0 1.0 Universal (public domain dedication),2026-08-05,10314858,15c559f321bdd74a3cd432018703307f,kaliua_8526.jpg,quality digit 2 = Fine quality -> Grade_A,3289.89
A_L2O_10314074.jpg,"Tobacco leaves dataset (Virginia flue-cured, Tanzania)",https://dataverse.harvard.edu/api/access/datafile/10314074,L2O,Grade_A,960x1440,JPEG,CC0 1.0 Universal (public domain dedication),2026-08-05,10314074,d524b044a407c19ce9c7d7a7d7c5a836,kaliua_6568.jpg,quality digit 2 = Fine quality -> Grade_A,2492.04
A_L2O_10314204.jpg,"Tobacco leaves dataset (Virginia flue-cured, Tanzania)",https://dataverse.harvard.edu/api/access/datafile/10314204,L2O,Grade_A,960x1440,JPEG,CC0 1.0 Universal (public domain dedication),2026-08-05,10314204,4920872b5aca398dbabe822a2b6317ef,manispaa_7618.jpg,quality digit 2 = Fine quality -> Grade_A,2264.11
A_L2O_10314511.jpg,"Tobacco leaves dataset (Virginia flue-cured, Tanzania)",https://dataverse.harvard.edu/api/access/datafile/10314511,L2O,Grade_A,960x1440,JPEG,CC0 1.0 Universal (public domain dedication),2026-08-05,10314511,0eaca67e220e7a82e067afcc74fa41dc,manispaa_937.jpg,quality digit 2 = Fine quality -> Grade_A,2737.17
A_L2O_10313831.jpg,"Tobacco leaves dataset (Virginia flue-cured, Tanzania)",https://dataverse.harvard.edu/api/access/datafile/10313831,L2O,Grade_A,960x1440,JPEG,CC0 1.0 Universal (public domain dedication),2026-08-05,10313831,9409b71573d5ca5abf5b26e51a338ddf,kaliua_6390.jpg,quality digit 2 = Fine quality -> Grade_A,2761.47
A_L2O_10314731.jpg,"Tobacco leaves dataset (Virginia flue-cured, Tanzania)",https://dataverse.harvard.edu/api/access/datafile/10314731,L2O,Grade_A,960x1440,JPEG,CC0 1.0 Universal (public domain dedication),2026-08-05,10314731,a7920e5fa72ffba1fb55178dc16a4c25,manispaa_7575.jpg,quality digit 2 = Fine quality -> Grade_A,2163.58
A_L2O_10313226.jpg,"Tobacco leaves dataset (Virginia flue-cured, Tanzania)",https://dataverse.harvard.edu/api/access/datafile/10313226,L2O,Grade_A,960x1440,JPEG,CC0 1.0 Universal (public domain dedication),2026-08-05,10313226,5df8bbb943850aa171f96348072ed3a1,kaliua_6311.jpg,quality digit 2 = Fine quality -> Grade_A,3543.79
A_L2O_10315580.jpg,"Tobacco leaves dataset (Virginia flue-cured, Tanzania)",https://dataverse.harvard.edu/api/access/datafile/10315580,L2O,Grade_A,960x1440,JPEG,CC0 1.0 Universal (public domain dedication),2026-08-05,10315580,9ed2dc6eeef96f550e86caa71eccfee8,uyui_7786.jpg,quality digit 2 = Fine quality -> Grade_A,2749.33
A_L2O_10313587.jpg,"Tobacco leaves dataset (Virginia flue-cured, Tanzania)",https://dataverse.harvard.edu/api/access/datafile/10313587,L2O,Grade_A,960x1440,JPEG,CC0 1.0 Universal (public domain dedication),2026-08-05,10313587,a6dc2fecae8e5606630b5f54a0c1db27,kaliua_11063.jpg,quality digit 2 = Fine quality -> Grade_A,2783.26
A_L2O_10314167.jpg,"Tobacco leaves dataset (Virginia flue-cured, Tanzania)",https://dataverse.harvard.edu/api/access/datafile/10314167,L2O,Grade_A,960x1440,JPEG,CC0 1.0 Universal (public domain dedication),2026-08-05,10314167,ff9c96474e59625ae3ca73d879fdbc1a,manispaa_4067.jpg,quality digit 2 = Fine quality -> Grade_A,2603.1
A_L2O_10313948.jpg,"Tobacco leaves dataset (Virginia flue-cured, Tanzania)",https://dataverse.harvard.edu/api/access/datafile/10313948,L2O,Grade_A,960x1440,JPEG,CC0 1.0 Universal (public domain dedication),2026-08-05,10313948,7fe653d856723e08f7a4e56959fa55b7,kaliua_6422.jpg,quality digit 2 = Fine quality -> Grade_A,3102.25
A_L2O_10315402.jpg,"Tobacco leaves dataset (Virginia flue-cured, Tanzania)",https://dataverse.harvard.edu/api/access/datafile/10315402,L2O,Grade_A,960x1440,JPEG,CC0 1.0 Universal (public domain dedication),2026-08-05,10315402,1f708ff391922f8900616eb059805353,uyui_7677.jpg,quality digit 2 = Fine quality -> Grade_A,1849.47
A_L2O_10315377.jpg,"Tobacco leaves dataset (Virginia flue-cured, Tanzania)",https://dataverse.harvard.edu/api/access/datafile/10315377,L2O,Grade_A,960x1440,JPEG,CC0 1.0 Universal (public domain dedication),2026-08-05,10315377,0aa1bb0aa4e63993d4cea593febb6211,uyui_13976.jpg,quality digit 2 = Fine quality -> Grade_A,2740.52
A_L2O_10315175.jpg,"Tobacco leaves dataset (Virginia flue-cured, Tanzania)",https://dataverse.harvard.edu/api/access/datafile/10315175,L2O,Grade_A,960x1440,JPEG,CC0 1.0 Universal (public domain dedication),2026-08-05,10315175,840b04d402da31776542d23ceee9114a,uyui_13631.jpg,quality digit 2 = Fine quality -> Grade_A,2267.99
A_L2O_10315513.jpg,"Tobacco leaves dataset (Virginia flue-cured, Tanzania)",https://dataverse.harvard.edu/api/access/datafile/10315513,L2O,Grade_A,960x1440,JPEG,CC0 1.0 Universal (public domain dedication),2026-08-05,10315513,61154a94c4244ff701689f1b4bf0dac5,uyui_730.jpg,quality digit 2 = Fine quality -> Grade_A,2164.17
A_L2O_10314735.jpg,"Tobacco leaves dataset (Virginia flue-cured, Tanzania)",https://dataverse.harvard.edu/api/access/datafile/10314735,L2O,Grade_A,960x1440,JPEG,CC0 1.0 Universal (public domain dedication),2026-08-05,10314735,895e40704e05a1f2c7ef2d585e099a68,kaliua_8650.jpg,quality digit 2 = Fine quality -> Grade_A,2972.12
A_L2O_10313280.jpg,"Tobacco leaves dataset (Virginia flue-cured, Tanzania)",https://dataverse.harvard.edu/api/access/datafile/10313280,L2O,Grade_A,960x1440,JPEG,CC0 1.0 Universal (public domain dedication),2026-08-05,10313280,615686ee186b068a1751830481f8f862,kaliua_433.jpg,quality digit 2 = Fine quality -> Grade_A,2716.45
A_L2O_10315079.jpg,"Tobacco leaves dataset (Virginia flue-cured, Tanzania)",https://dataverse.harvard.edu/api/access/datafile/10315079,L2O,Grade_A,960x1440,JPEG,CC0 1.0 Universal (public domain dedication),2026-08-05,10315079,8fe4300e6bbb3c42b1311d24a88ec82a,uyui_7789.jpg,quality digit 2 = Fine quality -> Grade_A,2950.14
A_L2O_10313903.jpg,"Tobacco leaves dataset (Virginia flue-cured, Tanzania)",https://dataverse.harvard.edu/api/access/datafile/10313903,L2O,Grade_A,960x1440,JPEG,CC0 1.0 Universal (public domain dedication),2026-08-05,10313903,c406666895fd8ab5f25cfa19ea02869a,kaliua_3628.jpg,quality digit 2 = Fine quality -> Grade_A,2362.88
A_L2O_10313977.jpg,"Tobacco leaves dataset (Virginia flue-cured, Tanzania)",https://dataverse.harvard.edu/api/access/datafile/10313977,L2O,Grade_A,960x1440,JPEG,CC0 1.0 Universal (public domain dedication),2026-08-05,10313977,f1cac6576df488e862b6198e8f9695c6,kaliua_11225.jpg,quality digit 2 = Fine quality -> Grade_A,1852.15
A_L2O_10315756.jpg,"Tobacco leaves dataset (Virginia flue-cured, Tanzania)",https://dataverse.harvard.edu/api/access/datafile/10315756,L2O,Grade_A,960x1440,JPEG,CC0 1.0 Universal (public domain dedication),2026-08-05,10315756,33dd20c3c55ea1bf72b01563ceabcdc0,uyui_13944.jpg,quality digit 2 = Fine quality -> Grade_A,2725.61
A_L2O_10313994.jpg,"Tobacco leaves dataset (Virginia flue-cured, Tanzania)",https://dataverse.harvard.edu/api/access/datafile/10313994,L2O,Grade_A,960x1440,JPEG,CC0 1.0 Universal (public domain dedication),2026-08-05,10313994,f7670522d10013c2a52d7f91e0fa1108,kaliua_11217.jpg,quality digit 2 = Fine quality -> Grade_A,2168.41
A_L2O_10315153.jpg,"Tobacco leaves dataset (Virginia flue-cured, Tanzania)",https://dataverse.harvard.edu/api/access/datafile/10315153,L2O,Grade_A,960x1440,JPEG,CC0 1.0 Universal (public domain dedication),2026-08-05,10315153,ffb07925cafbeb0778c2f7186e9251cd,uyui_13668.jpg,quality digit 2 = Fine quality -> Grade_A,2717.58
A_L2O_10313188.jpg,"Tobacco leaves dataset (Virginia flue-cured, Tanzania)",https://dataverse.harvard.edu/api/access/datafile/10313188,L2O,Grade_A,960x1440,JPEG,CC0 1.0 Universal (public domain dedication),2026-08-05,10313188,77aabed1cba95b6dd8e09cc9fe6f0aad,kaliua_11048.jpg,quality digit 2 = Fine quality -> Grade_A,2864.59
A_L2O_10315242.jpg,"Tobacco leaves dataset (Virginia flue-cured, Tanzania)",https://dataverse.harvard.edu/api/access/datafile/10315242,L2O,Grade_A,960x1440,JPEG,CC0 1.0 Universal (public domain dedication),2026-08-05,10315242,a2113d7f31bb8c635f8a902a3214da4b,uyui_3980.jpg,quality digit 2 = Fine quality -> Grade_A,1907.23
A_L2O_10313528.jpg,"Tobacco leaves dataset (Virginia flue-cured, Tanzania)",https://dataverse.harvard.edu/api/access/datafile/10313528,L2O,Grade_A,960x1440,JPEG,CC0 1.0 Universal (public domain dedication),2026-08-05,10313528,d566259d103dd0929c96d35871eb0883,kaliua_11317.jpg,quality digit 2 = Fine quality -> Grade_A,3450.29
A_L2O_10314163.jpg,"Tobacco leaves dataset (Virginia flue-cured, Tanzania)",https://dataverse.harvard.edu/api/access/datafile/10314163,L2O,Grade_A,960x1440,JPEG,CC0 1.0 Universal (public domain dedication),2026-08-05,10314163,ff90d89cd5b53057e0d255bc5e5920bf,manispaa_12882.jpg,quality digit 2 = Fine quality -> Grade_A,3391.1
A_L2O_10315489.jpg,"Tobacco leaves dataset (Virginia flue-cured, Tanzania)",https://dataverse.harvard.edu/api/access/datafile/10315489,L2O,Grade_A,960x1440,JPEG,CC0 1.0 Universal (public domain dedication),2026-08-05,10315489,153eb5a436eaf99272f37805f5b9c69a,uyui_13644.jpg,quality digit 2 = Fine quality -> Grade_A,2802.64
A_L2O_10313562.jpg,"Tobacco leaves dataset (Virginia flue-cured, Tanzania)",https://dataverse.harvard.edu/api/access/datafile/10313562,L2O,Grade_A,960x1440,JPEG,CC0 1.0 Universal (public domain dedication),2026-08-05,10313562,fdf92accc9783ee4c5c9319d4478db53,kaliua_11169.jpg,quality digit 2 = Fine quality -> Grade_A,2557.9
A_L2O_10313810.jpg,"Tobacco leaves dataset (Virginia flue-cured, Tanzania)",https://dataverse.harvard.edu/api/access/datafile/10313810,L2O,Grade_A,960x1440,JPEG,CC0 1.0 Universal (public domain dedication),2026-08-05,10313810,1c5baf18e87299eab75673a07dab1005,kaliua_3590.jpg,quality digit 2 = Fine quality -> Grade_A,2908.11
A_L2O_10314454.jpg,"Tobacco leaves dataset (Virginia flue-cured, Tanzania)",https://dataverse.harvard.edu/api/access/datafile/10314454,L2O,Grade_A,960x1440,JPEG,CC0 1.0 Universal (public domain dedication),2026-08-05,10314454,884c51eba1bada50fdc2453a1057bf66,urambo_5437.jpg,quality digit 2 = Fine quality -> Grade_A,5961.5
A_L2O_10315185.jpg,"Tobacco leaves dataset (Virginia flue-cured, Tanzania)",https://dataverse.harvard.edu/api/access/datafile/10315185,L2O,Grade_A,960x1440,JPEG,CC0 1.0 Universal (public domain dedication),2026-08-05,10315185,024848c29fe2983db0e478d219bd7883,uyui_7665.jpg,quality digit 2 = Fine quality -> Grade_A,1865.58
A_L2O_10313266.jpg,"Tobacco leaves dataset (Virginia flue-cured, Tanzania)",https://dataverse.harvard.edu/api/access/datafile/10313266,L2O,Grade_A,960x1440,JPEG,CC0 1.0 Universal (public domain dedication),2026-08-05,10313266,dceb9aa7104da4d9b38d9ed7d01fd0a2,kaliua_6463.jpg,quality digit 2 = Fine quality -> Grade_A,2341.87
A_L1L_10301133.jpg,"Tobacco leaves dataset (Virginia flue-cured, Tanzania)",https://dataverse.harvard.edu/api/access/datafile/10301133,L1L,Grade_A,960x1440,JPEG,CC0 1.0 Universal (public domain dedication),2026-08-05,10301133,44fcf68575af4c50074eb3bb6c3203b0,kaliua_5259.jpg,quality digit 1 = Choice quality -> Grade_A,3508.04
A_L1L_10300146.jpg,"Tobacco leaves dataset (Virginia flue-cured, Tanzania)",https://dataverse.harvard.edu/api/access/datafile/10300146,L1L,Grade_A,960x1440,JPEG,CC0 1.0 Universal (public domain dedication),2026-08-05,10300146,6e593416bd3e208ac058d9141b78a790,uyui_12936.jpg,quality digit 1 = Choice quality -> Grade_A,2275.47
A_L1L_10301143.jpg,"Tobacco leaves dataset (Virginia flue-cured, Tanzania)",https://dataverse.harvard.edu/api/access/datafile/10301143,L1L,Grade_A,960x1440,JPEG,CC0 1.0 Universal (public domain dedication),2026-08-05,10301143,a302cdecd33bed1e48752d11dadbe797,kaliua_2903.jpg,quality digit 1 = Choice quality -> Grade_A,1933.7
A_L1L_10300221.jpg,"Tobacco leaves dataset (Virginia flue-cured, Tanzania)",https://dataverse.harvard.edu/api/access/datafile/10300221,L1L,Grade_A,960x1440,JPEG,CC0 1.0 Universal (public domain dedication),2026-08-05,10300221,93c6c29de28d1ca74cfb26cc5b1253a4,uyui_6615.jpg,quality digit 1 = Choice quality -> Grade_A,2420.47
A_L1L_10301234.jpg,"Tobacco leaves dataset (Virginia flue-cured, Tanzania)",https://dataverse.harvard.edu/api/access/datafile/10301234,L1L,Grade_A,960x1440,JPEG,CC0 1.0 Universal (public domain dedication),2026-08-05,10301234,a1054ba2da2ca85f86164c38dee497b6,uyui_3339.jpg,quality digit 1 = Choice quality -> Grade_A,1503.39
A_L1L_10301704.jpg,"Tobacco leaves dataset (Virginia flue-cured, Tanzania)",https://dataverse.harvard.edu/api/access/datafile/10301704,L1L,Grade_A,960x1440,JPEG,CC0 1.0 Universal (public domain dedication),2026-08-05,10301704,2fd5c62dde6c1b0f8667ae629dbc7475,uyui_3000.jpg,quality digit 1 = Choice quality -> Grade_A,3009.66
A_L1L_10300491.jpg,"Tobacco leaves dataset (Virginia flue-cured, Tanzania)",https://dataverse.harvard.edu/api/access/datafile/10300491,L1L,Grade_A,960x1440,JPEG,CC0 1.0 Universal (public domain dedication),2026-08-05,10300491,b2cb6ebe42b991483b1e491d813dc7e1,uyui_6433.jpg,quality digit 1 = Choice quality -> Grade_A,2417.57
A_L1L_10297104.jpg,"Tobacco leaves dataset (Virginia flue-cured, Tanzania)",https://dataverse.harvard.edu/api/access/datafile/10297104,L1L,Grade_A,960x1440,JPEG,CC0 1.0 Universal (public domain dedication),2026-08-05,10297104,88af32a10b0576fe3217d607c561ce88,kaliua_5531.jpg,quality digit 1 = Choice quality -> Grade_A,2299.49
A_L1L_10300364.jpg,"Tobacco leaves dataset (Virginia flue-cured, Tanzania)",https://dataverse.harvard.edu/api/access/datafile/10300364,L1L,Grade_A,960x1440,JPEG,CC0 1.0 Universal (public domain dedication),2026-08-05,10300364,82cdf90d43a6ec3b251e0608858f98ae,uyui_9715.jpg,quality digit 1 = Choice quality -> Grade_A,3133.12
A_L1L_10301396.jpg,"Tobacco leaves dataset (Virginia flue-cured, Tanzania)",https://dataverse.harvard.edu/api/access/datafile/10301396,L1L,Grade_A,960x1440,JPEG,CC0 1.0 Universal (public domain dedication),2026-08-05,10301396,33f87786883dcb6b1d9cfcbc50cbeff3,manispaa_6888.jpg,quality digit 1 = Choice quality -> Grade_A,2156.33
A_L1L_10297094.jpg,"Tobacco leaves dataset (Virginia flue-cured, Tanzania)",https://dataverse.harvard.edu/api/access/datafile/10297094,L1L,Grade_A,960x1440,JPEG,CC0 1.0 Universal (public domain dedication),2026-08-05,10297094,04a6ee2ccef342f2b868a6cd721f3146,manispaa_12598.jpg,quality digit 1 = Choice quality -> Grade_A,2721.91
A_L1L_10300247.jpg,"Tobacco leaves dataset (Virginia flue-cured, Tanzania)",https://dataverse.harvard.edu/api/access/datafile/10300247,L1L,Grade_A,960x1440,JPEG,CC0 1.0 Universal (public domain dedication),2026-08-05,10300247,d184a518a5237c00506e45fa79d47dfb,uyui_6298.jpg,quality digit 1 = Choice quality -> Grade_A,1369.9
A_L1L_10301621.jpg,"Tobacco leaves dataset (Virginia flue-cured, Tanzania)",https://dataverse.harvard.edu/api/access/datafile/10301621,L1L,Grade_A,960x1440,JPEG,CC0 1.0 Universal (public domain dedication),2026-08-05,10301621,9c7c58a1cdc716438b00c3013a1e0dec,uyui_3290.jpg,quality digit 1 = Choice quality -> Grade_A,1622.72
A_L1L_10301038.jpg,"Tobacco leaves dataset (Virginia flue-cured, Tanzania)",https://dataverse.harvard.edu/api/access/datafile/10301038,L1L,Grade_A,960x1440,JPEG,CC0 1.0 Universal (public domain dedication),2026-08-05,10301038,2c5f31c1ff07d1741c1fcd8363d301f5,kaliua_5273.jpg,quality digit 1 = Choice quality -> Grade_A,3246.16
A_L1L_10300576.jpg,"Tobacco leaves dataset (Virginia flue-cured, Tanzania)",https://dataverse.harvard.edu/api/access/datafile/10300576,L1L,Grade_A,960x1440,JPEG,CC0 1.0 Universal (public domain dedication),2026-08-05,10300576,2b0b5d665b8fc4aae2558486fc979c9b,uyui_6445.jpg,quality digit 1 = Choice quality -> Grade_A,1769.05
A_L1L_10302044.jpg,"Tobacco leaves dataset (Virginia flue-cured, Tanzania)",https://dataverse.harvard.edu/api/access/datafile/10302044,L1L,Grade_A,960x1440,JPEG,CC0 1.0 Universal (public domain dedication),2026-08-05,10302044,48671bfb071005102d5c056efe3c4852,uyui_3163.jpg,quality digit 1 = Choice quality -> Grade_A,1441.75
A_L1L_10301217.jpg,"Tobacco leaves dataset (Virginia flue-cured, Tanzania)",https://dataverse.harvard.edu/api/access/datafile/10301217,L1L,Grade_A,960x1440,JPEG,CC0 1.0 Universal (public domain dedication),2026-08-05,10301217,7e15acb722468d9b29601b5ab924c3de,manispaa_6870.jpg,quality digit 1 = Choice quality -> Grade_A,2893.32
A_L1L_10297856.jpg,"Tobacco leaves dataset (Virginia flue-cured, Tanzania)",https://dataverse.harvard.edu/api/access/datafile/10297856,L1L,Grade_A,960x1440,JPEG,CC0 1.0 Universal (public domain dedication),2026-08-05,10297856,8e427e17b65cf712ba3a85c6524363c5,Pro-Capture One 12739.jpg,quality digit 1 = Choice quality -> Grade_A,2018.08
A_L1L_10297551.jpg,"Tobacco leaves dataset (Virginia flue-cured, Tanzania)",https://dataverse.harvard.edu/api/access/datafile/10297551,L1L,Grade_A,960x1440,JPEG,CC0 1.0 Universal (public domain dedication),2026-08-05,10297551,10696fa17cf93bca91bb3f5e56fa7582,urambo_3566.jpg,quality digit 1 = Choice quality -> Grade_A,3422.35
A_L1L_10300853.jpg,"Tobacco leaves dataset (Virginia flue-cured, Tanzania)",https://dataverse.harvard.edu/api/access/datafile/10300853,L1L,Grade_A,960x1440,JPEG,CC0 1.0 Universal (public domain dedication),2026-08-05,10300853,233736ebfd2b114606b31d695d047ed8,kaliua_5249.jpg,quality digit 1 = Choice quality -> Grade_A,2971.72
A_L1L_10297777.jpg,"Tobacco leaves dataset (Virginia flue-cured, Tanzania)",https://dataverse.harvard.edu/api/access/datafile/10297777,L1L,Grade_A,960x1440,JPEG,CC0 1.0 Universal (public domain dedication),2026-08-05,10297777,72a782505ceab1aaedc8711b08502732,urambo_3714.jpg,quality digit 1 = Choice quality -> Grade_A,3347.41
A_L1L_10300097.jpg,"Tobacco leaves dataset (Virginia flue-cured, Tanzania)",https://dataverse.harvard.edu/api/access/datafile/10300097,L1L,Grade_A,960x1440,JPEG,CC0 1.0 Universal (public domain dedication),2026-08-05,10300097,c20cf0d7100253881903f3d13173f453,uyui_6705.jpg,quality digit 1 = Choice quality -> Grade_A,3059.31
A_L1L_10297354.jpg,"Tobacco leaves dataset (Virginia flue-cured, Tanzania)",https://dataverse.harvard.edu/api/access/datafile/10297354,L1L,Grade_A,960x1440,JPEG,CC0 1.0 Universal (public domain dedication),2026-08-05,10297354,a664d84811d57108edb372fbd1f1db0d,urambo_3601.jpg,quality digit 1 = Choice quality -> Grade_A,3445.02
A_L1L_10297349.jpg,"Tobacco leaves dataset (Virginia flue-cured, Tanzania)",https://dataverse.harvard.edu/api/access/datafile/10297349,L1L,Grade_A,960x1440,JPEG,CC0 1.0 Universal (public domain dedication),2026-08-05,10297349,36356e4c67b775cda4f5a62d9eb5cf48,Pro-Capture One 12761.jpg,quality digit 1 = Choice quality -> Grade_A,1692.92
A_L1L_10297888.jpg,"Tobacco leaves dataset (Virginia flue-cured, Tanzania)",https://dataverse.harvard.edu/api/access/datafile/10297888,L1L,Grade_A,960x1440,JPEG,CC0 1.0 Universal (public domain dedication),2026-08-05,10297888,ab56ed2991bcf64bad17ac700081667f,Pro-Capture One 13698.jpg,quality digit 1 = Choice quality -> Grade_A,3029.43
A_L1L_10296719.jpg,"Tobacco leaves dataset (Virginia flue-cured, Tanzania)",https://dataverse.harvard.edu/api/access/datafile/10296719,L1L,Grade_A,960x1440,JPEG,CC0 1.0 Universal (public domain dedication),2026-08-05,10296719,92b47bae717407a101a7b7539bb7b847,kaliua_5444.jpg,quality digit 1 = Choice quality -> Grade_A,2463.16
A_L1L_10301900.jpg,"Tobacco leaves dataset (Virginia flue-cured, Tanzania)",https://dataverse.harvard.edu/api/access/datafile/10301900,L1L,Grade_A,960x1440,JPEG,CC0 1.0 Universal (public domain dedication),2026-08-05,10301900,8761009bf3102bd49bfd2ce29f86fd73,manispaa_6777.jpg,quality digit 1 = Choice quality -> Grade_A,2223.46
A_L1L_10297664.jpg,"Tobacco leaves dataset (Virginia flue-cured, Tanzania)",https://dataverse.harvard.edu/api/access/datafile/10297664,L1L,Grade_A,960x1440,JPEG,CC0 1.0 Universal (public domain dedication),2026-08-05,10297664,8c8516f3409008ffc2165e1703bb695c,urambo_3727.jpg,quality digit 1 = Choice quality -> Grade_A,3312.47
A_L1L_10300840.jpg,"Tobacco leaves dataset (Virginia flue-cured, Tanzania)",https://dataverse.harvard.edu/api/access/datafile/10300840,L1L,Grade_A,960x1440,JPEG,CC0 1.0 Universal (public domain dedication),2026-08-05,10300840,2aae1f2543d37c2672aa5377b1ebc56b,kaliua_2894.jpg,quality digit 1 = Choice quality -> Grade_A,2248.32
A_L1L_10296902.jpg,"Tobacco leaves dataset (Virginia flue-cured, Tanzania)",https://dataverse.harvard.edu/api/access/datafile/10296902,L1L,Grade_A,960x1440,JPEG,CC0 1.0 Universal (public domain dedication),2026-08-05,10296902,f98cd6f2f97678b9f87f5c2a98e2ddda,manispaa_12593.jpg,quality digit 1 = Choice quality -> Grade_A,2718.65
A_L1L_10300688.jpg,"Tobacco leaves dataset (Virginia flue-cured, Tanzania)",https://dataverse.harvard.edu/api/access/datafile/10300688,L1L,Grade_A,960x1440,JPEG,CC0 1.0 Universal (public domain dedication),2026-08-05,10300688,ac5da56c9a00a6ba390eb7138f54a072,kaliua_2999.jpg,quality digit 1 = Choice quality -> Grade_A,1177.69
A_L1L_10297464.jpg,"Tobacco leaves dataset (Virginia flue-cured, Tanzania)",https://dataverse.harvard.edu/api/access/datafile/10297464,L1L,Grade_A,960x1440,JPEG,CC0 1.0 Universal (public domain dedication),2026-08-05,10297464,5150914d0f90e9da72ff3fbc099e7187,urambo_3559.jpg,quality digit 1 = Choice quality -> Grade_A,3462.15
A_L1L_10296632.jpg,"Tobacco leaves dataset (Virginia flue-cured, Tanzania)",https://dataverse.harvard.edu/api/access/datafile/10296632,L1L,Grade_A,960x1440,JPEG,CC0 1.0 Universal (public domain dedication),2026-08-05,10296632,b489928ed4d38bc8a422a89d5cd42b7b,manispaa_12587.jpg,quality digit 1 = Choice quality -> Grade_A,2850.39
A_L1L_10297873.jpg,"Tobacco leaves dataset (Virginia flue-cured, Tanzania)",https://dataverse.harvard.edu/api/access/datafile/10297873,L1L,Grade_A,960x1440,JPEG,CC0 1.0 Universal (public domain dedication),2026-08-05,10297873,e02389fe4f8192940296ec434af050ef,urambo_3645.jpg,quality digit 1 = Choice quality -> Grade_A,3247.02
A_L1L_10300202.jpg,"Tobacco leaves dataset (Virginia flue-cured, Tanzania)",https://dataverse.harvard.edu/api/access/datafile/10300202,L1L,Grade_A,960x1440,JPEG,CC0 1.0 Universal (public domain dedication),2026-08-05,10300202,9e4c0e393ef202ddf51134af1d588957,uyui_6475.jpg,quality digit 1 = Choice quality -> Grade_A,2302.48
A_L1L_10301047.jpg,"Tobacco leaves dataset (Virginia flue-cured, Tanzania)",https://dataverse.harvard.edu/api/access/datafile/10301047,L1L,Grade_A,960x1440,JPEG,CC0 1.0 Universal (public domain dedication),2026-08-05,10301047,c865527d3ac5ceb1f37d2d403d5fac1c,kaliua_2874.jpg,quality digit 1 = Choice quality -> Grade_A,2272.8
A_L1L_10300224.jpg,"Tobacco leaves dataset (Virginia flue-cured, Tanzania)",https://dataverse.harvard.edu/api/access/datafile/10300224,L1L,Grade_A,960x1440,JPEG,CC0 1.0 Universal (public domain dedication),2026-08-05,10300224,44a81e50b456b4a555c103463142c81c,uyui_6482.jpg,quality digit 1 = Choice quality -> Grade_A,2346.33
A_L1L_10300970.jpg,"Tobacco leaves dataset (Virginia flue-cured, Tanzania)",https://dataverse.harvard.edu/api/access/datafile/10300970,L1L,Grade_A,960x1440,JPEG,CC0 1.0 Universal (public domain dedication),2026-08-05,10300970,8b2bafbfdd81bad02d1cfc3cfed718bb,kaliua_3137.jpg,quality digit 1 = Choice quality -> Grade_A,2984.94
A_L1L_10299949.jpg,"Tobacco leaves dataset (Virginia flue-cured, Tanzania)",https://dataverse.harvard.edu/api/access/datafile/10299949,L1L,Grade_A,960x1440,JPEG,CC0 1.0 Universal (public domain dedication),2026-08-05,10299949,35e75522149e5efd91e351675032c60f,uyui_94.jpg,quality digit 1 = Choice quality -> Grade_A,1640.62
A_L1L_10300828.jpg,"Tobacco leaves dataset (Virginia flue-cured, Tanzania)",https://dataverse.harvard.edu/api/access/datafile/10300828,L1L,Grade_A,960x1440,JPEG,CC0 1.0 Universal (public domain dedication),2026-08-05,10300828,030a0e044576faaa8fbcbff0e96b56ef,kaliua_3136.jpg,quality digit 1 = Choice quality -> Grade_A,3193.31
A_L1L_10297079.jpg,"Tobacco leaves dataset (Virginia flue-cured, Tanzania)",https://dataverse.harvard.edu/api/access/datafile/10297079,L1L,Grade_A,960x1440,JPEG,CC0 1.0 Universal (public domain dedication),2026-08-05,10297079,2bca8831073fbf89d54940c084ea6a59,kaliua_5392.jpg,quality digit 1 = Choice quality -> Grade_A,3072.17
A_L1L_10297224.jpg,"Tobacco leaves dataset (Virginia flue-cured, Tanzania)",https://dataverse.harvard.edu/api/access/datafile/10297224,L1L,Grade_A,960x1440,JPEG,CC0 1.0 Universal (public domain dedication),2026-08-05,10297224,ccb93c8c764836ed0ffb5d5faea71ab0,urambo_3698.jpg,quality digit 1 = Choice quality -> Grade_A,3000.85
A_L1L_10297191.jpg,"Tobacco leaves dataset (Virginia flue-cured, Tanzania)",https://dataverse.harvard.edu/api/access/datafile/10297191,L1L,Grade_A,960x1440,JPEG,CC0 1.0 Universal (public domain dedication),2026-08-05,10297191,80da9da1a235164cd400b9f1c00d5eb4,urambo_3542.jpg,quality digit 1 = Choice quality -> Grade_A,2927.97
A_L1L_10301852.jpg,"Tobacco leaves dataset (Virginia flue-cured, Tanzania)",https://dataverse.harvard.edu/api/access/datafile/10301852,L1L,Grade_A,960x1440,JPEG,CC0 1.0 Universal (public domain dedication),2026-08-05,10301852,9a2a428c2c3b59eb00ceb0d821aa883f,manispaa_6815.jpg,quality digit 1 = Choice quality -> Grade_A,2338.74
A_L1L_10297006.jpg,"Tobacco leaves dataset (Virginia flue-cured, Tanzania)",https://dataverse.harvard.edu/api/access/datafile/10297006,L1L,Grade_A,960x1440,JPEG,CC0 1.0 Universal (public domain dedication),2026-08-05,10297006,2e874d8fbef2f755c54aa447781ced36,kaliua_5509.jpg,quality digit 1 = Choice quality -> Grade_A,2031.7
A_L1L_10296969.jpg,"Tobacco leaves dataset (Virginia flue-cured, Tanzania)",https://dataverse.harvard.edu/api/access/datafile/10296969,L1L,Grade_A,960x1440,JPEG,CC0 1.0 Universal (public domain dedication),2026-08-05,10296969,5cc1f9cf6fc4fea362c3dad46bbfaee6,manispaa_12689.jpg,quality digit 1 = Choice quality -> Grade_A,2130.52
A_L1L_10302014.jpg,"Tobacco leaves dataset (Virginia flue-cured, Tanzania)",https://dataverse.harvard.edu/api/access/datafile/10302014,L1L,Grade_A,960x1440,JPEG,CC0 1.0 Universal (public domain dedication),2026-08-05,10302014,64696de69c5e4d032b0973314657dd7d,uyui_3148.jpg,quality digit 1 = Choice quality -> Grade_A,1981.12
A_L1L_10300583.jpg,"Tobacco leaves dataset (Virginia flue-cured, Tanzania)",https://dataverse.harvard.edu/api/access/datafile/10300583,L1L,Grade_A,960x1440,JPEG,CC0 1.0 Universal (public domain dedication),2026-08-05,10300583,a4314b55128c61d9f72493cdcc60c302,uyui_6457.jpg,quality digit 1 = Choice quality -> Grade_A,2822.57
A_L1L_10296889.jpg,"Tobacco leaves dataset (Virginia flue-cured, Tanzania)",https://dataverse.harvard.edu/api/access/datafile/10296889,L1L,Grade_A,960x1440,JPEG,CC0 1.0 Universal (public domain dedication),2026-08-05,10296889,8016d1af80070e33dc118bc0e9c21be1,kaliua_2751.jpg,quality digit 1 = Choice quality -> Grade_A,2482.49
A_L1L_10301033.jpg,"Tobacco leaves dataset (Virginia flue-cured, Tanzania)",https://dataverse.harvard.edu/api/access/datafile/10301033,L1L,Grade_A,960x1440,JPEG,CC0 1.0 Universal (public domain dedication),2026-08-05,10301033,6f6d939afc2f2892cd831fd1160d9fc4,kaliua_2960.jpg,quality digit 1 = Choice quality -> Grade_A,2714.82
A_L1L_10299938.jpg,"Tobacco leaves dataset (Virginia flue-cured, Tanzania)",https://dataverse.harvard.edu/api/access/datafile/10299938,L1L,Grade_A,960x1440,JPEG,CC0 1.0 Universal (public domain dedication),2026-08-05,10299938,33a73ffd147b8bcbd83a60c6101a278f,uyui_12897.jpg,quality digit 1 = Choice quality -> Grade_A,2266.59
A_L1L_10297662.jpg,"Tobacco leaves dataset (Virginia flue-cured, Tanzania)",https://dataverse.harvard.edu/api/access/datafile/10297662,L1L,Grade_A,960x1440,JPEG,CC0 1.0 Universal (public domain dedication),2026-08-05,10297662,24f4b6537dc274402a7d4cc9ec838960,urambo_1971.jpg,quality digit 1 = Choice quality -> Grade_A,2478.99
A_L1L_10301029.jpg,"Tobacco leaves dataset (Virginia flue-cured, Tanzania)",https://dataverse.harvard.edu/api/access/datafile/10301029,L1L,Grade_A,960x1440,JPEG,CC0 1.0 Universal (public domain dedication),2026-08-05,10301029,73d5e27ca58886c9cecc47bdcd90b0b7,kaliua_3222.jpg,quality digit 1 = Choice quality -> Grade_A,2356.93
A_L1L_10302081.jpg,"Tobacco leaves dataset (Virginia flue-cured, Tanzania)",https://dataverse.harvard.edu/api/access/datafile/10302081,L1L,Grade_A,960x1440,JPEG,CC0 1.0 Universal (public domain dedication),2026-08-05,10302081,8238e8137cc563da55d74e2d58eb4a29,uyui_2890.jpg,quality digit 1 = Choice quality -> Grade_A,2101.33
A_L1L_10296936.jpg,"Tobacco leaves dataset (Virginia flue-cured, Tanzania)",https://dataverse.harvard.edu/api/access/datafile/10296936,L1L,Grade_A,960x1440,JPEG,CC0 1.0 Universal (public domain dedication),2026-08-05,10296936,4c10cbd547fa66d67de97e1c8567de57,kaliua_5342.jpg,quality digit 1 = Choice quality -> Grade_A,3481.78
A_L1L_10300152.jpg,"Tobacco leaves dataset (Virginia flue-cured, Tanzania)",https://dataverse.harvard.edu/api/access/datafile/10300152,L1L,Grade_A,960x1440,JPEG,CC0 1.0 Universal (public domain dedication),2026-08-05,10300152,c9a10dfce83e64cd47214ae5e0190ad3,uyui_6357.jpg,quality digit 1 = Choice quality -> Grade_A,1950.29
A_L1L_10297190.jpg,"Tobacco leaves dataset (Virginia flue-cured, Tanzania)",https://dataverse.harvard.edu/api/access/datafile/10297190,L1L,Grade_A,960x1440,JPEG,CC0 1.0 Universal (public domain dedication),2026-08-05,10297190,e202888f5db5ce064c78dd7002377332,manispaa_143.jpg,quality digit 1 = Choice quality -> Grade_A,2411.54
A_L1L_10301665.jpg,"Tobacco leaves dataset (Virginia flue-cured, Tanzania)",https://dataverse.harvard.edu/api/access/datafile/10301665,L1L,Grade_A,960x1440,JPEG,CC0 1.0 Universal (public domain dedication),2026-08-05,10301665,cb908c3a9fa98e3d402805d02e96315f,manispaa_6721.jpg,quality digit 1 = Choice quality -> Grade_A,2264.98
A_L1L_10301586.jpg,"Tobacco leaves dataset (Virginia flue-cured, Tanzania)",https://dataverse.harvard.edu/api/access/datafile/10301586,L1L,Grade_A,960x1440,JPEG,CC0 1.0 Universal (public domain dedication),2026-08-05,10301586,04fe93972260bd09f96d08dccb502006,uyui_2900.jpg,quality digit 1 = Choice quality -> Grade_A,2515.55
A_L1L_10301574.jpg,"Tobacco leaves dataset (Virginia flue-cured, Tanzania)",https://dataverse.harvard.edu/api/access/datafile/10301574,L1L,Grade_A,960x1440,JPEG,CC0 1.0 Universal (public domain dedication),2026-08-05,10301574,5c2e26624d706e8639edf66b7c28be47,manispaa_6807.jpg,quality digit 1 = Choice quality -> Grade_A,2281.89
A_L1L_10297004.jpg,"Tobacco leaves dataset (Virginia flue-cured, Tanzania)",https://dataverse.harvard.edu/api/access/datafile/10297004,L1L,Grade_A,960x1440,JPEG,CC0 1.0 Universal (public domain dedication),2026-08-05,10297004,cacd4ca9f5c1a4a07b9c94dd0f421421,kaliua_5574.jpg,quality digit 1 = Choice quality -> Grade_A,2375.38
A_L1L_10301511.jpg,"Tobacco leaves dataset (Virginia flue-cured, Tanzania)",https://dataverse.harvard.edu/api/access/datafile/10301511,L1L,Grade_A,960x1440,JPEG,CC0 1.0 Universal (public domain dedication),2026-08-05,10301511,6e0ae7770dd1b1077d112af81b3d2ba0,manispaa_9750.jpg,quality digit 1 = Choice quality -> Grade_A,2433.57
A_L1L_10301370.jpg,"Tobacco leaves dataset (Virginia flue-cured, Tanzania)",https://dataverse.harvard.edu/api/access/datafile/10301370,L1L,Grade_A,960x1440,JPEG,CC0 1.0 Universal (public domain dedication),2026-08-05,10301370,03fd07ede14162f238bc9a4afda08d0f,uyui_48.jpg,quality digit 1 = Choice quality -> Grade_A,1532.78
A_L1L_10301643.jpg,"Tobacco leaves dataset (Virginia flue-cured, Tanzania)",https://dataverse.harvard.edu/api/access/datafile/10301643,L1L,Grade_A,960x1440,JPEG,CC0 1.0 Universal (public domain dedication),2026-08-05,10301643,cc3c8a8c49e12aa76c3e068b347a08a2,uyui_3190.jpg,quality digit 1 = Choice quality -> Grade_A,1664.52
A_L1L_10301292.jpg,"Tobacco leaves dataset (Virginia flue-cured, Tanzania)",https://dataverse.harvard.edu/api/access/datafile/10301292,L1L,Grade_A,960x1440,JPEG,CC0 1.0 Universal (public domain dedication),2026-08-05,10301292,cabb341b551145d544455baaed78e7dd,uyui_3153.jpg,quality digit 1 = Choice quality -> Grade_A,1938.99
A_L1L_10297552.jpg,"Tobacco leaves dataset (Virginia flue-cured, Tanzania)",https://dataverse.harvard.edu/api/access/datafile/10297552,L1L,Grade_A,960x1440,JPEG,CC0 1.0 Universal (public domain dedication),2026-08-05,10297552,4d642def5d7a8c27501b868e8787597e,urambo_3657.jpg,quality digit 1 = Choice quality -> Grade_A,3069.19
A_L1L_10301322.jpg,"Tobacco leaves dataset (Virginia flue-cured, Tanzania)",https://dataverse.harvard.edu/api/access/datafile/10301322,L1L,Grade_A,960x1440,JPEG,CC0 1.0 Universal (public domain dedication),2026-08-05,10301322,69ed6c9845d21054db7e9cbe27be4686,uyui_3184.jpg,quality digit 1 = Choice quality -> Grade_A,1432.19
A_L1L_10297050.jpg,"Tobacco leaves dataset (Virginia flue-cured, Tanzania)",https://dataverse.harvard.edu/api/access/datafile/10297050,L1L,Grade_A,960x1440,JPEG,CC0 1.0 Universal (public domain dedication),2026-08-05,10297050,cd18e7cd023b35cb445f50d2f99d2d89,kaliua_2763.jpg,quality digit 1 = Choice quality -> Grade_A,2264.57
A_L1L_10297378.jpg,"Tobacco leaves dataset (Virginia flue-cured, Tanzania)",https://dataverse.harvard.edu/api/access/datafile/10297378,L1L,Grade_A,960x1440,JPEG,CC0 1.0 Universal (public domain dedication),2026-08-05,10297378,329e685c7e9cc769ff93136b495ceeb8,Pro-Capture One 12808.jpg,quality digit 1 = Choice quality -> Grade_A,2133.31
A_L1L_10300340.jpg,"Tobacco leaves dataset (Virginia flue-cured, Tanzania)",https://dataverse.harvard.edu/api/access/datafile/10300340,L1L,Grade_A,960x1440,JPEG,CC0 1.0 Universal (public domain dedication),2026-08-05,10300340,e1b2d76f1d539e625067ce66a78be6b6,uyui_12840.jpg,quality digit 1 = Choice quality -> Grade_A,2693.51
A_L1L_10297305.jpg,"Tobacco leaves dataset (Virginia flue-cured, Tanzania)",https://dataverse.harvard.edu/api/access/datafile/10297305,L1L,Grade_A,960x1440,JPEG,CC0 1.0 Universal (public domain dedication),2026-08-05,10297305,f766eeca46cbc39c4cf3242e9391e666,Pro-Capture One 12826.jpg,quality digit 1 = Choice quality -> Grade_A,2211.69
A_L1L_10296790.jpg,"Tobacco leaves dataset (Virginia flue-cured, Tanzania)",https://dataverse.harvard.edu/api/access/datafile/10296790,L1L,Grade_A,960x1440,JPEG,CC0 1.0 Universal (public domain dedication),2026-08-05,10296790,0b00fd36db8ee3aba9574a0a5336221c,manispaa_12677.jpg,quality digit 1 = Choice quality -> Grade_A,2372.62
A_L1L_10299946.jpg,"Tobacco leaves dataset (Virginia flue-cured, Tanzania)",https://dataverse.harvard.edu/api/access/datafile/10299946,L1L,Grade_A,960x1440,JPEG,CC0 1.0 Universal (public domain dedication),2026-08-05,10299946,2e21fe1236338f51afd7800023af1469,uyui_12881.jpg,quality digit 1 = Choice quality -> Grade_A,2152.09
A_L1L_10297859.jpg,"Tobacco leaves dataset (Virginia flue-cured, Tanzania)",https://dataverse.harvard.edu/api/access/datafile/10297859,L1L,Grade_A,960x1440,JPEG,CC0 1.0 Universal (public domain dedication),2026-08-05,10297859,03f5a888a5f5509e06ee8685929e3cc6,urambo_3602.jpg,quality digit 1 = Choice quality -> Grade_A,3519.28
A_L1L_10300807.jpg,"Tobacco leaves dataset (Virginia flue-cured, Tanzania)",https://dataverse.harvard.edu/api/access/datafile/10300807,L1L,Grade_A,960x1440,JPEG,CC0 1.0 Universal (public domain dedication),2026-08-05,10300807,9f78f500a20a5317f75d18aba3c8810a,kaliua_2944.jpg,quality digit 1 = Choice quality -> Grade_A,2311.09
A_L1L_10297249.jpg,"Tobacco leaves dataset (Virginia flue-cured, Tanzania)",https://dataverse.harvard.edu/api/access/datafile/10297249,L1L,Grade_A,960x1440,JPEG,CC0 1.0 Universal (public domain dedication),2026-08-05,10297249,64db65f08173553f303831b69be71d81,manispaa_148.jpg,quality digit 1 = Choice quality -> Grade_A,2977.19
A_L1L_10297764.jpg,"Tobacco leaves dataset (Virginia flue-cured, Tanzania)",https://dataverse.harvard.edu/api/access/datafile/10297764,L1L,Grade_A,960x1440,JPEG,CC0 1.0 Universal (public domain dedication),2026-08-05,10297764,8a94d030bed3a69c4409b61d49c358ae,urambo_3647.jpg,quality digit 1 = Choice quality -> Grade_A,3343.24
A_L1L_10301879.jpg,"Tobacco leaves dataset (Virginia flue-cured, Tanzania)",https://dataverse.harvard.edu/api/access/datafile/10301879,L1L,Grade_A,960x1440,JPEG,CC0 1.0 Universal (public domain dedication),2026-08-05,10301879,2d86e72cd79568eaf5543f167e50f822,uyui_3392.jpg,quality digit 1 = Choice quality -> Grade_A,2200.36
A_L1L_10301551.jpg,"Tobacco leaves dataset (Virginia flue-cured, Tanzania)",https://dataverse.harvard.edu/api/access/datafile/10301551,L1L,Grade_A,960x1440,JPEG,CC0 1.0 Universal (public domain dedication),2026-08-05,10301551,d60b490e9e816cc17fc267f8c86d8e92,uyui_3335.jpg,quality digit 1 = Choice quality -> Grade_A,1433.08
A_L1L_10302009.jpg,"Tobacco leaves dataset (Virginia flue-cured, Tanzania)",https://dataverse.harvard.edu/api/access/datafile/10302009,L1L,Grade_A,960x1440,JPEG,CC0 1.0 Universal (public domain dedication),2026-08-05,10302009,c4c8d898b2dc5470020e4da84305256b,uyui_3191.jpg,quality digit 1 = Choice quality -> Grade_A,1805.83
A_L1L_10297106.jpg,"Tobacco leaves dataset (Virginia flue-cured, Tanzania)",https://dataverse.harvard.edu/api/access/datafile/10297106,L1L,Grade_A,960x1440,JPEG,CC0 1.0 Universal (public domain dedication),2026-08-05,10297106,36cf59be012cfc34d826d354d6524d2e,manispaa_106.jpg,quality digit 1 = Choice quality -> Grade_A,2223.95
A_L1L_10297458.jpg,"Tobacco leaves dataset (Virginia flue-cured, Tanzania)",https://dataverse.harvard.edu/api/access/datafile/10297458,L1L,Grade_A,960x1440,JPEG,CC0 1.0 Universal (public domain dedication),2026-08-05,10297458,24772bb6a0fd14e66d3ad24e13ed99bd,manispaa_12729.jpg,quality digit 1 = Choice quality -> Grade_A,2457.12
A_L1L_10300991.jpg,"Tobacco leaves dataset (Virginia flue-cured, Tanzania)",https://dataverse.harvard.edu/api/access/datafile/10300991,L1L,Grade_A,960x1440,JPEG,CC0 1.0 Universal (public domain dedication),2026-08-05,10300991,32f8e724be4644b5615643e10ba9e5be,kaliua_2934.jpg,quality digit 1 = Choice quality -> Grade_A,2174.03
A_L1L_10297227.jpg,"Tobacco leaves dataset (Virginia flue-cured, Tanzania)",https://dataverse.harvard.edu/api/access/datafile/10297227,L1L,Grade_A,960x1440,JPEG,CC0 1.0 Universal (public domain dedication),2026-08-05,10297227,d405face2d86be97c37f03a9d0c78a56,manispaa_12708.jpg,quality digit 1 = Choice quality -> Grade_A,2345.71
A_L1L_10300841.jpg,"Tobacco leaves dataset (Virginia flue-cured, Tanzania)",https://dataverse.harvard.edu/api/access/datafile/10300841,L1L,Grade_A,960x1440,JPEG,CC0 1.0 Universal (public domain dedication),2026-08-05,10300841,cf7d44a25acc5879849911bf30a6d026,kaliua_2889.jpg,quality digit 1 = Choice quality -> Grade_A,2552.22
A_L1L_10297355.jpg,"Tobacco leaves dataset (Virginia flue-cured, Tanzania)",https://dataverse.harvard.edu/api/access/datafile/10297355,L1L,Grade_A,960x1440,JPEG,CC0 1.0 Universal (public domain dedication),2026-08-05,10297355,abb56c466833234be3c34142d1892d22,manispaa_15.jpg,quality digit 1 = Choice quality -> Grade_A,1938.1
A_L1L_10297337.jpg,"Tobacco leaves dataset (Virginia flue-cured, Tanzania)",https://dataverse.harvard.edu/api/access/datafile/10297337,L1L,Grade_A,960x1440,JPEG,CC0 1.0 Universal (public domain dedication),2026-08-05,10297337,c0b1bf5427c98fb64e897e354a0501a4,urambo_5255.jpg,quality digit 1 = Choice quality -> Grade_A,4556.19
A_L1L_10302139.jpg,"Tobacco leaves dataset (Virginia flue-cured, Tanzania)",https://dataverse.harvard.edu/api/access/datafile/10302139,L1L,Grade_A,960x1440,JPEG,CC0 1.0 Universal (public domain dedication),2026-08-05,10302139,13731945f5aab184f2da00e584e34903,manispaa_6926.jpg,quality digit 1 = Choice quality -> Grade_A,2098.35
A_L1L_10297630.jpg,"Tobacco leaves dataset (Virginia flue-cured, Tanzania)",https://dataverse.harvard.edu/api/access/datafile/10297630,L1L,Grade_A,960x1440,JPEG,CC0 1.0 Universal (public domain dedication),2026-08-05,10297630,7d9080b1e79a94f70e9ad681a4770a8c,urambo_3574.jpg,quality digit 1 = Choice quality -> Grade_A,3070.77
A_L1L_10301025.jpg,"Tobacco leaves dataset (Virginia flue-cured, Tanzania)",https://dataverse.harvard.edu/api/access/datafile/10301025,L1L,Grade_A,960x1440,JPEG,CC0 1.0 Universal (public domain dedication),2026-08-05,10301025,7e9fb206052f4abb7c9f3110fcbf8699,kaliua_2787.jpg,quality digit 1 = Choice quality -> Grade_A,2330.18
A_L1L_10300022.jpg,"Tobacco leaves dataset (Virginia flue-cured, Tanzania)",https://dataverse.harvard.edu/api/access/datafile/10300022,L1L,Grade_A,960x1440,JPEG,CC0 1.0 Universal (public domain dedication),2026-08-05,10300022,7518ba61c04e234d0551a45caad36b71,uyui_91.jpg,quality digit 1 = Choice quality -> Grade_A,1718.11
A_L1L_10297779.jpg,"Tobacco leaves dataset (Virginia flue-cured, Tanzania)",https://dataverse.harvard.edu/api/access/datafile/10297779,L1L,Grade_A,960x1440,JPEG,CC0 1.0 Universal (public domain dedication),2026-08-05,10297779,f04e27b60a3e0004eca7cb3b683ad0a1,Pro-Capture One 12806.jpg,quality digit 1 = Choice quality -> Grade_A,2049.42
A_L1L_10302051.jpg,"Tobacco leaves dataset (Virginia flue-cured, Tanzania)",https://dataverse.harvard.edu/api/access/datafile/10302051,L1L,Grade_A,960x1440,JPEG,CC0 1.0 Universal (public domain dedication),2026-08-05,10302051,36e6c0491d9b43371fe0f8dd718775d2,uyui_3271.jpg,quality digit 1 = Choice quality -> Grade_A,1780.22
A_L1L_10299992.jpg,"Tobacco leaves dataset (Virginia flue-cured, Tanzania)",https://dataverse.harvard.edu/api/access/datafile/10299992,L1L,Grade_A,960x1440,JPEG,CC0 1.0 Universal (public domain dedication),2026-08-05,10299992,51f6b119a3d56fa70cc18001ad73991d,uyui_99.jpg,quality digit 1 = Choice quality -> Grade_A,1531.92
A_L1L_10300468.jpg,"Tobacco leaves dataset (Virginia flue-cured, Tanzania)",https://dataverse.harvard.edu/api/access/datafile/10300468,L1L,Grade_A,960x1440,JPEG,CC0 1.0 Universal (public domain dedication),2026-08-05,10300468,92bf52f84b8ac3415302e6f71d9b1141,uyui_12944.jpg,quality digit 1 = Choice quality -> Grade_A,2314.91
A_L1L_10301714.jpg,"Tobacco leaves dataset (Virginia flue-cured, Tanzania)",https://dataverse.harvard.edu/api/access/datafile/10301714,L1L,Grade_A,960x1440,JPEG,CC0 1.0 Universal (public domain dedication),2026-08-05,10301714,e53ceb342e20157f46a465bdc45041ac,uyui_3058.jpg,quality digit 1 = Choice quality -> Grade_A,2203.27
A_L1L_10301294.jpg,"Tobacco leaves dataset (Virginia flue-cured, Tanzania)",https://dataverse.harvard.edu/api/access/datafile/10301294,L1L,Grade_A,960x1440,JPEG,CC0 1.0 Universal (public domain dedication),2026-08-05,10301294,e85478ef1cae3db3287a4ff84ff9b0d0,uyui_3024.jpg,quality digit 1 = Choice quality -> Grade_A,2729.92
A_L1L_10300126.jpg,"Tobacco leaves dataset (Virginia flue-cured, Tanzania)",https://dataverse.harvard.edu/api/access/datafile/10300126,L1L,Grade_A,960x1440,JPEG,CC0 1.0 Universal (public domain dedication),2026-08-05,10300126,da3770d10db8931b6a4e2900e1ba102b,uyui_6333.jpg,quality digit 1 = Choice quality -> Grade_A,1775.04
A_L1L_10300225.jpg,"Tobacco leaves dataset (Virginia flue-cured, Tanzania)",https://dataverse.harvard.edu/api/access/datafile/10300225,L1L,Grade_A,960x1440,JPEG,CC0 1.0 Universal (public domain dedication),2026-08-05,10300225,9b92201495062bf56f2236e6cacb1788,uyui_6449.jpg,quality digit 1 = Choice quality -> Grade_A,2162.69
A_L1L_10297210.jpg,"Tobacco leaves dataset (Virginia flue-cured, Tanzania)",https://dataverse.harvard.edu/api/access/datafile/10297210,L1L,Grade_A,960x1440,JPEG,CC0 1.0 Universal (public domain dedication),2026-08-05,10297210,51987d8d4606dfa2190ba55eac145b0e,urambo_3648.jpg,quality digit 1 = Choice quality -> Grade_A,3591.64
A_L1L_10297111.jpg,"Tobacco leaves dataset (Virginia flue-cured, Tanzania)",https://dataverse.harvard.edu/api/access/datafile/10297111,L1L,Grade_A,960x1440,JPEG,CC0 1.0 Universal (public domain dedication),2026-08-05,10297111,f2664523ce5b04b1768aa48dcce1a2e2,kaliua_5442.jpg,quality digit 1 = Choice quality -> Grade_A,3018.49
A_L1L_10301222.jpg,"Tobacco leaves dataset (Virginia flue-cured, Tanzania)",https://dataverse.harvard.edu/api/access/datafile/10301222,L1L,Grade_A,960x1440,JPEG,CC0 1.0 Universal (public domain dedication),2026-08-05,10301222,a809ead4dd442fed242ea098d7016896,manispaa_6814.jpg,quality digit 1 = Choice quality -> Grade_A,2301.38
A_L1L_10297678.jpg,"Tobacco leaves dataset (Virginia flue-cured, Tanzania)",https://dataverse.harvard.edu/api/access/datafile/10297678,L1L,Grade_A,960x1440,JPEG,CC0 1.0 Universal (public domain dedication),2026-08-05,10297678,b82313c25661b8bca0ca05f06dd716f9,manispaa_9791.jpg,quality digit 1 = Choice quality -> Grade_A,2133.99
A_L1L_10301122.jpg,"Tobacco leaves dataset (Virginia flue-cured, Tanzania)",https://dataverse.harvard.edu/api/access/datafile/10301122,L1L,Grade_A,960x1440,JPEG,CC0 1.0 Universal (public domain dedication),2026-08-05,10301122,48a5142521c2fd95630a6871dd6e9299,kaliua_2992.jpg,quality digit 1 = Choice quality -> Grade_A,1289.56
A_L1L_10300749.jpg,"Tobacco leaves dataset (Virginia flue-cured, Tanzania)",https://dataverse.harvard.edu/api/access/datafile/10300749,L1L,Grade_A,960x1440,JPEG,CC0 1.0 Universal (public domain dedication),2026-08-05,10300749,36e3ac5466f067cab2c9ece68ca4db7c,kaliua_2794.jpg,quality digit 1 = Choice quality -> Grade_A,2854.59
A_L1L_10296984.jpg,"Tobacco leaves dataset (Virginia flue-cured, Tanzania)",https://dataverse.harvard.edu/api/access/datafile/10296984,L1L,Grade_A,960x1440,JPEG,CC0 1.0 Universal (public domain dedication),2026-08-05,10296984,844774a6bd0a5826f2524edff140c379,kaliua_5481.jpg,quality digit 1 = Choice quality -> Grade_A,2911.67
A_L1L_10297492.jpg,"Tobacco leaves dataset (Virginia flue-cured, Tanzania)",https://dataverse.harvard.edu/api/access/datafile/10297492,L1L,Grade_A,960x1440,JPEG,CC0 1.0 Universal (public domain dedication),2026-08-05,10297492,c37ca25ebee516c2d878461c63b883ea,Pro-Capture One 12838.jpg,quality digit 1 = Choice quality -> Grade_A,2191.37
A_L1L_10297479.jpg,"Tobacco leaves dataset (Virginia flue-cured, Tanzania)",https://dataverse.harvard.edu/api/access/datafile/10297479,L1L,Grade_A,960x1440,JPEG,CC0 1.0 Universal (public domain dedication),2026-08-05,10297479,6dd7d150f8f07e431dc6fd6ccdeb0560,urambo_3565.jpg,quality digit 1 = Choice quality -> Grade_A,2947.61
A_L1L_10300292.jpg,"Tobacco leaves dataset (Virginia flue-cured, Tanzania)",https://dataverse.harvard.edu/api/access/datafile/10300292,L1L,Grade_A,960x1440,JPEG,CC0 1.0 Universal (public domain dedication),2026-08-05,10300292,dfa59ca86c54441c0f0706dd5c23339a,uyui_6678.jpg,quality digit 1 = Choice quality -> Grade_A,3352.97
A_L1L_10301090.jpg,"Tobacco leaves dataset (Virginia flue-cured, Tanzania)",https://dataverse.harvard.edu/api/access/datafile/10301090,L1L,Grade_A,960x1440,JPEG,CC0 1.0 Universal (public domain dedication),2026-08-05,10301090,9c063202ce271cf544e87e287edf6b43,kaliua_2965.jpg,quality digit 1 = Choice quality -> Grade_A,2332.8
A_L1L_10297593.jpg,"Tobacco leaves dataset (Virginia flue-cured, Tanzania)",https://dataverse.harvard.edu/api/access/datafile/10297593,L1L,Grade_A,960x1440,JPEG,CC0 1.0 Universal (public domain dedication),2026-08-05,10297593,8e1101b5394d4e6546ad542974091225,manispaa_137.jpg,quality digit 1 = Choice quality -> Grade_A,2945.43
A_L1L_10301227.jpg,"Tobacco leaves dataset (Virginia flue-cured, Tanzania)",https://dataverse.harvard.edu/api/access/datafile/10301227,L1L,Grade_A,960x1440,JPEG,CC0 1.0 Universal (public domain dedication),2026-08-05,10301227,1c1e7d8a051109360de68c14fdeb3b81,uyui_44.jpg,quality digit 1 = Choice quality -> Grade_A,1740.79
A_L1L_10301347.jpg,"Tobacco leaves dataset (Virginia flue-cured, Tanzania)",https://dataverse.harvard.edu/api/access/datafile/10301347,L1L,Grade_A,960x1440,JPEG,CC0 1.0 Universal (public domain dedication),2026-08-05,10301347,07bd1f70f6a67da42118421627349401,uyui_3251.jpg,quality digit 1 = Choice quality -> Grade_A,1482.01
A_L1L_10300568.jpg,"Tobacco leaves dataset (Virginia flue-cured, Tanzania)",https://dataverse.harvard.edu/api/access/datafile/10300568,L1L,Grade_A,960x1440,JPEG,CC0 1.0 Universal (public domain dedication),2026-08-05,10300568,001f7837efd1c545cf136ee02d852e32,uyui_6602.jpg,quality digit 1 = Choice quality -> Grade_A,2879.52
A_L1L_10301432.jpg,"Tobacco leaves dataset (Virginia flue-cured, Tanzania)",https://dataverse.harvard.edu/api/access/datafile/10301432,L1L,Grade_A,960x1440,JPEG,CC0 1.0 Universal (public domain dedication),2026-08-05,10301432,44f1b244a72a6b998d24583377e45f4e,manispaa_6759.jpg,quality digit 1 = Choice quality -> Grade_A,2228.9
A_L1L_10297486.jpg,"Tobacco leaves dataset (Virginia flue-cured, Tanzania)",https://dataverse.harvard.edu/api/access/datafile/10297486,L1L,Grade_A,960x1440,JPEG,CC0 1.0 Universal (public domain dedication),2026-08-05,10297486,dbe8933c642e291089e3f2d0842d5b06,manispaa_26.jpg,quality digit 1 = Choice quality -> Grade_A,1244.97
A_L1L_10301605.jpg,"Tobacco leaves dataset (Virginia flue-cured, Tanzania)",https://dataverse.harvard.edu/api/access/datafile/10301605,L1L,Grade_A,960x1440,JPEG,CC0 1.0 Universal (public domain dedication),2026-08-05,10301605,79d8b4f55ac3ee4dcf26ac7973dc327c,manispaa_92.jpg,quality digit 1 = Choice quality -> Grade_A,1890.68
A_L1L_10296895.jpg,"Tobacco leaves dataset (Virginia flue-cured, Tanzania)",https://dataverse.harvard.edu/api/access/datafile/10296895,L1L,Grade_A,960x1440,JPEG,CC0 1.0 Universal (public domain dedication),2026-08-05,10296895,e5d6c8b5dc5cf4ea7335d5b2aec92130,manispaa_12667.jpg,quality digit 1 = Choice quality -> Grade_A,3131.93
A_L1L_10300120.jpg,"Tobacco leaves dataset (Virginia flue-cured, Tanzania)",https://dataverse.harvard.edu/api/access/datafile/10300120,L1L,Grade_A,960x1440,JPEG,CC0 1.0 Universal (public domain dedication),2026-08-05,10300120,c9d999539df7538272694555a9f48555,uyui_9745.jpg,quality digit 1 = Choice quality -> Grade_A,2969.9
A_L1L_10300412.jpg,"Tobacco leaves dataset (Virginia flue-cured, Tanzania)",https://dataverse.harvard.edu/api/access/datafile/10300412,L1L,Grade_A,960x1440,JPEG,CC0 1.0 Universal (public domain dedication),2026-08-05,10300412,09c8c8e587edb3df94d192d588b6300d,uyui_6501.jpg,quality digit 1 = Choice quality -> Grade_A,2135.76
A_L1L_10301238.jpg,"Tobacco leaves dataset (Virginia flue-cured, Tanzania)",https://dataverse.harvard.edu/api/access/datafile/10301238,L1L,Grade_A,960x1440,JPEG,CC0 1.0 Universal (public domain dedication),2026-08-05,10301238,f3e7a42d8fd1cbc6a5c3dd1a8f077f24,manispaa_9714.jpg,quality digit 1 = Choice quality -> Grade_A,2225.68
A_L1L_10300033.jpg,"Tobacco leaves dataset (Virginia flue-cured, Tanzania)",https://dataverse.harvard.edu/api/access/datafile/10300033,L1L,Grade_A,960x1440,JPEG,CC0 1.0 Universal (public domain dedication),2026-08-05,10300033,54c4ddd56dbbb6fe5b6600960bb858b6,uyui_6338.jpg,quality digit 1 = Choice quality -> Grade_A,1595.37
A_L1L_10297785.jpg,"Tobacco leaves dataset (Virginia flue-cured, Tanzania)",https://dataverse.harvard.edu/api/access/datafile/10297785,L1L,Grade_A,960x1440,JPEG,CC0 1.0 Universal (public domain dedication),2026-08-05,10297785,92f40c78fc24014f152f8f08e417c9f9,Pro-Capture One 12744.jpg,quality digit 1 = Choice quality -> Grade_A,2042.48
A_L1L_10297466.jpg,"Tobacco leaves dataset (Virginia flue-cured, Tanzania)",https://dataverse.harvard.edu/api/access/datafile/10297466,L1L,Grade_A,960x1440,JPEG,CC0 1.0 Universal (public domain dedication),2026-08-05,10297466,3aa7d103427cb7df49bc67f31c13f056,Pro-Capture One 12729.jpg,quality digit 1 = Choice quality -> Grade_A,2285.36
A_L1L_10297516.jpg,"Tobacco leaves dataset (Virginia flue-cured, Tanzania)",https://dataverse.harvard.edu/api/access/datafile/10297516,L1L,Grade_A,960x1440,JPEG,CC0 1.0 Universal (public domain dedication),2026-08-05,10297516,ae33dc2e2c4349568a138f9607cd7256,urambo_1977.jpg,quality digit 1 = Choice quality -> Grade_A,2563.3
A_L1L_10299935.jpg,"Tobacco leaves dataset (Virginia flue-cured, Tanzania)",https://dataverse.harvard.edu/api/access/datafile/10299935,L1L,Grade_A,960x1440,JPEG,CC0 1.0 Universal (public domain dedication),2026-08-05,10299935,a4df93bb9ddbd75916553e42d881c66d,uyui_6480.jpg,quality digit 1 = Choice quality -> Grade_A,2977.14
A_L1L_10300484.jpg,"Tobacco leaves dataset (Virginia flue-cured, Tanzania)",https://dataverse.harvard.edu/api/access/datafile/10300484,L1L,Grade_A,960x1440,JPEG,CC0 1.0 Universal (public domain dedication),2026-08-05,10300484,dc49afcc1fb71ba93a6db2eb3fdb4313,uyui_6387.jpg,quality digit 1 = Choice quality -> Grade_A,1843.52
A_L1L_10297769.jpg,"Tobacco leaves dataset (Virginia flue-cured, Tanzania)",https://dataverse.harvard.edu/api/access/datafile/10297769,L1L,Grade_A,960x1440,JPEG,CC0 1.0 Universal (public domain dedication),2026-08-05,10297769,87c2c97db7babf9bf9d343a30a7032ef,manispaa_12724.jpg,quality digit 1 = Choice quality -> Grade_A,1881.21
A_L1L_10301000.jpg,"Tobacco leaves dataset (Virginia flue-cured, Tanzania)",https://dataverse.harvard.edu/api/access/datafile/10301000,L1L,Grade_A,960x1440,JPEG,CC0 1.0 Universal (public domain dedication),2026-08-05,10301000,f208ffa745f3629853bb6c547e31e353,kaliua_2826.jpg,quality digit 1 = Choice quality -> Grade_A,2322.71
A_L1L_10297329.jpg,"Tobacco leaves dataset (Virginia flue-cured, Tanzania)",https://dataverse.harvard.edu/api/access/datafile/10297329,L1L,Grade_A,960x1440,JPEG,CC0 1.0 Universal (public domain dedication),2026-08-05,10297329,dfd14e2e996dd3df0c47636825f94c4e,manispaa_23.jpg,quality digit 1 = Choice quality -> Grade_A,1750.41
A_L1L_10300574.jpg,"Tobacco leaves dataset (Virginia flue-cured, Tanzania)",https://dataverse.harvard.edu/api/access/datafile/10300574,L1L,Grade_A,960x1440,JPEG,CC0 1.0 Universal (public domain dedication),2026-08-05,10300574,a8e8e1c6a0dbc9f4a97333d45e4ce6fc,uyui_89.jpg,quality digit 1 = Choice quality -> Grade_A,1719.38
A_L1L_10300989.jpg,"Tobacco leaves dataset (Virginia flue-cured, Tanzania)",https://dataverse.harvard.edu/api/access/datafile/10300989,L1L,Grade_A,960x1440,JPEG,CC0 1.0 Universal (public domain dedication),2026-08-05,10300989,126bc84e2f3af836709bb6ef96ef2e4b,kaliua_2873.jpg,quality digit 1 = Choice quality -> Grade_A,2157.49
A_L1L_10301427.jpg,"Tobacco leaves dataset (Virginia flue-cured, Tanzania)",https://dataverse.harvard.edu/api/access/datafile/10301427,L1L,Grade_A,960x1440,JPEG,CC0 1.0 Universal (public domain dedication),2026-08-05,10301427,1cf29ad20f0e4aede10f6ceae3472be1,uyui_40.jpg,quality digit 1 = Choice quality -> Grade_A,1752.68
A_L1L_10300930.jpg,"Tobacco leaves dataset (Virginia flue-cured, Tanzania)",https://dataverse.harvard.edu/api/access/datafile/10300930,L1L,Grade_A,960x1440,JPEG,CC0 1.0 Universal (public domain dedication),2026-08-05,10300930,807fdd4d1cdac877f1be4e58e81a44c7,kaliua_3226.jpg,quality digit 1 = Choice quality -> Grade_A,2785.42
A_L1L_10296831.jpg,"Tobacco leaves dataset (Virginia flue-cured, Tanzania)",https://dataverse.harvard.edu/api/access/datafile/10296831,L1L,Grade_A,960x1440,JPEG,CC0 1.0 Universal (public domain dedication),2026-08-05,10296831,24ea5dda36b0767a14111cb321e50a49,manispaa_12668.jpg,quality digit 1 = Choice quality -> Grade_A,2091.51
A_L1L_10297143.jpg,"Tobacco leaves dataset (Virginia flue-cured, Tanzania)",https://dataverse.harvard.edu/api/access/datafile/10297143,L1L,Grade_A,960x1440,JPEG,CC0 1.0 Universal (public domain dedication),2026-08-05,10297143,2c58065c5bff3bc102b70762a4a57797,manispaa_12568.jpg,quality digit 1 = Choice quality -> Grade_A,2232.96
A_L1L_10300855.jpg,"Tobacco leaves dataset (Virginia flue-cured, Tanzania)",https://dataverse.harvard.edu/api/access/datafile/10300855,L1L,Grade_A,960x1440,JPEG,CC0 1.0 Universal (public domain dedication),2026-08-05,10300855,6c33af212fe7554602a7acdfc20b9752,kaliua_3014.jpg,quality digit 1 = Choice quality -> Grade_A,2325.77
A_L1L_10302011.jpg,"Tobacco leaves dataset (Virginia flue-cured, Tanzania)",https://dataverse.harvard.edu/api/access/datafile/10302011,L1L,Grade_A,960x1440,JPEG,CC0 1.0 Universal (public domain dedication),2026-08-05,10302011,fa6d3768cc153c40a92bb71ab8f15faa,uyui_3039.jpg,quality digit 1 = Choice quality -> Grade_A,2709.11
A_L1L_10300737.jpg,"Tobacco leaves dataset (Virginia flue-cured, Tanzania)",https://dataverse.harvard.edu/api/access/datafile/10300737,L1L,Grade_A,960x1440,JPEG,CC0 1.0 Universal (public domain dedication),2026-08-05,10300737,f077579fabbfedbe1f5b2517f497d439,kaliua_2910.jpg,quality digit 1 = Choice quality -> Grade_A,1918.39
A_L1L_10300615.jpg,"Tobacco leaves dataset (Virginia flue-cured, Tanzania)",https://dataverse.harvard.edu/api/access/datafile/10300615,L1L,Grade_A,960x1440,JPEG,CC0 1.0 Universal (public domain dedication),2026-08-05,10300615,4f27b1c05c7c6162d6103d2837237a0a,uyui_6666.jpg,quality digit 1 = Choice quality -> Grade_A,3009.25
A_L1L_10300752.jpg,"Tobacco leaves dataset (Virginia flue-cured, Tanzania)",https://dataverse.harvard.edu/api/access/datafile/10300752,L1L,Grade_A,960x1440,JPEG,CC0 1.0 Universal (public domain dedication),2026-08-05,10300752,71412d41516ca25f1e2390dba0e48c62,kaliua_2869.jpg,quality digit 1 = Choice quality -> Grade_A,2138.36
A_L1L_10297192.jpg,"Tobacco leaves dataset (Virginia flue-cured, Tanzania)",https://dataverse.harvard.edu/api/access/datafile/10297192,L1L,Grade_A,960x1440,JPEG,CC0 1.0 Universal (public domain dedication),2026-08-05,10297192,976112f9f646d0d6ada3424715e453c5,urambo_3737.jpg,quality digit 1 = Choice quality -> Grade_A,3229.6
A_L1L_10297277.jpg,"Tobacco leaves dataset (Virginia flue-cured, Tanzania)",https://dataverse.harvard.edu/api/access/datafile/10297277,L1L,Grade_A,960x1440,JPEG,CC0 1.0 Universal (public domain dedication),2026-08-05,10297277,96370756d67168574c5dcb04d84ca18b,manispaa_9787.jpg,quality digit 1 = Choice quality -> Grade_A,2599.83
A_L1L_10297865.jpg,"Tobacco leaves dataset (Virginia flue-cured, Tanzania)",https://dataverse.harvard.edu/api/access/datafile/10297865,L1L,Grade_A,960x1440,JPEG,CC0 1.0 Universal (public domain dedication),2026-08-05,10297865,91c2d09b9c686e6c40df9c3725919b91,Pro-Capture One 13695.jpg,quality digit 1 = Choice quality -> Grade_A,3544.81
A_L1L_10296932.jpg,"Tobacco leaves dataset (Virginia flue-cured, Tanzania)",https://dataverse.harvard.edu/api/access/datafile/10296932,L1L,Grade_A,960x1440,JPEG,CC0 1.0 Universal (public domain dedication),2026-08-05,10296932,756b15ca3c2b63900b2a22d56f225d7a,kaliua_5536.jpg,quality digit 1 = Choice quality -> Grade_A,2256.26
A_L1L_10297413.jpg,"Tobacco leaves dataset (Virginia flue-cured, Tanzania)",https://dataverse.harvard.edu/api/access/datafile/10297413,L1L,Grade_A,960x1440,JPEG,CC0 1.0 Universal (public domain dedication),2026-08-05,10297413,71a6a2b6e4b157b49376f48cd3c1a90d,urambo_1955.jpg,quality digit 1 = Choice quality -> Grade_A,2685.76
A_L1L_10301032.jpg,"Tobacco leaves dataset (Virginia flue-cured, Tanzania)",https://dataverse.harvard.edu/api/access/datafile/10301032,L1L,Grade_A,960x1440,JPEG,CC0 1.0 Universal (public domain dedication),2026-08-05,10301032,7720b698bffb484e1d26ffa4c359004c,kaliua_5276.jpg,quality digit 1 = Choice quality -> Grade_A,3290.57
A_L1L_10297513.jpg,"Tobacco leaves dataset (Virginia flue-cured, Tanzania)",https://dataverse.harvard.edu/api/access/datafile/10297513,L1L,Grade_A,960x1440,JPEG,CC0 1.0 Universal (public domain dedication),2026-08-05,10297513,74c8ff480b6e4b3f02595379de40a15b,manispaa_153.jpg,quality digit 1 = Choice quality -> Grade_A,2764.12
A_L1L_10301242.jpg,"Tobacco leaves dataset (Virginia flue-cured, Tanzania)",https://dataverse.harvard.edu/api/access/datafile/10301242,L1L,Grade_A,960x1440,JPEG,CC0 1.0 Universal (public domain dedication),2026-08-05,10301242,04e3d1389084216a86c6c52e5a8f2127,manispaa_6832.jpg,quality digit 1 = Choice quality -> Grade_A,2466.12
A_L1L_10300447.jpg,"Tobacco leaves dataset (Virginia flue-cured, Tanzania)",https://dataverse.harvard.edu/api/access/datafile/10300447,L1L,Grade_A,960x1440,JPEG,CC0 1.0 Universal (public domain dedication),2026-08-05,10300447,bad4da93328a266e9d30ce08687fb3e7,uyui_12907.jpg,quality digit 1 = Choice quality -> Grade_A,2438.25
A_L1L_10300161.jpg,"Tobacco leaves dataset (Virginia flue-cured, Tanzania)",https://dataverse.harvard.edu/api/access/datafile/10300161,L1L,Grade_A,960x1440,JPEG,CC0 1.0 Universal (public domain dedication),2026-08-05,10300161,6ee4e1d5a5025b877be4dc8e8923e39c,uyui_6622.jpg,quality digit 1 = Choice quality -> Grade_A,3650.57
A_L1L_10297045.jpg,"Tobacco leaves dataset (Virginia flue-cured, Tanzania)",https://dataverse.harvard.edu/api/access/datafile/10297045,L1L,Grade_A,960x1440,JPEG,CC0 1.0 Universal (public domain dedication),2026-08-05,10297045,d6784aa1d8c4bdfd89bfcab660739c90,manispaa_12584.jpg,quality digit 1 = Choice quality -> Grade_A,2422.09
A_L1L_10301154.jpg,"Tobacco leaves dataset (Virginia flue-cured, Tanzania)",https://dataverse.harvard.edu/api/access/datafile/10301154,L1L,Grade_A,960x1440,JPEG,CC0 1.0 Universal (public domain dedication),2026-08-05,10301154,e70071c20165260f6efc6394767424c3,kaliua_3049.jpg,quality digit 1 = Choice quality -> Grade_A,2167.85
A_L1L_10301365.jpg,"Tobacco leaves dataset (Virginia flue-cured, Tanzania)",https://dataverse.harvard.edu/api/access/datafile/10301365,L1L,Grade_A,960x1440,JPEG,CC0 1.0 Universal (public domain dedication),2026-08-05,10301365,69646c25881dcd7ea326b02cb0344556,uyui_23.jpg,quality digit 1 = Choice quality -> Grade_A,1519.86
A_L1L_10301570.jpg,"Tobacco leaves dataset (Virginia flue-cured, Tanzania)",https://dataverse.harvard.edu/api/access/datafile/10301570,L1L,Grade_A,960x1440,JPEG,CC0 1.0 Universal (public domain dedication),2026-08-05,10301570,fc32e2e491955901ce0606cfe3bd4c82,uyui_3061.jpg,quality digit 1 = Choice quality -> Grade_A,1823.33
A_L1L_10300136.jpg,"Tobacco leaves dataset (Virginia flue-cured, Tanzania)",https://dataverse.harvard.edu/api/access/datafile/10300136,L1L,Grade_A,960x1440,JPEG,CC0 1.0 Universal (public domain dedication),2026-08-05,10300136,a8e6dfd66607f4c722a0b39f3f299cf8,uyui_12902.jpg,quality digit 1 = Choice quality -> Grade_A,2557.78
A_L1L_10301338.jpg,"Tobacco leaves dataset (Virginia flue-cured, Tanzania)",https://dataverse.harvard.edu/api/access/datafile/10301338,L1L,Grade_A,960x1440,JPEG,CC0 1.0 Universal (public domain dedication),2026-08-05,10301338,cb88d242527765897fce29d5286e5133,uyui_2957.jpg,quality digit 1 = Choice quality -> Grade_A,2775.07
A_L1L_10301897.jpg,"Tobacco leaves dataset (Virginia flue-cured, Tanzania)",https://dataverse.harvard.edu/api/access/datafile/10301897,L1L,Grade_A,960x1440,JPEG,CC0 1.0 Universal (public domain dedication),2026-08-05,10301897,66e17b7b07b6efd143b923c23d8d1c31,uyui_141.jpg,quality digit 1 = Choice quality -> Grade_A,2659.36
A_L1L_10300573.jpg,"Tobacco leaves dataset (Virginia flue-cured, Tanzania)",https://dataverse.harvard.edu/api/access/datafile/10300573,L1L,Grade_A,960x1440,JPEG,CC0 1.0 Universal (public domain dedication),2026-08-05,10300573,5c1dea1a69c0dee71a3a114131f085fe,uyui_6348.jpg,quality digit 1 = Choice quality -> Grade_A,1496.14
A_L1L_10296608.jpg,"Tobacco leaves dataset (Virginia flue-cured, Tanzania)",https://dataverse.harvard.edu/api/access/datafile/10296608,L1L,Grade_A,960x1440,JPEG,CC0 1.0 Universal (public domain dedication),2026-08-05,10296608,2dd566699f6bed2a71bd1b179600e402,manispaa_12670.jpg,quality digit 1 = Choice quality -> Grade_A,2278.89
A_L1L_10300261.jpg,"Tobacco leaves dataset (Virginia flue-cured, Tanzania)",https://dataverse.harvard.edu/api/access/datafile/10300261,L1L,Grade_A,960x1440,JPEG,CC0 1.0 Universal (public domain dedication),2026-08-05,10300261,975f0d9e65839401f1962d821703a839,uyui_6493.jpg,quality digit 1 = Choice quality -> Grade_A,2358.04
A_L1L_10301750.jpg,"Tobacco leaves dataset (Virginia flue-cured, Tanzania)",https://dataverse.harvard.edu/api/access/datafile/10301750,L1L,Grade_A,960x1440,JPEG,CC0 1.0 Universal (public domain dedication),2026-08-05,10301750,7c44a9830be5a6c348428ab006b8268e,uyui_6252.jpg,quality digit 1 = Choice quality -> Grade_A,1214.88
A_L1L_10297298.jpg,"Tobacco leaves dataset (Virginia flue-cured, Tanzania)",https://dataverse.harvard.edu/api/access/datafile/10297298,L1L,Grade_A,960x1440,JPEG,CC0 1.0 Universal (public domain dedication),2026-08-05,10297298,368bb8977f3869f573b786691f29557a,urambo_3687.jpg,quality digit 1 = Choice quality -> Grade_A,2800.68
A_L1L_10297637.jpg,"Tobacco leaves dataset (Virginia flue-cured, Tanzania)",https://dataverse.harvard.edu/api/access/datafile/10297637,L1L,Grade_A,960x1440,JPEG,CC0 1.0 Universal (public domain dedication),2026-08-05,10297637,b817d7f4276ff420f4c3e8196639d942,Pro-Capture One 13692.jpg,quality digit 1 = Choice quality -> Grade_A,3150.85
A_L1L_10297274.jpg,"Tobacco leaves dataset (Virginia flue-cured, Tanzania)",https://dataverse.harvard.edu/api/access/datafile/10297274,L1L,Grade_A,960x1440,JPEG,CC0 1.0 Universal (public domain dedication),2026-08-05,10297274,7dd7cccd323234170024fd6f1cc01e4d,manispaa_6650.jpg,quality digit 1 = Choice quality -> Grade_A,2615.85
A_L1L_10297820.jpg,"Tobacco leaves dataset (Virginia flue-cured, Tanzania)",https://dataverse.harvard.edu/api/access/datafile/10297820,L1L,Grade_A,960x1440,JPEG,CC0 1.0 Universal (public domain dedication),2026-08-05,10297820,d2088ed9e45e212c0d32411ab0cde08f,Pro-Capture One 06458.jpg,quality digit 1 = Choice quality -> Grade_A,2159.35
A_L1L_10297835.jpg,"Tobacco leaves dataset (Virginia flue-cured, Tanzania)",https://dataverse.harvard.edu/api/access/datafile/10297835,L1L,Grade_A,960x1440,JPEG,CC0 1.0 Universal (public domain dedication),2026-08-05,10297835,c7b0ab244b01acd8909de86bb1dd7a0e,urambo_3704.jpg,quality digit 1 = Choice quality -> Grade_A,2942.39
A_L1L_10300543.jpg,"Tobacco leaves dataset (Virginia flue-cured, Tanzania)",https://dataverse.harvard.edu/api/access/datafile/10300543,L1L,Grade_A,960x1440,JPEG,CC0 1.0 Universal (public domain dedication),2026-08-05,10300543,beb10bbca2f0dec92e529eefc9bce0e9,uyui_12961.jpg,quality digit 1 = Choice quality -> Grade_A,3375.92
A_L1L_10301676.jpg,"Tobacco leaves dataset (Virginia flue-cured, Tanzania)",https://dataverse.harvard.edu/api/access/datafile/10301676,L1L,Grade_A,960x1440,JPEG,CC0 1.0 Universal (public domain dedication),2026-08-05,10301676,e51729cce08f91583b9e249d2d5b59ae,manispaa_6835.jpg,quality digit 1 = Choice quality -> Grade_A,2297.21
A_L1L_10297608.jpg,"Tobacco leaves dataset (Virginia flue-cured, Tanzania)",https://dataverse.harvard.edu/api/access/datafile/10297608,L1L,Grade_A,960x1440,JPEG,CC0 1.0 Universal (public domain dedication),2026-08-05,10297608,2ad15d1e49e8b3cca2cc982b9cdd0d7f,urambo_3591.jpg,quality digit 1 = Choice quality -> Grade_A,3328.67
A_L1L_10300056.jpg,"Tobacco leaves dataset (Virginia flue-cured, Tanzania)",https://dataverse.harvard.edu/api/access/datafile/10300056,L1L,Grade_A,960x1440,JPEG,CC0 1.0 Universal (public domain dedication),2026-08-05,10300056,d18b2cf75216970405edc1c8fad0fbb0,uyui_6556.jpg,quality digit 1 = Choice quality -> Grade_A,2618.16
A_L1L_10297806.jpg,"Tobacco leaves dataset (Virginia flue-cured, Tanzania)",https://dataverse.harvard.edu/api/access/datafile/10297806,L1L,Grade_A,960x1440,JPEG,CC0 1.0 Universal (public domain dedication),2026-08-05,10297806,ecf8a647c03baf605c929403241c43f4,urambo_3626.jpg,quality digit 1 = Choice quality -> Grade_A,3109.16
A_L1L_10297672.jpg,"Tobacco leaves dataset (Virginia flue-cured, Tanzania)",https://dataverse.harvard.edu/api/access/datafile/10297672,L1L,Grade_A,960x1440,JPEG,CC0 1.0 Universal (public domain dedication),2026-08-05,10297672,0ecdc41dd1109888e4db04d68afc19fe,manispaa_36.jpg,quality digit 1 = Choice quality -> Grade_A,1951.32
A_L1L_10299915.jpg,"Tobacco leaves dataset (Virginia flue-cured, Tanzania)",https://dataverse.harvard.edu/api/access/datafile/10299915,L1L,Grade_A,960x1440,JPEG,CC0 1.0 Universal (public domain dedication),2026-08-05,10299915,3d79522ec513060314879390aa905e12,uyui_12885.jpg,quality digit 1 = Choice quality -> Grade_A,2469.7
A_L1L_10297540.jpg,"Tobacco leaves dataset (Virginia flue-cured, Tanzania)",https://dataverse.harvard.edu/api/access/datafile/10297540,L1L,Grade_A,960x1440,JPEG,CC0 1.0 Universal (public domain dedication),2026-08-05,10297540,b1f9d12577751df080ca8db076a0675c,manispaa_9810.jpg,quality digit 1 = Choice quality -> Grade_A,1754.96
A_L1L_10301501.jpg,"Tobacco leaves dataset (Virginia flue-cured, Tanzania)",https://dataverse.harvard.edu/api/access/datafile/10301501,L1L,Grade_A,960x1440,JPEG,CC0 1.0 Universal (public domain dedication),2026-08-05,10301501,cb7dfd9c9b2e8bfa6386ac4002bc04b0,manispaa_6755.jpg,quality digit 1 = Choice quality -> Grade_A,2346.25
A_L1L_10301628.jpg,"Tobacco leaves dataset (Virginia flue-cured, Tanzania)",https://dataverse.harvard.edu/api/access/datafile/10301628,L1L,Grade_A,960x1440,JPEG,CC0 1.0 Universal (public domain dedication),2026-08-05,10301628,9d845547f67a8db740d266d70ba17111,uyui_3150.jpg,quality digit 1 = Choice quality -> Grade_A,2051.2
A_L1L_10300956.jpg,"Tobacco leaves dataset (Virginia flue-cured, Tanzania)",https://dataverse.harvard.edu/api/access/datafile/10300956,L1L,Grade_A,960x1440,JPEG,CC0 1.0 Universal (public domain dedication),2026-08-05,10300956,96266afd6f27fda98a8c1b5170a84934,kaliua_3099.jpg,quality digit 1 = Choice quality -> Grade_A,2607.36
A_L1L_10301458.jpg,"Tobacco leaves dataset (Virginia flue-cured, Tanzania)",https://dataverse.harvard.edu/api/access/datafile/10301458,L1L,Grade_A,960x1440,JPEG,CC0 1.0 Universal (public domain dedication),2026-08-05,10301458,8a3e3f16acc993df193c1211651596ce,manispaa_6914.jpg,quality digit 1 = Choice quality -> Grade_A,2304.5
A_L1L_10301279.jpg,"Tobacco leaves dataset (Virginia flue-cured, Tanzania)",https://dataverse.harvard.edu/api/access/datafile/10301279,L1L,Grade_A,960x1440,JPEG,CC0 1.0 Universal (public domain dedication),2026-08-05,10301279,ed1d05e23e9339b646c442e648bf14ee,manispaa_96.jpg,quality digit 1 = Choice quality -> Grade_A,2645.39
A_L1L_10300723.jpg,"Tobacco leaves dataset (Virginia flue-cured, Tanzania)",https://dataverse.harvard.edu/api/access/datafile/10300723,L1L,Grade_A,960x1440,JPEG,CC0 1.0 Universal (public domain dedication),2026-08-05,10300723,c7fef8701c57aaf8e9f6cb6e6704ad4b,kaliua_3184.jpg,quality digit 1 = Choice quality -> Grade_A,2855.51
A_L1L_10297702.jpg,"Tobacco leaves dataset (Virginia flue-cured, Tanzania)",https://dataverse.harvard.edu/api/access/datafile/10297702,L1L,Grade_A,960x1440,JPEG,CC0 1.0 Universal (public domain dedication),2026-08-05,10297702,8269cbfd281739d8e16a94378c2f71af,manispaa_180.jpg,quality digit 1 = Choice quality -> Grade_A,2985.26
A_L1L_10301893.jpg,"Tobacco leaves dataset (Virginia flue-cured, Tanzania)",https://dataverse.harvard.edu/api/access/datafile/10301893,L1L,Grade_A,960x1440,JPEG,CC0 1.0 Universal (public domain dedication),2026-08-05,10301893,4624612614a1442006840d41c3f24fde,uyui_3004.jpg,quality digit 1 = Choice quality -> Grade_A,2519.85
A_L1L_10296716.jpg,"Tobacco leaves dataset (Virginia flue-cured, Tanzania)",https://dataverse.harvard.edu/api/access/datafile/10296716,L1L,Grade_A,960x1440,JPEG,CC0 1.0 Universal (public domain dedication),2026-08-05,10296716,0310129f85f6c82ffc325f1532760dae,manispaa_12627.jpg,quality digit 1 = Choice quality -> Grade_A,2990.04
A_L1L_10301847.jpg,"Tobacco leaves dataset (Virginia flue-cured, Tanzania)",https://dataverse.harvard.edu/api/access/datafile/10301847,L1L,Grade_A,960x1440,JPEG,CC0 1.0 Universal (public domain dedication),2026-08-05,10301847,9f519e9acf93734ba8d8f99261ef5600,manispaa_6821.jpg,quality digit 1 = Choice quality -> Grade_A,2222.69
A_L1L_10297113.jpg,"Tobacco leaves dataset (Virginia flue-cured, Tanzania)",https://dataverse.harvard.edu/api/access/datafile/10297113,L1L,Grade_A,960x1440,JPEG,CC0 1.0 Universal (public domain dedication),2026-08-05,10297113,65029cac2540fd03a19abce638d38311,manispaa_12609.jpg,quality digit 1 = Choice quality -> Grade_A,3132.48
A_L1L_10300226.jpg,"Tobacco leaves dataset (Virginia flue-cured, Tanzania)",https://dataverse.harvard.edu/api/access/datafile/10300226,L1L,Grade_A,960x1440,JPEG,CC0 1.0 Universal (public domain dedication),2026-08-05,10300226,0f21f059a0bed78b48576bf9311ac501,uyui_12959.jpg,quality digit 1 = Choice quality -> Grade_A,3436.3
A_L1L_10300783.jpg,"Tobacco leaves dataset (Virginia flue-cured, Tanzania)",https://dataverse.harvard.edu/api/access/datafile/10300783,L1L,Grade_A,960x1440,JPEG,CC0 1.0 Universal (public domain dedication),2026-08-05,10300783,4ab631ca1b44921298e585b9895ec105,kaliua_3195.jpg,quality digit 1 = Choice quality -> Grade_A,2615.34
A_L1L_10301483.jpg,"Tobacco leaves dataset (Virginia flue-cured, Tanzania)",https://dataverse.harvard.edu/api/access/datafile/10301483,L1L,Grade_A,960x1440,JPEG,CC0 1.0 Universal (public domain dedication),2026-08-05,10301483,e8e1d86d4759d7a7f3fdbd139104066b,manispaa_6879.jpg,quality digit 1 = Choice quality -> Grade_A,1946.63
A_L1L_10301274.jpg,"Tobacco leaves dataset (Virginia flue-cured, Tanzania)",https://dataverse.harvard.edu/api/access/datafile/10301274,L1L,Grade_A,960x1440,JPEG,CC0 1.0 Universal (public domain dedication),2026-08-05,10301274,afeedbf9e77ecb81c6d41f067a1ec5ca,uyui_3341.jpg,quality digit 1 = Choice quality -> Grade_A,1574.33
A_L1L_10300658.jpg,"Tobacco leaves dataset (Virginia flue-cured, Tanzania)",https://dataverse.harvard.edu/api/access/datafile/10300658,L1L,Grade_A,960x1440,JPEG,CC0 1.0 Universal (public domain dedication),2026-08-05,10300658,86893b3d1c6407962e0d963e285697f9,uyui_86.jpg,quality digit 1 = Choice quality -> Grade_A,1742.39
A_L1L_10296846.jpg,"Tobacco leaves dataset (Virginia flue-cured, Tanzania)",https://dataverse.harvard.edu/api/access/datafile/10296846,L1L,Grade_A,960x1440,JPEG,CC0 1.0 Universal (public domain dedication),2026-08-05,10296846,987b8c5e17671bd7557444d3cf028e00,manispaa_12612.jpg,quality digit 1 = Choice quality -> Grade_A,2791.9
A_L1L_10300709.jpg,"Tobacco leaves dataset (Virginia flue-cured, Tanzania)",https://dataverse.harvard.edu/api/access/datafile/10300709,L1L,Grade_A,960x1440,JPEG,CC0 1.0 Universal (public domain dedication),2026-08-05,10300709,007e6eeee63bd3049902586d44ceab13,kaliua_3001.jpg,quality digit 1 = Choice quality -> Grade_A,1417.31
A_L1L_10301256.jpg,"Tobacco leaves dataset (Virginia flue-cured, Tanzania)",https://dataverse.harvard.edu/api/access/datafile/10301256,L1L,Grade_A,960x1440,JPEG,CC0 1.0 Universal (public domain dedication),2026-08-05,10301256,778b483cfe6d3ee3a3dfee7f3522f0ec,uyui_3380.jpg,quality digit 1 = Choice quality -> Grade_A,1450.07
A_L1L_10301711.jpg,"Tobacco leaves dataset (Virginia flue-cured, Tanzania)",https://dataverse.harvard.edu/api/access/datafile/10301711,L1L,Grade_A,960x1440,JPEG,CC0 1.0 Universal (public domain dedication),2026-08-05,10301711,139093e00e873f67e2973589d0f935a9,uyui_3368.jpg,quality digit 1 = Choice quality -> Grade_A,1367.22
A_L1L_10297047.jpg,"Tobacco leaves dataset (Virginia flue-cured, Tanzania)",https://dataverse.harvard.edu/api/access/datafile/10297047,L1L,Grade_A,960x1440,JPEG,CC0 1.0 Universal (public domain dedication),2026-08-05,10297047,4dd9de412e3cfb2575a9ac51c111861a,manispaa_12604.jpg,quality digit 1 = Choice quality -> Grade_A,3218.86
A_L1L_10296974.jpg,"Tobacco leaves dataset (Virginia flue-cured, Tanzania)",https://dataverse.harvard.edu/api/access/datafile/10296974,L1L,Grade_A,960x1440,JPEG,CC0 1.0 Universal (public domain dedication),2026-08-05,10296974,c8f0b3818a26ab166f4c8b1d1ec18067,kaliua_5483.jpg,quality digit 1 = Choice quality -> Grade_A,2296.13
A_L2OF_10316865.jpg,"Tobacco leaves dataset (Virginia flue-cured, Tanzania)",https://dataverse.harvard.edu/api/access/datafile/10316865,L2OF,Grade_A,960x1440,JPEG,CC0 1.0 Universal (public domain dedication),2026-08-05,10316865,57502337f693a1b391329839e5d5068f,urambo_4335.jpg,quality digit 2 = Fine quality -> Grade_A,2693.62
A_L2OF_10318857.jpg,"Tobacco leaves dataset (Virginia flue-cured, Tanzania)",https://dataverse.harvard.edu/api/access/datafile/10318857,L2OF,Grade_A,960x1440,JPEG,CC0 1.0 Universal (public domain dedication),2026-08-05,10318857,4dbac934ddaaa1649d1ed13cda5d28b9,uyui_14093.jpg,quality digit 2 = Fine quality -> Grade_A,2241.15
A_L2OF_10317302.jpg,"Tobacco leaves dataset (Virginia flue-cured, Tanzania)",https://dataverse.harvard.edu/api/access/datafile/10317302,L2OF,Grade_A,960x1440,JPEG,CC0 1.0 Universal (public domain dedication),2026-08-05,10317302,1116cd340da7820ea03f802f5a2aae44,urambo_4400.jpg,quality digit 2 = Fine quality -> Grade_A,3540.46
A_L2OF_10319232.jpg,"Tobacco leaves dataset (Virginia flue-cured, Tanzania)",https://dataverse.harvard.edu/api/access/datafile/10319232,L2OF,Grade_A,960x1440,JPEG,CC0 1.0 Universal (public domain dedication),2026-08-05,10319232,9a755e350ce86a498da458cea9550b08,uyui_14065.jpg,quality digit 2 = Fine quality -> Grade_A,2058.62
A_L2OF_10319143.jpg,"Tobacco leaves dataset (Virginia flue-cured, Tanzania)",https://dataverse.harvard.edu/api/access/datafile/10319143,L2OF,Grade_A,960x1440,JPEG,CC0 1.0 Universal (public domain dedication),2026-08-05,10319143,fc04da5da9ad6f63d290498c13f48e20,uyui_4150.jpg,quality digit 2 = Fine quality -> Grade_A,1991.21
A_L2OF_10316891.jpg,"Tobacco leaves dataset (Virginia flue-cured, Tanzania)",https://dataverse.harvard.edu/api/access/datafile/10316891,L2OF,Grade_A,960x1440,JPEG,CC0 1.0 Universal (public domain dedication),2026-08-05,10316891,3f35630d99b6a92db1264ac11e983373,manispaa_13081.jpg,quality digit 2 = Fine quality -> Grade_A,2341.75
A_L2OF_10318350.jpg,"Tobacco leaves dataset (Virginia flue-cured, Tanzania)",https://dataverse.harvard.edu/api/access/datafile/10318350,L2OF,Grade_A,960x1440,JPEG,CC0 1.0 Universal (public domain dedication),2026-08-05,10318350,00dd2a0679de6cc9e170cf8632a19c41,uyui_10111.jpg,quality digit 2 = Fine quality -> Grade_A,2871.16
A_L2OF_10318680.jpg,"Tobacco leaves dataset (Virginia flue-cured, Tanzania)",https://dataverse.harvard.edu/api/access/datafile/10318680,L2OF,Grade_A,960x1440,JPEG,CC0 1.0 Universal (public domain dedication),2026-08-05,10318680,876a14dc965c04b64d0ed20aae68510e,uyui_1025.jpg,quality digit 2 = Fine quality -> Grade_A,1769.55
A_L2OF_10317254.jpg,"Tobacco leaves dataset (Virginia flue-cured, Tanzania)",https://dataverse.harvard.edu/api/access/datafile/10317254,L2OF,Grade_A,960x1440,JPEG,CC0 1.0 Universal (public domain dedication),2026-08-05,10317254,8929bad0ea713bd460d5a9a84478fe60,manispaa_1017.jpg,quality digit 2 = Fine quality -> Grade_A,2413.16
A_L2OF_10316099.jpg,"Tobacco leaves dataset (Virginia flue-cured, Tanzania)",https://dataverse.harvard.edu/api/access/datafile/10316099,L2OF,Grade_A,960x1440,JPEG,CC0 1.0 Universal (public domain dedication),2026-08-05,10316099,84a7b7e8c61a273f8f3db60ed74c4b0a,kaliua_11505.jpg,quality digit 2 = Fine quality -> Grade_A,2932.54
A_L2OF_10316461.jpg,"Tobacco leaves dataset (Virginia flue-cured, Tanzania)",https://dataverse.harvard.edu/api/access/datafile/10316461,L2OF,Grade_A,960x1440,JPEG,CC0 1.0 Universal (public domain dedication),2026-08-05,10316461,d1ad04357051ea6464c28b4291e060c4,kaliua_11666.jpg,quality digit 2 = Fine quality -> Grade_A,2727.27
A_L2OF_10317761.jpg,"Tobacco leaves dataset (Virginia flue-cured, Tanzania)",https://dataverse.harvard.edu/api/access/datafile/10317761,L2OF,Grade_A,960x1440,JPEG,CC0 1.0 Universal (public domain dedication),2026-08-05,10317761,b92f0201fa625b68d32bf365b043cb20,urambo_5667.jpg,quality digit 2 = Fine quality -> Grade_A,4303.52
A_L2OF_10317759.jpg,"Tobacco leaves dataset (Virginia flue-cured, Tanzania)",https://dataverse.harvard.edu/api/access/datafile/10317759,L2OF,Grade_A,960x1440,JPEG,CC0 1.0 Universal (public domain dedication),2026-08-05,10317759,9ffe8d723e764c9acc471735258e1600,urambo_707.jpg,quality digit 2 = Fine quality -> Grade_A,2808.4
A_L2OF_10317735.jpg,"Tobacco leaves dataset (Virginia flue-cured, Tanzania)",https://dataverse.harvard.edu/api/access/datafile/10317735,L2OF,Grade_A,960x1440,JPEG,CC0 1.0 Universal (public domain dedication),2026-08-05,10317735,13ae7b943ab1d6fe231c02a43711ddf6,urambo_5595.jpg,quality digit 2 = Fine quality -> Grade_A,4294.85
A_L2OF_10317957.jpg,"Tobacco leaves dataset (Virginia flue-cured, Tanzania)",https://dataverse.harvard.edu/api/access/datafile/10317957,L2OF,Grade_A,960x1440,JPEG,CC0 1.0 Universal (public domain dedication),2026-08-05,10317957,d64f798d8e966f86805064b4f047f330,urambo_4422.jpg,quality digit 2 = Fine quality -> Grade_A,3247.54
A_L2OF_10316560.jpg,"Tobacco leaves dataset (Virginia flue-cured, Tanzania)",https://dataverse.harvard.edu/api/access/datafile/10316560,L2OF,Grade_A,960x1440,JPEG,CC0 1.0 Universal (public domain dedication),2026-08-05,10316560,0fbc17af11fc1ba95c2d25e881887918,kaliua_665.jpg,quality digit 2 = Fine quality -> Grade_A,4209.12
A_L2OF_10317170.jpg,"Tobacco leaves dataset (Virginia flue-cured, Tanzania)",https://dataverse.harvard.edu/api/access/datafile/10317170,L2OF,Grade_A,960x1440,JPEG,CC0 1.0 Universal (public domain dedication),2026-08-05,10317170,4fc85274bab7beeaaf8986571f08e5b6,urambo_366.jpg,quality digit 2 = Fine quality -> Grade_A,3275.35
A_L2OF_10316221.jpg,"Tobacco leaves dataset (Virginia flue-cured, Tanzania)",https://dataverse.harvard.edu/api/access/datafile/10316221,L2OF,Grade_A,960x1440,JPEG,CC0 1.0 Universal (public domain dedication),2026-08-05,10316221,6b4fe606494c6077a957217f8bf92b62,kaliua_527.jpg,quality digit 2 = Fine quality -> Grade_A,4269.43
A_L2OF_10318702.jpg,"Tobacco leaves dataset (Virginia flue-cured, Tanzania)",https://dataverse.harvard.edu/api/access/datafile/10318702,L2OF,Grade_A,960x1440,JPEG,CC0 1.0 Universal (public domain dedication),2026-08-05,10318702,ecec213dedacc3abb21cbc211b5e08f6,uyui_1228.jpg,quality digit 2 = Fine quality -> Grade_A,1704.23
A_L2OF_10318264.jpg,"Tobacco leaves dataset (Virginia flue-cured, Tanzania)",https://dataverse.harvard.edu/api/access/datafile/10318264,L2OF,Grade_A,960x1440,JPEG,CC0 1.0 Universal (public domain dedication),2026-08-05,10318264,915721992a23eaa966d2638d271b0ebb,urambo_469.jpg,quality digit 2 = Fine quality -> Grade_A,2830.64
A_L2OF_10319193.jpg,"Tobacco leaves dataset (Virginia flue-cured, Tanzania)",https://dataverse.harvard.edu/api/access/datafile/10319193,L2OF,Grade_A,960x1440,JPEG,CC0 1.0 Universal (public domain dedication),2026-08-05,10319193,8d5507a9ad04ac7ca5358e472418b2bc,uyui_1233.jpg,quality digit 2 = Fine quality -> Grade_A,1597.93
A_L2OF_10318697.jpg,"Tobacco leaves dataset (Virginia flue-cured, Tanzania)",https://dataverse.harvard.edu/api/access/datafile/10318697,L2OF,Grade_A,960x1440,JPEG,CC0 1.0 Universal (public domain dedication),2026-08-05,10318697,081a56109e2ed930aa45134f2d19daf0,uyui_7860.jpg,quality digit 2 = Fine quality -> Grade_A,3224.99
A_L2OF_10319223.jpg,"Tobacco leaves dataset (Virginia flue-cured, Tanzania)",https://dataverse.harvard.edu/api/access/datafile/10319223,L2OF,Grade_A,960x1440,JPEG,CC0 1.0 Universal (public domain dedication),2026-08-05,10319223,05b50d2623cdd38467812d01222e874e,uyui_4165.jpg,quality digit 2 = Fine quality -> Grade_A,1667.0
A_L2OF_10316308.jpg,"Tobacco leaves dataset (Virginia flue-cured, Tanzania)",https://dataverse.harvard.edu/api/access/datafile/10316308,L2OF,Grade_A,960x1440,JPEG,CC0 1.0 Universal (public domain dedication),2026-08-05,10316308,130e5fc5e6fb1576904c14dd9ee7d225,kaliua_3739.jpg,quality digit 2 = Fine quality -> Grade_A,2195.95
A_L2OF_10317052.jpg,"Tobacco leaves dataset (Virginia flue-cured, Tanzania)",https://dataverse.harvard.edu/api/access/datafile/10317052,L2OF,Grade_A,960x1440,JPEG,CC0 1.0 Universal (public domain dedication),2026-08-05,10317052,c8100a2377ddce20f8762fc010702d42,urambo_4386.jpg,quality digit 2 = Fine quality -> Grade_A,3435.45
A_L2OF_10317126.jpg,"Tobacco leaves dataset (Virginia flue-cured, Tanzania)",https://dataverse.harvard.edu/api/access/datafile/10317126,L2OF,Grade_A,960x1440,JPEG,CC0 1.0 Universal (public domain dedication),2026-08-05,10317126,aae011b0c9ae6e3cbb187794c3b5a25e,urambo_4342.jpg,quality digit 2 = Fine quality -> Grade_A,3127.1
A_L2OF_10316847.jpg,"Tobacco leaves dataset (Virginia flue-cured, Tanzania)",https://dataverse.harvard.edu/api/access/datafile/10316847,L2OF,Grade_A,960x1440,JPEG,CC0 1.0 Universal (public domain dedication),2026-08-05,10316847,6d9e966637be92bd0e8524c19d2851d4,kaliua_8915.jpg,quality digit 2 = Fine quality -> Grade_A,2513.81
A_L2OF_10318731.jpg,"Tobacco leaves dataset (Virginia flue-cured, Tanzania)",https://dataverse.harvard.edu/api/access/datafile/10318731,L2OF,Grade_A,960x1440,JPEG,CC0 1.0 Universal (public domain dedication),2026-08-05,10318731,6dc42e4561fbc552506e941667169f89,uyui_4117.jpg,quality digit 2 = Fine quality -> Grade_A,1815.77
A_L2OF_10318048.jpg,"Tobacco leaves dataset (Virginia flue-cured, Tanzania)",https://dataverse.harvard.edu/api/access/datafile/10318048,L2OF,Grade_A,960x1440,JPEG,CC0 1.0 Universal (public domain dedication),2026-08-05,10318048,2349d8e6920bdc8c6852f7d48734e588,urambo_723.jpg,quality digit 2 = Fine quality -> Grade_A,2746.82
A_L2OF_10318206.jpg,"Tobacco leaves dataset (Virginia flue-cured, Tanzania)",https://dataverse.harvard.edu/api/access/datafile/10318206,L2OF,Grade_A,960x1440,JPEG,CC0 1.0 Universal (public domain dedication),2026-08-05,10318206,464b98cc8048646d83cb130b3f8192d6,urambo_5750.jpg,quality digit 2 = Fine quality -> Grade_A,5611.93
A_L2OF_10317480.jpg,"Tobacco leaves dataset (Virginia flue-cured, Tanzania)",https://dataverse.harvard.edu/api/access/datafile/10317480,L2OF,Grade_A,960x1440,JPEG,CC0 1.0 Universal (public domain dedication),2026-08-05,10317480,63e7e5fc22a95a9faca77711703f1ced,urambo_2126.jpg,quality digit 2 = Fine quality -> Grade_A,2749.58
A_L2OF_10317004.jpg,"Tobacco leaves dataset (Virginia flue-cured, Tanzania)",https://dataverse.harvard.edu/api/access/datafile/10317004,L2OF,Grade_A,960x1440,JPEG,CC0 1.0 Universal (public domain dedication),2026-08-05,10317004,a079a228737da23577a4947d1ddd67e8,kaliua_8861.jpg,quality digit 2 = Fine quality -> Grade_A,3398.34
A_L2OF_10318288.jpg,"Tobacco leaves dataset (Virginia flue-cured, Tanzania)",https://dataverse.harvard.edu/api/access/datafile/10318288,L2OF,Grade_A,960x1440,JPEG,CC0 1.0 Universal (public domain dedication),2026-08-05,10318288,cf15e3d030215fbd6be3eec874c33e7c,uyui_10174.jpg,quality digit 2 = Fine quality -> Grade_A,2891.92
A_L2OF_10317707.jpg,"Tobacco leaves dataset (Virginia flue-cured, Tanzania)",https://dataverse.harvard.edu/api/access/datafile/10317707,L2OF,Grade_A,960x1440,JPEG,CC0 1.0 Universal (public domain dedication),2026-08-05,10317707,625e2024a285b8ec3789288b8861172c,urambo_5575.jpg,quality digit 2 = Fine quality -> Grade_A,4387.36
A_L2OF_10316127.jpg,"Tobacco leaves dataset (Virginia flue-cured, Tanzania)",https://dataverse.harvard.edu/api/access/datafile/10316127,L2OF,Grade_A,960x1440,JPEG,CC0 1.0 Universal (public domain dedication),2026-08-05,10316127,5ca694c515e946242fa0ddc041b2808c,kaliua_713.jpg,quality digit 2 = Fine quality -> Grade_A,3225.63
A_L2OF_10318869.jpg,"Tobacco leaves dataset (Virginia flue-cured, Tanzania)",https://dataverse.harvard.edu/api/access/datafile/10318869,L2OF,Grade_A,960x1440,JPEG,CC0 1.0 Universal (public domain dedication),2026-08-05,10318869,2240c9eb51de68852dddd96b2e88a8a9,uyui_1088.jpg,quality digit 2 = Fine quality -> Grade_A,1549.12
A_L2OF_10319125.jpg,"Tobacco leaves dataset (Virginia flue-cured, Tanzania)",https://dataverse.harvard.edu/api/access/datafile/10319125,L2OF,Grade_A,960x1440,JPEG,CC0 1.0 Universal (public domain dedication),2026-08-05,10319125,507c4d0c1a82ae81e00405c774607cf8,uyui_14102.jpg,quality digit 2 = Fine quality -> Grade_A,2206.95
A_L2OF_10318394.jpg,"Tobacco leaves dataset (Virginia flue-cured, Tanzania)",https://dataverse.harvard.edu/api/access/datafile/10318394,L2OF,Grade_A,960x1440,JPEG,CC0 1.0 Universal (public domain dedication),2026-08-05,10318394,c9a58179c758cd3f3075016197a5c113,urambo_5692.jpg,quality digit 2 = Fine quality -> Grade_A,5149.53
A_L2OF_10317143.jpg,"Tobacco leaves dataset (Virginia flue-cured, Tanzania)",https://dataverse.harvard.edu/api/access/datafile/10317143,L2OF,Grade_A,960x1440,JPEG,CC0 1.0 Universal (public domain dedication),2026-08-05,10317143,478cd72c272f8a489d7f82ac55815813,kaliua_8857.jpg,quality digit 2 = Fine quality -> Grade_A,2821.78
A_L2OF_10317741.jpg,"Tobacco leaves dataset (Virginia flue-cured, Tanzania)",https://dataverse.harvard.edu/api/access/datafile/10317741,L2OF,Grade_A,960x1440,JPEG,CC0 1.0 Universal (public domain dedication),2026-08-05,10317741,a60a1a98d8424e3e66bb87ec270b9753,urambo_701.jpg,quality digit 2 = Fine quality -> Grade_A,2838.98
A_L2OF_10318648.jpg,"Tobacco leaves dataset (Virginia flue-cured, Tanzania)",https://dataverse.harvard.edu/api/access/datafile/10318648,L2OF,Grade_A,960x1440,JPEG,CC0 1.0 Universal (public domain dedication),2026-08-05,10318648,1999a80be67c9dafd9b43665345a1249,uyui_1316.jpg,quality digit 2 = Fine quality -> Grade_A,2473.05
A_L2OF_10317902.jpg,"Tobacco leaves dataset (Virginia flue-cured, Tanzania)",https://dataverse.harvard.edu/api/access/datafile/10317902,L2OF,Grade_A,960x1440,JPEG,CC0 1.0 Universal (public domain dedication),2026-08-05,10317902,2d430651734ef39a3febfeae867089fe,urambo_494.jpg,quality digit 2 = Fine quality -> Grade_A,2870.14
A_L2OF_10317219.jpg,"Tobacco leaves dataset (Virginia flue-cured, Tanzania)",https://dataverse.harvard.edu/api/access/datafile/10317219,L2OF,Grade_A,960x1440,JPEG,CC0 1.0 Universal (public domain dedication),2026-08-05,10317219,92e729209d37c51280651a8894d77eef,manispaa_961.jpg,quality digit 2 = Fine quality -> Grade_A,2059.99
A_L2OF_10315894.jpg,"Tobacco leaves dataset (Virginia flue-cured, Tanzania)",https://dataverse.harvard.edu/api/access/datafile/10315894,L2OF,Grade_A,960x1440,JPEG,CC0 1.0 Universal (public domain dedication),2026-08-05,10315894,31a3963f68c9a9f9680a10da06014940,kaliua_680.jpg,quality digit 2 = Fine quality -> Grade_A,2725.03
A_L2OF_10315975.jpg,"Tobacco leaves dataset (Virginia flue-cured, Tanzania)",https://dataverse.harvard.edu/api/access/datafile/10315975,L2OF,Grade_A,960x1440,JPEG,CC0 1.0 Universal (public domain dedication),2026-08-05,10315975,6447c9136d4d436d34b799627168d79d,kaliua_455.jpg,quality digit 2 = Fine quality -> Grade_A,3100.85
A_L2OF_10316440.jpg,"Tobacco leaves dataset (Virginia flue-cured, Tanzania)",https://dataverse.harvard.edu/api/access/datafile/10316440,L2OF,Grade_A,960x1440,JPEG,CC0 1.0 Universal (public domain dedication),2026-08-05,10316440,96b3c32ecea18392da55d675930404be,kaliua_451.jpg,quality digit 2 = Fine quality -> Grade_A,3045.9
A_L2OF_10318154.jpg,"Tobacco leaves dataset (Virginia flue-cured, Tanzania)",https://dataverse.harvard.edu/api/access/datafile/10318154,L2OF,Grade_A,960x1440,JPEG,CC0 1.0 Universal (public domain dedication),2026-08-05,10318154,6cb13fcf4a06e4f8c39998fae03dfdb1,urambo_470.jpg,quality digit 2 = Fine quality -> Grade_A,2727.56
A_L2OF_10318965.jpg,"Tobacco leaves dataset (Virginia flue-cured, Tanzania)",https://dataverse.harvard.edu/api/access/datafile/10318965,L2OF,Grade_A,960x1440,JPEG,CC0 1.0 Universal (public domain dedication),2026-08-05,10318965,081f4b55418e066897c9b8f27018506e,uyui_14233.jpg,quality digit 2 = Fine quality -> Grade_A,2575.49
A_L2OF_10319116.jpg,"Tobacco leaves dataset (Virginia flue-cured, Tanzania)",https://dataverse.harvard.edu/api/access/datafile/10319116,L2OF,Grade_A,960x1440,JPEG,CC0 1.0 Universal (public domain dedication),2026-08-05,10319116,06ccf4d7cd1e88bac00fff1f246f8bf0,uyui_4071.jpg,quality digit 2 = Fine quality -> Grade_A,2191.09
A_L2OF_10316608.jpg,"Tobacco leaves dataset (Virginia flue-cured, Tanzania)",https://dataverse.harvard.edu/api/access/datafile/10316608,L2OF,Grade_A,960x1440,JPEG,CC0 1.0 Universal (public domain dedication),2026-08-05,10316608,b08512381ab419f0c4987bab6dcd3c78,kaliua_11500.jpg,quality digit 2 = Fine quality -> Grade_A,2542.76
A_L2OF_10316032.jpg,"Tobacco leaves dataset (Virginia flue-cured, Tanzania)",https://dataverse.harvard.edu/api/access/datafile/10316032,L2OF,Grade_A,960x1440,JPEG,CC0 1.0 Universal (public domain dedication),2026-08-05,10316032,3cc340845e00770696e8bffdd5f7ba87,kaliua_11460.jpg,quality digit 2 = Fine quality -> Grade_A,2724.83
A_L2OF_10316993.jpg,"Tobacco leaves dataset (Virginia flue-cured, Tanzania)",https://dataverse.harvard.edu/api/access/datafile/10316993,L2OF,Grade_A,960x1440,JPEG,CC0 1.0 Universal (public domain dedication),2026-08-05,10316993,54755ce3266a2a10e67ecd2c543539c2,manispaa_976.jpg,quality digit 2 = Fine quality -> Grade_A,2558.16
A_L2OF_10317357.jpg,"Tobacco leaves dataset (Virginia flue-cured, Tanzania)",https://dataverse.harvard.edu/api/access/datafile/10317357,L2OF,Grade_A,960x1440,JPEG,CC0 1.0 Universal (public domain dedication),2026-08-05,10317357,bc6f8414711912396af4e96a1ab90893,urambo_4322.jpg,quality digit 2 = Fine quality -> Grade_A,3068.89
A_L2OF_10316217.jpg,"Tobacco leaves dataset (Virginia flue-cured, Tanzania)",https://dataverse.harvard.edu/api/access/datafile/10316217,L2OF,Grade_A,960x1440,JPEG,CC0 1.0 Universal (public domain dedication),2026-08-05,10316217,d5cc03421a7372cd608e8e4d6bd92779,kaliua_508.jpg,quality digit 2 = Fine quality -> Grade_A,3160.43
A_L2OF_10318205.jpg,"Tobacco leaves dataset (Virginia flue-cured, Tanzania)",https://dataverse.harvard.edu/api/access/datafile/10318205,L2OF,Grade_A,960x1440,JPEG,CC0 1.0 Universal (public domain dedication),2026-08-05,10318205,b48b9f5563d1d3915f165354118b64dc,urambo_593.jpg,quality digit 2 = Fine quality -> Grade_A,2381.89
A_L2OF_10318513.jpg,"Tobacco leaves dataset (Virginia flue-cured, Tanzania)",https://dataverse.harvard.edu/api/access/datafile/10318513,L2OF,Grade_A,960x1440,JPEG,CC0 1.0 Universal (public domain dedication),2026-08-05,10318513,224a942742498b33f992253a2d832005,uyui_1125.jpg,quality digit 2 = Fine quality -> Grade_A,1611.27
A_L2OF_10318077.jpg,"Tobacco leaves dataset (Virginia flue-cured, Tanzania)",https://dataverse.harvard.edu/api/access/datafile/10318077,L2OF,Grade_A,960x1440,JPEG,CC0 1.0 Universal (public domain dedication),2026-08-05,10318077,dcdeecf547efa57900e5962590e53f9c,urambo_5714.jpg,quality digit 2 = Fine quality -> Grade_A,4637.69
A_L2OF_10317288.jpg,"Tobacco leaves dataset (Virginia flue-cured, Tanzania)",https://dataverse.harvard.edu/api/access/datafile/10317288,L2OF,Grade_A,960x1440,JPEG,CC0 1.0 Universal (public domain dedication),2026-08-05,10317288,7a517fa2a61f259d133d5264319e2981,kaliua_8900.jpg,quality digit 2 = Fine quality -> Grade_A,2860.01
A_L2OF_10319191.jpg,"Tobacco leaves dataset (Virginia flue-cured, Tanzania)",https://dataverse.harvard.edu/api/access/datafile/10319191,L2OF,Grade_A,960x1440,JPEG,CC0 1.0 Universal (public domain dedication),2026-08-05,10319191,8e9f556e0e732a7e93b9129921a9d54c,uyui_14013.jpg,quality digit 2 = Fine quality -> Grade_A,2210.79
A_L2OF_10317528.jpg,"Tobacco leaves dataset (Virginia flue-cured, Tanzania)",https://dataverse.harvard.edu/api/access/datafile/10317528,L2OF,Grade_A,960x1440,JPEG,CC0 1.0 Universal (public domain dedication),2026-08-05,10317528,948d6cc588abe6225612fb129e3d3ff7,kaliua_8894.jpg,quality digit 2 = Fine quality -> Grade_A,3191.77
A_L2OF_10315951.jpg,"Tobacco leaves dataset (Virginia flue-cured, Tanzania)",https://dataverse.harvard.edu/api/access/datafile/10315951,L2OF,Grade_A,960x1440,JPEG,CC0 1.0 Universal (public domain dedication),2026-08-05,10315951,ec3e39e69363cda6116c2237ca85b55c,kaliua_3766.jpg,quality digit 2 = Fine quality -> Grade_A,2229.87
A_L2OF_10317055.jpg,"Tobacco leaves dataset (Virginia flue-cured, Tanzania)",https://dataverse.harvard.edu/api/access/datafile/10317055,L2OF,Grade_A,960x1440,JPEG,CC0 1.0 Universal (public domain dedication),2026-08-05,10317055,c676b1aad7362909ac86216931c97f75,manispaa_12990.jpg,quality digit 2 = Fine quality -> Grade_A,2611.33
A_L2OF_10318486.jpg,"Tobacco leaves dataset (Virginia flue-cured, Tanzania)",https://dataverse.harvard.edu/api/access/datafile/10318486,L2OF,Grade_A,960x1440,JPEG,CC0 1.0 Universal (public domain dedication),2026-08-05,10318486,908f2cbefcbf68bd8a09f90f13a810ce,uyui_1163.jpg,quality digit 2 = Fine quality -> Grade_A,1660.36
A_L2OF_10317051.jpg,"Tobacco leaves dataset (Virginia flue-cured, Tanzania)",https://dataverse.harvard.edu/api/access/datafile/10317051,L2OF,Grade_A,960x1440,JPEG,CC0 1.0 Universal (public domain dedication),2026-08-05,10317051,f5f228dc5088570eea132be2f3fc47d9,kaliua_8911.jpg,quality digit 2 = Fine quality -> Grade_A,2260.6
A_L2OF_10318287.jpg,"Tobacco leaves dataset (Virginia flue-cured, Tanzania)",https://dataverse.harvard.edu/api/access/datafile/10318287,L2OF,Grade_A,960x1440,JPEG,CC0 1.0 Universal (public domain dedication),2026-08-05,10318287,c8c10e46976d3b204580261f5cc0d55a,urambo_655.jpg,quality digit 2 = Fine quality -> Grade_A,2806.0
A_L2OF_10317998.jpg,"Tobacco leaves dataset (Virginia flue-cured, Tanzania)",https://dataverse.harvard.edu/api/access/datafile/10317998,L2OF,Grade_A,960x1440,JPEG,CC0 1.0 Universal (public domain dedication),2026-08-05,10317998,d94702788e5815aa95c0e76ee8525436,uyui_1016.jpg,quality digit 2 = Fine quality -> Grade_A,1860.16
A_L2OF_10316771.jpg,"Tobacco leaves dataset (Virginia flue-cured, Tanzania)",https://dataverse.harvard.edu/api/access/datafile/10316771,L2OF,Grade_A,960x1440,JPEG,CC0 1.0 Universal (public domain dedication),2026-08-05,10316771,c4b0c880168176a1dae9c2eaa57ab6ac,kaliua_8948.jpg,quality digit 2 = Fine quality -> Grade_A,2388.63
A_L2OF_10316276.jpg,"Tobacco leaves dataset (Virginia flue-cured, Tanzania)",https://dataverse.harvard.edu/api/access/datafile/10316276,L2OF,Grade_A,960x1440,JPEG,CC0 1.0 Universal (public domain dedication),2026-08-05,10316276,ac5fd32fdd3dd837009b469ff376a7b9,kaliua_3732.jpg,quality digit 2 = Fine quality -> Grade_A,2166.02
A_L2OF_10318067.jpg,"Tobacco leaves dataset (Virginia flue-cured, Tanzania)",https://dataverse.harvard.edu/api/access/datafile/10318067,L2OF,Grade_A,960x1440,JPEG,CC0 1.0 Universal (public domain dedication),2026-08-05,10318067,5ed7bcc9a22f02a407347370239b7220,urambo_5566.jpg,quality digit 2 = Fine quality -> Grade_A,4764.98
A_L2OF_10319255.jpg,"Tobacco leaves dataset (Virginia flue-cured, Tanzania)",https://dataverse.harvard.edu/api/access/datafile/10319255,L2OF,Grade_A,960x1440,JPEG,CC0 1.0 Universal (public domain dedication),2026-08-05,10319255,8963ecd722876397248362675c5112f1,uyui_7799.jpg,quality digit 2 = Fine quality -> Grade_A,1538.37
A_L2OF_10315986.jpg,"Tobacco leaves dataset (Virginia flue-cured, Tanzania)",https://dataverse.harvard.edu/api/access/datafile/10315986,L2OF,Grade_A,960x1440,JPEG,CC0 1.0 Universal (public domain dedication),2026-08-05,10315986,20b57d9931f79415df504baf538effdb,kaliua_502.jpg,quality digit 2 = Fine quality -> Grade_A,3471.04
A_L2OF_10317384.jpg,"Tobacco leaves dataset (Virginia flue-cured, Tanzania)",https://dataverse.harvard.edu/api/access/datafile/10317384,L2OF,Grade_A,960x1440,JPEG,CC0 1.0 Universal (public domain dedication),2026-08-05,10317384,af5c93875870cb2e6190ee9c1104e8d9,urambo_329.jpg,quality digit 2 = Fine quality -> Grade_A,3168.56
A_L2OF_10318194.jpg,"Tobacco leaves dataset (Virginia flue-cured, Tanzania)",https://dataverse.harvard.edu/api/access/datafile/10318194,L2OF,Grade_A,960x1440,JPEG,CC0 1.0 Universal (public domain dedication),2026-08-05,10318194,00237de9a760b09f93b82c7cebeefdfc,urambo_5521.jpg,quality digit 2 = Fine quality -> Grade_A,4250.71
A_L2OF_10319380.jpg,"Tobacco leaves dataset (Virginia flue-cured, Tanzania)",https://dataverse.harvard.edu/api/access/datafile/10319380,L2OF,Grade_A,960x1440,JPEG,CC0 1.0 Universal (public domain dedication),2026-08-05,10319380,feb554149c90e4aa03bd4a64d2afba55,uyui_4129.jpg,quality digit 2 = Fine quality -> Grade_A,1866.13
A_L2OF_10316452.jpg,"Tobacco leaves dataset (Virginia flue-cured, Tanzania)",https://dataverse.harvard.edu/api/access/datafile/10316452,L2OF,Grade_A,960x1440,JPEG,CC0 1.0 Universal (public domain dedication),2026-08-05,10316452,38fe9f0b5514e2b2269c3ec742a9041f,kaliua_629.jpg,quality digit 2 = Fine quality -> Grade_A,3088.34
A_L2OF_10318088.jpg,"Tobacco leaves dataset (Virginia flue-cured, Tanzania)",https://dataverse.harvard.edu/api/access/datafile/10318088,L2OF,Grade_A,960x1440,JPEG,CC0 1.0 Universal (public domain dedication),2026-08-05,10318088,326641fdf34e18dcdb0c98428dc2797b,urambo_5618.jpg,quality digit 2 = Fine quality -> Grade_A,5131.58
A_L2OF_10319319.jpg,"Tobacco leaves dataset (Virginia flue-cured, Tanzania)",https://dataverse.harvard.edu/api/access/datafile/10319319,L2OF,Grade_A,960x1440,JPEG,CC0 1.0 Universal (public domain dedication),2026-08-05,10319319,ac76fd4349e7163092b16f0a6cdcbd87,uyui_1169.jpg,quality digit 2 = Fine quality -> Grade_A,1784.92
A_L2OF_10317793.jpg,"Tobacco leaves dataset (Virginia flue-cured, Tanzania)",https://dataverse.harvard.edu/api/access/datafile/10317793,L2OF,Grade_A,960x1440,JPEG,CC0 1.0 Universal (public domain dedication),2026-08-05,10317793,28948b1dae7dabbd16695f353b69b8ab,urambo_5734.jpg,quality digit 2 = Fine quality -> Grade_A,5241.13
A_L2OF_10316919.jpg,"Tobacco leaves dataset (Virginia flue-cured, Tanzania)",https://dataverse.harvard.edu/api/access/datafile/10316919,L2OF,Grade_A,960x1440,JPEG,CC0 1.0 Universal (public domain dedication),2026-08-05,10316919,a86911906dcf58819bbbc8815367c72e,urambo_398.jpg,quality digit 2 = Fine quality -> Grade_A,3529.28
A_L2OF_10317979.jpg,"Tobacco leaves dataset (Virginia flue-cured, Tanzania)",https://dataverse.harvard.edu/api/access/datafile/10317979,L2OF,Grade_A,960x1440,JPEG,CC0 1.0 Universal (public domain dedication),2026-08-05,10317979,264295208c99347a55266225b914545a,uyui_10153.jpg,quality digit 2 = Fine quality -> Grade_A,3182.86
A_L2OF_10315990.jpg,"Tobacco leaves dataset (Virginia flue-cured, Tanzania)",https://dataverse.harvard.edu/api/access/datafile/10315990,L2OF,Grade_A,960x1440,JPEG,CC0 1.0 Universal (public domain dedication),2026-08-05,10315990,2ce202b4307c92db78084e39126ecfb5,kaliua_11501.jpg,quality digit 2 = Fine quality -> Grade_A,2684.29
A_L2OF_10316956.jpg,"Tobacco leaves dataset (Virginia flue-cured, Tanzania)",https://dataverse.harvard.edu/api/access/datafile/10316956,L2OF,Grade_A,960x1440,JPEG,CC0 1.0 Universal (public domain dedication),2026-08-05,10316956,4ff7b9b80a4f4fa9b2900920fb2eb9ab,manispaa_12960.jpg,quality digit 2 = Fine quality -> Grade_A,2817.25
A_L2OF_10318619.jpg,"Tobacco leaves dataset (Virginia flue-cured, Tanzania)",https://dataverse.harvard.edu/api/access/datafile/10318619,L2OF,Grade_A,960x1440,JPEG,CC0 1.0 Universal (public domain dedication),2026-08-05,10318619,4ee8ae878b230ccdbde31a10f7b06a31,uyui_1030.jpg,quality digit 2 = Fine quality -> Grade_A,1411.97
A_L2OF_10317315.jpg,"Tobacco leaves dataset (Virginia flue-cured, Tanzania)",https://dataverse.harvard.edu/api/access/datafile/10317315,L2OF,Grade_A,960x1440,JPEG,CC0 1.0 Universal (public domain dedication),2026-08-05,10317315,0a3a812d62e9daebddbeb7377c71dec7,kaliua_8813.jpg,quality digit 2 = Fine quality -> Grade_A,3310.48
A_L2OF_10316230.jpg,"Tobacco leaves dataset (Virginia flue-cured, Tanzania)",https://dataverse.harvard.edu/api/access/datafile/10316230,L2OF,Grade_A,960x1440,JPEG,CC0 1.0 Universal (public domain dedication),2026-08-05,10316230,59750686392cfe202b029ef6f0c9a2e3,kaliua_11535.jpg,quality digit 2 = Fine quality -> Grade_A,2081.71
A_L2OF_10319247.jpg,"Tobacco leaves dataset (Virginia flue-cured, Tanzania)",https://dataverse.harvard.edu/api/access/datafile/10319247,L2OF,Grade_A,960x1440,JPEG,CC0 1.0 Universal (public domain dedication),2026-08-05,10319247,7faff40e2137fe972f065e5cce037718,uyui_14109.jpg,quality digit 2 = Fine quality -> Grade_A,2098.56
A_L2OF_10316664.jpg,"Tobacco leaves dataset (Virginia flue-cured, Tanzania)",https://dataverse.harvard.edu/api/access/datafile/10316664,L2OF,Grade_A,960x1440,JPEG,CC0 1.0 Universal (public domain dedication),2026-08-05,10316664,b9938f823754a84f9c9d3276347d8930,kaliua_11401.jpg,quality digit 2 = Fine quality -> Grade_A,2460.54
A_L2OF_10318548.jpg,"Tobacco leaves dataset (Virginia flue-cured, Tanzania)",https://dataverse.harvard.edu/api/access/datafile/10318548,L2OF,Grade_A,960x1440,JPEG,CC0 1.0 Universal (public domain dedication),2026-08-05,10318548,924dd1fb645c271038279fb1aa45ccc7,uyui_4042.jpg,quality digit 2 = Fine quality -> Grade_A,2823.15
A_L2OF_10317062.jpg,"Tobacco leaves dataset (Virginia flue-cured, Tanzania)",https://dataverse.harvard.edu/api/access/datafile/10317062,L2OF,Grade_A,960x1440,JPEG,CC0 1.0 Universal (public domain dedication),2026-08-05,10317062,d2c82a93870298098501efd165acf538,kaliua_8875.jpg,quality digit 2 = Fine quality -> Grade_A,3061.38
A_L2OF_10317470.jpg,"Tobacco leaves dataset (Virginia flue-cured, Tanzania)",https://dataverse.harvard.edu/api/access/datafile/10317470,L2OF,Grade_A,960x1440,JPEG,CC0 1.0 Universal (public domain dedication),2026-08-05,10317470,119005ec7e35f99214254b962170ae75,manispaa_12994.jpg,quality digit 2 = Fine quality -> Grade_A,2753.51
A_L2OF_10318058.jpg,"Tobacco leaves dataset (Virginia flue-cured, Tanzania)",https://dataverse.harvard.edu/api/access/datafile/10318058,L2OF,Grade_A,960x1440,JPEG,CC0 1.0 Universal (public domain dedication),2026-08-05,10318058,056ed811555411ba75a0df1b18525b77,urambo_5762.jpg,quality digit 2 = Fine quality -> Grade_A,5339.91
A_L2OF_10317535.jpg,"Tobacco leaves dataset (Virginia flue-cured, Tanzania)",https://dataverse.harvard.edu/api/access/datafile/10317535,L2OF,Grade_A,960x1440,JPEG,CC0 1.0 Universal (public domain dedication),2026-08-05,10317535,9da7ea5fdf8a6195e6e4d38a97d2d202,kaliua_8922.jpg,quality digit 2 = Fine quality -> Grade_A,2594.54
A_L2OF_10318946.jpg,"Tobacco leaves dataset (Virginia flue-cured, Tanzania)",https://dataverse.harvard.edu/api/access/datafile/10318946,L2OF,Grade_A,960x1440,JPEG,CC0 1.0 Universal (public domain dedication),2026-08-05,10318946,4e5aa8635c878d216dae1427190b97b1,uyui_1204.jpg,quality digit 2 = Fine quality -> Grade_A,1704.34
A_L2OF_10316985.jpg,"Tobacco leaves dataset (Virginia flue-cured, Tanzania)",https://dataverse.harvard.edu/api/access/datafile/10316985,L2OF,Grade_A,960x1440,JPEG,CC0 1.0 Universal (public domain dedication),2026-08-05,10316985,fc06e42a54022666078bd0926ee213b2,urambo_4326.jpg,quality digit 2 = Fine quality -> Grade_A,2854.96
A_L2OF_10317964.jpg,"Tobacco leaves dataset (Virginia flue-cured, Tanzania)",https://dataverse.harvard.edu/api/access/datafile/10317964,L2OF,Grade_A,960x1440,JPEG,CC0 1.0 Universal (public domain dedication),2026-08-05,10317964,e87a2adb41b4574c622e8d3a2584302f,urambo_5682.jpg,quality digit 2 = Fine quality -> Grade_A,4428.82
A_L2OF_10317118.jpg,"Tobacco leaves dataset (Virginia flue-cured, Tanzania)",https://dataverse.harvard.edu/api/access/datafile/10317118,L2OF,Grade_A,960x1440,JPEG,CC0 1.0 Universal (public domain dedication),2026-08-05,10317118,7d08fc39302a2e0dc645684bb1ad5d94,urambo_350.jpg,quality digit 2 = Fine quality -> Grade_A,2799.37
A_L2OF_10319111.jpg,"Tobacco leaves dataset (Virginia flue-cured, Tanzania)",https://dataverse.harvard.edu/api/access/datafile/10319111,L2OF,Grade_A,960x1440,JPEG,CC0 1.0 Universal (public domain dedication),2026-08-05,10319111,2fd65dcab67565bf196518a1d335ac37,uyui_1218.jpg,quality digit 2 = Fine quality -> Grade_A,1660.36
A_L2OF_10316627.jpg,"Tobacco leaves dataset (Virginia flue-cured, Tanzania)",https://dataverse.harvard.edu/api/access/datafile/10316627,L2OF,Grade_A,960x1440,JPEG,CC0 1.0 Universal (public domain dedication),2026-08-05,10316627,b7cceea15bd1ffca1c11c2dec114c1aa,kaliua_11508.jpg,quality digit 2 = Fine quality -> Grade_A,2499.27
A_L2OF_10318274.jpg,"Tobacco leaves dataset (Virginia flue-cured, Tanzania)",https://dataverse.harvard.edu/api/access/datafile/10318274,L2OF,Grade_A,960x1440,JPEG,CC0 1.0 Universal (public domain dedication),2026-08-05,10318274,3dde804d65ea80d7847011036d271677,urambo_482.jpg,quality digit 2 = Fine quality -> Grade_A,2768.21
A_L2OF_10318083.jpg,"Tobacco leaves dataset (Virginia flue-cured, Tanzania)",https://dataverse.harvard.edu/api/access/datafile/10318083,L2OF,Grade_A,960x1440,JPEG,CC0 1.0 Universal (public domain dedication),2026-08-05,10318083,73d95d57830fea69b236485b0369a1f3,urambo_501.jpg,quality digit 2 = Fine quality -> Grade_A,2601.63
A_L2OF_10317694.jpg,"Tobacco leaves dataset (Virginia flue-cured, Tanzania)",https://dataverse.harvard.edu/api/access/datafile/10317694,L2OF,Grade_A,960x1440,JPEG,CC0 1.0 Universal (public domain dedication),2026-08-05,10317694,a51ba628d2efc023fd09468c102575de,urambo_5656.jpg,quality digit 2 = Fine quality -> Grade_A,4121.24
A_L2OF_10319329.jpg,"Tobacco leaves dataset (Virginia flue-cured, Tanzania)",https://dataverse.harvard.edu/api/access/datafile/10319329,L2OF,Grade_A,960x1440,JPEG,CC0 1.0 Universal (public domain dedication),2026-08-05,10319329,84a1a982af1d4c2ca4a5064f1d4b431b,uyui_7795.jpg,quality digit 2 = Fine quality -> Grade_A,1532.85
A_L2OF_10317948.jpg,"Tobacco leaves dataset (Virginia flue-cured, Tanzania)",https://dataverse.harvard.edu/api/access/datafile/10317948,L2OF,Grade_A,960x1440,JPEG,CC0 1.0 Universal (public domain dedication),2026-08-05,10317948,7583f29f181aeba4f8ff6b8ff6a2855b,uyui_10165.jpg,quality digit 2 = Fine quality -> Grade_A,3196.25
A_L2OF_10317191.jpg,"Tobacco leaves dataset (Virginia flue-cured, Tanzania)",https://dataverse.harvard.edu/api/access/datafile/10317191,L2OF,Grade_A,960x1440,JPEG,CC0 1.0 Universal (public domain dedication),2026-08-05,10317191,744bcfaa8a81d3c41030ce7c0ddbc4df,kaliua_8846.jpg,quality digit 2 = Fine quality -> Grade_A,3549.52
A_L2OF_10318872.jpg,"Tobacco leaves dataset (Virginia flue-cured, Tanzania)",https://dataverse.harvard.edu/api/access/datafile/10318872,L2OF,Grade_A,960x1440,JPEG,CC0 1.0 Universal (public domain dedication),2026-08-05,10318872,58a1c315e4e0895883fae379d3d7d75e,uyui_7900.jpg,quality digit 2 = Fine quality -> Grade_A,3562.26
A_L2OF_10318562.jpg,"Tobacco leaves dataset (Virginia flue-cured, Tanzania)",https://dataverse.harvard.edu/api/access/datafile/10318562,L2OF,Grade_A,960x1440,JPEG,CC0 1.0 Universal (public domain dedication),2026-08-05,10318562,0386458aeae6b7ea5ff7c0b8ddcb5141,uyui_1029.jpg,quality digit 2 = Fine quality -> Grade_A,1526.66
A_L2OF_10318185.jpg,"Tobacco leaves dataset (Virginia flue-cured, Tanzania)",https://dataverse.harvard.edu/api/access/datafile/10318185,L2OF,Grade_A,960x1440,JPEG,CC0 1.0 Universal (public domain dedication),2026-08-05,10318185,d6a83711af53b80beeeb117a16bb451a,urambo_4478.jpg,quality digit 2 = Fine quality -> Grade_A,2872.9
A_L2OF_10317784.jpg,"Tobacco leaves dataset (Virginia flue-cured, Tanzania)",https://dataverse.harvard.edu/api/access/datafile/10317784,L2OF,Grade_A,960x1440,JPEG,CC0 1.0 Universal (public domain dedication),2026-08-05,10317784,249f1b7c76271327658681ca8b5e3c62,urambo_5586.jpg,quality digit 2 = Fine quality -> Grade_A,5124.04
A_L2OF_10318883.jpg,"Tobacco leaves dataset (Virginia flue-cured, Tanzania)",https://dataverse.harvard.edu/api/access/datafile/10318883,L2OF,Grade_A,960x1440,JPEG,CC0 1.0 Universal (public domain dedication),2026-08-05,10318883,73ae0716ba75dedba762244bc02dc620,uyui_4145.jpg,quality digit 2 = Fine quality -> Grade_A,1984.66
A_L2OF_10316438.jpg,"Tobacco leaves dataset (Virginia flue-cured, Tanzania)",https://dataverse.harvard.edu/api/access/datafile/10316438,L2OF,Grade_A,960x1440,JPEG,CC0 1.0 Universal (public domain dedication),2026-08-05,10316438,0ba5375aa07780d5ff684139f02b3505,kaliua_11523.jpg,quality digit 2 = Fine quality -> Grade_A,1848.27
A_L2OF_10317382.jpg,"Tobacco leaves dataset (Virginia flue-cured, Tanzania)",https://dataverse.harvard.edu/api/access/datafile/10317382,L2OF,Grade_A,960x1440,JPEG,CC0 1.0 Universal (public domain dedication),2026-08-05,10317382,b761577a47b1b568d19196cd91bd6772,urambo_4282.jpg,quality digit 2 = Fine quality -> Grade_A,2957.59
A_L2OF_10317472.jpg,"Tobacco leaves dataset (Virginia flue-cured, Tanzania)",https://dataverse.harvard.edu/api/access/datafile/10317472,L2OF,Grade_A,960x1440,JPEG,CC0 1.0 Universal (public domain dedication),2026-08-05,10317472,207f429a0ac70e1acf2157b66ce6cdb3,kaliua_8879.jpg,quality digit 2 = Fine quality -> Grade_A,3455.01
A_L2OF_10316528.jpg,"Tobacco leaves dataset (Virginia flue-cured, Tanzania)",https://dataverse.harvard.edu/api/access/datafile/10316528,L2OF,Grade_A,960x1440,JPEG,CC0 1.0 Universal (public domain dedication),2026-08-05,10316528,73e392c6d77258f8fd6951bb8dd4c1ff,kaliua_11536.jpg,quality digit 2 = Fine quality -> Grade_A,1648.79
A_L2OF_10316366.jpg,"Tobacco leaves dataset (Virginia flue-cured, Tanzania)",https://dataverse.harvard.edu/api/access/datafile/10316366,L2OF,Grade_A,960x1440,JPEG,CC0 1.0 Universal (public domain dedication),2026-08-05,10316366,4a6cbff8a2f7281a4e337862a03340f9,kaliua_608.jpg,quality digit 2 = Fine quality -> Grade_A,3164.88
A_L2OF_10317879.jpg,"Tobacco leaves dataset (Virginia flue-cured, Tanzania)",https://dataverse.harvard.edu/api/access/datafile/10317879,L2OF,Grade_A,960x1440,JPEG,CC0 1.0 Universal (public domain dedication),2026-08-05,10317879,eaa944b4ae8af7fef967d2cf97f08122,urambo_5663.jpg,quality digit 2 = Fine quality -> Grade_A,4254.5
A_L2OF_10318294.jpg,"Tobacco leaves dataset (Virginia flue-cured, Tanzania)",https://dataverse.harvard.edu/api/access/datafile/10318294,L2OF,Grade_A,960x1440,JPEG,CC0 1.0 Universal (public domain dedication),2026-08-05,10318294,fee6c308c9a98ca6199e6ce9c9699b5c,urambo_622.jpg,quality digit 2 = Fine quality -> Grade_A,2367.46
A_L2OF_10315973.jpg,"Tobacco leaves dataset (Virginia flue-cured, Tanzania)",https://dataverse.harvard.edu/api/access/datafile/10315973,L2OF,Grade_A,960x1440,JPEG,CC0 1.0 Universal (public domain dedication),2026-08-05,10315973,30325ed2eb480ba4fd2beb3a84d076f6,kaliua_3800.jpg,quality digit 2 = Fine quality -> Grade_A,2681.18
A_L2OF_10318270.jpg,"Tobacco leaves dataset (Virginia flue-cured, Tanzania)",https://dataverse.harvard.edu/api/access/datafile/10318270,L2OF,Grade_A,960x1440,JPEG,CC0 1.0 Universal (public domain dedication),2026-08-05,10318270,f59950bbf33c146ed9ae5077e6612f17,urambo_739.jpg,quality digit 2 = Fine quality -> Grade_A,2732.38
A_L2OF_10316948.jpg,"Tobacco leaves dataset (Virginia flue-cured, Tanzania)",https://dataverse.harvard.edu/api/access/datafile/10316948,L2OF,Grade_A,960x1440,JPEG,CC0 1.0 Universal (public domain dedication),2026-08-05,10316948,8c9ae9d53bba403403ed581de5b6c3af,manispaa_13065.jpg,quality digit 2 = Fine quality -> Grade_A,2129.3
A_L2OF_10316691.jpg,"Tobacco leaves dataset (Virginia flue-cured, Tanzania)",https://dataverse.harvard.edu/api/access/datafile/10316691,L2OF,Grade_A,960x1440,JPEG,CC0 1.0 Universal (public domain dedication),2026-08-05,10316691,510647c916b284ab0cafa62131ed7905,kaliua_529.jpg,quality digit 2 = Fine quality -> Grade_A,3342.68
A_L2OF_10318355.jpg,"Tobacco leaves dataset (Virginia flue-cured, Tanzania)",https://dataverse.harvard.edu/api/access/datafile/10318355,L2OF,Grade_A,960x1440,JPEG,CC0 1.0 Universal (public domain dedication),2026-08-05,10318355,954f784bf525b8c1d6ae25d1c12af59e,urambo_743.jpg,quality digit 2 = Fine quality -> Grade_A,2099.46
A_L2OF_10316134.jpg,"Tobacco leaves dataset (Virginia flue-cured, Tanzania)",https://dataverse.harvard.edu/api/access/datafile/10316134,L2OF,Grade_A,960x1440,JPEG,CC0 1.0 Universal (public domain dedication),2026-08-05,10316134,9650f9c3912b7db6ebe22803a75f382c,kaliua_569.jpg,quality digit 2 = Fine quality -> Grade_A,3145.54
A_L2OF_10317453.jpg,"Tobacco leaves dataset (Virginia flue-cured, Tanzania)",https://dataverse.harvard.edu/api/access/datafile/10317453,L2OF,Grade_A,960x1440,JPEG,CC0 1.0 Universal (public domain dedication),2026-08-05,10317453,9a7b80824ba01e702973054d2060f447,urambo_311.jpg,quality digit 2 = Fine quality -> Grade_A,2902.82
A_L2OF_10318554.jpg,"Tobacco leaves dataset (Virginia flue-cured, Tanzania)",https://dataverse.harvard.edu/api/access/datafile/10318554,L2OF,Grade_A,960x1440,JPEG,CC0 1.0 Universal (public domain dedication),2026-08-05,10318554,65300245569d35b4939efe514dcb199f,uyui_14096.jpg,quality digit 2 = Fine quality -> Grade_A,1962.4
A_L2OF_10316718.jpg,"Tobacco leaves dataset (Virginia flue-cured, Tanzania)",https://dataverse.harvard.edu/api/access/datafile/10316718,L2OF,Grade_A,960x1440,JPEG,CC0 1.0 Universal (public domain dedication),2026-08-05,10316718,9a829b95fbf55b7a270e9892ad7eb1e9,kaliua_11431.jpg,quality digit 2 = Fine quality -> Grade_A,2520.84
A_L2OF_10317221.jpg,"Tobacco leaves dataset (Virginia flue-cured, Tanzania)",https://dataverse.harvard.edu/api/access/datafile/10317221,L2OF,Grade_A,960x1440,JPEG,CC0 1.0 Universal (public domain dedication),2026-08-05,10317221,be424f16027171e59e92cf0bd9f5b993,manispaa_12941.jpg,quality digit 2 = Fine quality -> Grade_A,2973.39
A_L2OF_10317206.jpg,"Tobacco leaves dataset (Virginia flue-cured, Tanzania)",https://dataverse.harvard.edu/api/access/datafile/10317206,L2OF,Grade_A,960x1440,JPEG,CC0 1.0 Universal (public domain dedication),2026-08-05,10317206,6cbb345483213bbe3c3331e2bbbfb12d,urambo_2376.jpg,quality digit 2 = Fine quality -> Grade_A,3461.22
A_L2OF_10316668.jpg,"Tobacco leaves dataset (Virginia flue-cured, Tanzania)",https://dataverse.harvard.edu/api/access/datafile/10316668,L2OF,Grade_A,960x1440,JPEG,CC0 1.0 Universal (public domain dedication),2026-08-05,10316668,4880025d4d92e72b2ac779164acc6151,kaliua_11423.jpg,quality digit 2 = Fine quality -> Grade_A,2143.13
A_L2OF_10316393.jpg,"Tobacco leaves dataset (Virginia flue-cured, Tanzania)",https://dataverse.harvard.edu/api/access/datafile/10316393,L2OF,Grade_A,960x1440,JPEG,CC0 1.0 Universal (public domain dedication),2026-08-05,10316393,b39d35e2d5d3dc5b819662008ca330cf,kaliua_3721.jpg,quality digit 2 = Fine quality -> Grade_A,3288.33
A_L2OF_10317108.jpg,"Tobacco leaves dataset (Virginia flue-cured, Tanzania)",https://dataverse.harvard.edu/api/access/datafile/10317108,L2OF,Grade_A,960x1440,JPEG,CC0 1.0 Universal (public domain dedication),2026-08-05,10317108,e1a0675ac56a7ad571e0dd5b7695ee1b,urambo_4384.jpg,quality digit 2 = Fine quality -> Grade_A,3046.19
A_L2OF_10319023.jpg,"Tobacco leaves dataset (Virginia flue-cured, Tanzania)",https://dataverse.harvard.edu/api/access/datafile/10319023,L2OF,Grade_A,960x1440,JPEG,CC0 1.0 Universal (public domain dedication),2026-08-05,10319023,71ab0518e3cc7be42856e7e94c3116ce,uyui_4094.jpg,quality digit 2 = Fine quality -> Grade_A,1737.08
A_L2OF_10316429.jpg,"Tobacco leaves dataset (Virginia flue-cured, Tanzania)",https://dataverse.harvard.edu/api/access/datafile/10316429,L2OF,Grade_A,960x1440,JPEG,CC0 1.0 Universal (public domain dedication),2026-08-05,10316429,14c7dce05ceac7a49f18de5572ce013d,kaliua_11676.jpg,quality digit 2 = Fine quality -> Grade_A,2043.83
A_L2OF_10316154.jpg,"Tobacco leaves dataset (Virginia flue-cured, Tanzania)",https://dataverse.harvard.edu/api/access/datafile/10316154,L2OF,Grade_A,960x1440,JPEG,CC0 1.0 Universal (public domain dedication),2026-08-05,10316154,439cba3fd551c5f6dd3212c50ddf6540,kaliua_3703.jpg,quality digit 2 = Fine quality -> Grade_A,2597.87
A_L2OF_10316488.jpg,"Tobacco leaves dataset (Virginia flue-cured, Tanzania)",https://dataverse.harvard.edu/api/access/datafile/10316488,L2OF,Grade_A,960x1440,JPEG,CC0 1.0 Universal (public domain dedication),2026-08-05,10316488,ad79947b0a87e03a4da68174e3aca59d,kaliua_611.jpg,quality digit 2 = Fine quality -> Grade_A,3105.39
A_L2OF_10317136.jpg,"Tobacco leaves dataset (Virginia flue-cured, Tanzania)",https://dataverse.harvard.edu/api/access/datafile/10317136,L2OF,Grade_A,960x1440,JPEG,CC0 1.0 Universal (public domain dedication),2026-08-05,10317136,c7c21d6982a72580d05e814603e9c89d,kaliua_8882.jpg,quality digit 2 = Fine quality -> Grade_A,3696.68
A_L2OF_10318540.jpg,"Tobacco leaves dataset (Virginia flue-cured, Tanzania)",https://dataverse.harvard.edu/api/access/datafile/10318540,L2OF,Grade_A,960x1440,JPEG,CC0 1.0 Universal (public domain dedication),2026-08-05,10318540,4c0e4f0cfe28b9091824eaa7f8a7f63b,uyui_7802.jpg,quality digit 2 = Fine quality -> Grade_A,1478.98
A_L2OF_10318951.jpg,"Tobacco leaves dataset (Virginia flue-cured, Tanzania)",https://dataverse.harvard.edu/api/access/datafile/10318951,L2OF,Grade_A,960x1440,JPEG,CC0 1.0 Universal (public domain dedication),2026-08-05,10318951,639e7b4b66b347e6b8d34d1e01cb657b,uyui_4088.jpg,quality digit 2 = Fine quality -> Grade_A,1425.69
A_L2OF_10317226.jpg,"Tobacco leaves dataset (Virginia flue-cured, Tanzania)",https://dataverse.harvard.edu/api/access/datafile/10317226,L2OF,Grade_A,960x1440,JPEG,CC0 1.0 Universal (public domain dedication),2026-08-05,10317226,424ade0e2a7d8d23ef60c2881c51135c,kaliua_8934.jpg,quality digit 2 = Fine quality -> Grade_A,2234.43
A_L2OF_10319093.jpg,"Tobacco leaves dataset (Virginia flue-cured, Tanzania)",https://dataverse.harvard.edu/api/access/datafile/10319093,L2OF,Grade_A,960x1440,JPEG,CC0 1.0 Universal (public domain dedication),2026-08-05,10319093,d06e9c37016c62a6968ed057fd49a2c2,uyui_1283.jpg,quality digit 2 = Fine quality -> Grade_A,2719.52
A_L2OF_10317043.jpg,"Tobacco leaves dataset (Virginia flue-cured, Tanzania)",https://dataverse.harvard.edu/api/access/datafile/10317043,L2OF,Grade_A,960x1440,JPEG,CC0 1.0 Universal (public domain dedication),2026-08-05,10317043,e431631620242493bc60978d06e9f88c,manispaa_1032.jpg,quality digit 2 = Fine quality -> Grade_A,2761.46
A_L2OF_10317248.jpg,"Tobacco leaves dataset (Virginia flue-cured, Tanzania)",https://dataverse.harvard.edu/api/access/datafile/10317248,L2OF,Grade_A,960x1440,JPEG,CC0 1.0 Universal (public domain dedication),2026-08-05,10317248,65dd9398b83b1950966a1593517bbddf,manispaa_13046.jpg,quality digit 2 = Fine quality -> Grade_A,2523.52
A_L2OF_10317455.jpg,"Tobacco leaves dataset (Virginia flue-cured, Tanzania)",https://dataverse.harvard.edu/api/access/datafile/10317455,L2OF,Grade_A,960x1440,JPEG,CC0 1.0 Universal (public domain dedication),2026-08-05,10317455,edfe1babbd133b17485fb68d3f604756,manispaa_13067.jpg,quality digit 2 = Fine quality -> Grade_A,3350.39
A_L2OF_10317278.jpg,"Tobacco leaves dataset (Virginia flue-cured, Tanzania)",https://dataverse.harvard.edu/api/access/datafile/10317278,L2OF,Grade_A,960x1440,JPEG,CC0 1.0 Universal (public domain dedication),2026-08-05,10317278,2c30ae9487fa121c585baa8ce5770b89,urambo_323.jpg,quality digit 2 = Fine quality -> Grade_A,3348.47
A_L2OF_10319114.jpg,"Tobacco leaves dataset (Virginia flue-cured, Tanzania)",https://dataverse.harvard.edu/api/access/datafile/10319114,L2OF,Grade_A,960x1440,JPEG,CC0 1.0 Universal (public domain dedication),2026-08-05,10319114,d0472d739fe3b4098f7ef1d64c7f38a5,uyui_14187.jpg,quality digit 2 = Fine quality -> Grade_A,2476.98
A_L2OF_10319371.jpg,"Tobacco leaves dataset (Virginia flue-cured, Tanzania)",https://dataverse.harvard.edu/api/access/datafile/10319371,L2OF,Grade_A,960x1440,JPEG,CC0 1.0 Universal (public domain dedication),2026-08-05,10319371,b67a85df0e63606b3c541221ec58102a,uyui_14184.jpg,quality digit 2 = Fine quality -> Grade_A,2184.28
A_L2OF_10318259.jpg,"Tobacco leaves dataset (Virginia flue-cured, Tanzania)",https://dataverse.harvard.edu/api/access/datafile/10318259,L2OF,Grade_A,960x1440,JPEG,CC0 1.0 Universal (public domain dedication),2026-08-05,10318259,fa207ddae3b104f1ecfef5437af4cbb3,urambo_5741.jpg,quality digit 2 = Fine quality -> Grade_A,5298.19
A_L2OF_10318324.jpg,"Tobacco leaves dataset (Virginia flue-cured, Tanzania)",https://dataverse.harvard.edu/api/access/datafile/10318324,L2OF,Grade_A,960x1440,JPEG,CC0 1.0 Universal (public domain dedication),2026-08-05,10318324,b0cdc22c0a010be6db1136f13e9d623b,urambo_4479.jpg,quality digit 2 = Fine quality -> Grade_A,2833.25
A_L2OF_10319059.jpg,"Tobacco leaves dataset (Virginia flue-cured, Tanzania)",https://dataverse.harvard.edu/api/access/datafile/10319059,L2OF,Grade_A,960x1440,JPEG,CC0 1.0 Universal (public domain dedication),2026-08-05,10319059,8dddd2db92027cc2ec3ef653e8a66a3b,uyui_1180.jpg,quality digit 2 = Fine quality -> Grade_A,1663.67
A_L2OF_10316253.jpg,"Tobacco leaves dataset (Virginia flue-cured, Tanzania)",https://dataverse.harvard.edu/api/access/datafile/10316253,L2OF,Grade_A,960x1440,JPEG,CC0 1.0 Universal (public domain dedication),2026-08-05,10316253,3f4bdfbef2105a3413619c2880670396,kaliua_3720.jpg,quality digit 2 = Fine quality -> Grade_A,2980.55
A_L2OF_10318960.jpg,"Tobacco leaves dataset (Virginia flue-cured, Tanzania)",https://dataverse.harvard.edu/api/access/datafile/10318960,L2OF,Grade_A,960x1440,JPEG,CC0 1.0 Universal (public domain dedication),2026-08-05,10318960,bbe8a1b38c56c3ec8a02da42e5e5ff90,uyui_4132.jpg,quality digit 2 = Fine quality -> Grade_A,1699.06
A_L2OF_10316898.jpg,"Tobacco leaves dataset (Virginia flue-cured, Tanzania)",https://dataverse.harvard.edu/api/access/datafile/10316898,L2OF,Grade_A,960x1440,JPEG,CC0 1.0 Universal (public domain dedication),2026-08-05,10316898,52a012366e362738e86aed45f5eda3cb,urambo_4300.jpg,quality digit 2 = Fine quality -> Grade_A,3665.58
A_L2OF_10317379.jpg,"Tobacco leaves dataset (Virginia flue-cured, Tanzania)",https://dataverse.harvard.edu/api/access/datafile/10317379,L2OF,Grade_A,960x1440,JPEG,CC0 1.0 Universal (public domain dedication),2026-08-05,10317379,ffff5359d4bb0d1cbe93e249e0f78ba0,kaliua_8873.jpg,quality digit 2 = Fine quality -> Grade_A,2670.12
A_L2OF_10318134.jpg,"Tobacco leaves dataset (Virginia flue-cured, Tanzania)",https://dataverse.harvard.edu/api/access/datafile/10318134,L2OF,Grade_A,960x1440,JPEG,CC0 1.0 Universal (public domain dedication),2026-08-05,10318134,58122b339052801a620dab2d6fea34b1,uyui_1015.jpg,quality digit 2 = Fine quality -> Grade_A,1626.03
A_L2OF_10319147.jpg,"Tobacco leaves dataset (Virginia flue-cured, Tanzania)",https://dataverse.harvard.edu/api/access/datafile/10319147,L2OF,Grade_A,960x1440,JPEG,CC0 1.0 Universal (public domain dedication),2026-08-05,10319147,98be9b1a57afd7bb2ce9bcb889108624,uyui_14061.jpg,quality digit 2 = Fine quality -> Grade_A,2384.6
A_L2OF_10318576.jpg,"Tobacco leaves dataset (Virginia flue-cured, Tanzania)",https://dataverse.harvard.edu/api/access/datafile/10318576,L2OF,Grade_A,960x1440,JPEG,CC0 1.0 Universal (public domain dedication),2026-08-05,10318576,8f116377b7c6d8e36109106d5e921bdc,uyui_1288.jpg,quality digit 2 = Fine quality -> Grade_A,2449.96
A_L2OF_10316262.jpg,"Tobacco leaves dataset (Virginia flue-cured, Tanzania)",https://dataverse.harvard.edu/api/access/datafile/10316262,L2OF,Grade_A,960x1440,JPEG,CC0 1.0 Universal (public domain dedication),2026-08-05,10316262,aacae00c838ae5221712fd079ab32bec,kaliua_8758.jpg,quality digit 2 = Fine quality -> Grade_A,3118.07
A_L2OF_10316670.jpg,"Tobacco leaves dataset (Virginia flue-cured, Tanzania)",https://dataverse.harvard.edu/api/access/datafile/10316670,L2OF,Grade_A,960x1440,JPEG,CC0 1.0 Universal (public domain dedication),2026-08-05,10316670,a54527a04f53569851877399b2b96001,kaliua_11548.jpg,quality digit 2 = Fine quality -> Grade_A,2100.85
A_L2OF_10318289.jpg,"Tobacco leaves dataset (Virginia flue-cured, Tanzania)",https://dataverse.harvard.edu/api/access/datafile/10318289,L2OF,Grade_A,960x1440,JPEG,CC0 1.0 Universal (public domain dedication),2026-08-05,10318289,4602c4264cc8fe8d1ab663fea766d2f4,urambo_4464.jpg,quality digit 2 = Fine quality -> Grade_A,3138.75
A_L2OF_10318738.jpg,"Tobacco leaves dataset (Virginia flue-cured, Tanzania)",https://dataverse.harvard.edu/api/access/datafile/10318738,L2OF,Grade_A,960x1440,JPEG,CC0 1.0 Universal (public domain dedication),2026-08-05,10318738,b48d3692104ef45f3e52e4bc23b7d797,uyui_1049.jpg,quality digit 2 = Fine quality -> Grade_A,1664.28
A_L2OF_10318164.jpg,"Tobacco leaves dataset (Virginia flue-cured, Tanzania)",https://dataverse.harvard.edu/api/access/datafile/10318164,L2OF,Grade_A,960x1440,JPEG,CC0 1.0 Universal (public domain dedication),2026-08-05,10318164,0df8ef9d5f5c1f83133af8edc5e5efde,urambo_627.jpg,quality digit 2 = Fine quality -> Grade_A,2181.57
A_L2OF_10319145.jpg,"Tobacco leaves dataset (Virginia flue-cured, Tanzania)",https://dataverse.harvard.edu/api/access/datafile/10319145,L2OF,Grade_A,960x1440,JPEG,CC0 1.0 Universal (public domain dedication),2026-08-05,10319145,5096cb9303d72c93ac93df6fe998bbab,uyui_14230.jpg,quality digit 2 = Fine quality -> Grade_A,3491.75
A_L2OF_10318057.jpg,"Tobacco leaves dataset (Virginia flue-cured, Tanzania)",https://dataverse.harvard.edu/api/access/datafile/10318057,L2OF,Grade_A,960x1440,JPEG,CC0 1.0 Universal (public domain dedication),2026-08-05,10318057,4211037c80d5e354d59472970fbf4b4b,urambo_442.jpg,quality digit 2 = Fine quality -> Grade_A,2964.18
A_L2OF_10318422.jpg,"Tobacco leaves dataset (Virginia flue-cured, Tanzania)",https://dataverse.harvard.edu/api/access/datafile/10318422,L2OF,Grade_A,960x1440,JPEG,CC0 1.0 Universal (public domain dedication),2026-08-05,10318422,896254d9c35723b43c2e81f22c8f8352,urambo_5607.jpg,quality digit 2 = Fine quality -> Grade_A,5253.32
A_L2OF_10317434.jpg,"Tobacco leaves dataset (Virginia flue-cured, Tanzania)",https://dataverse.harvard.edu/api/access/datafile/10317434,L2OF,Grade_A,960x1440,JPEG,CC0 1.0 Universal (public domain dedication),2026-08-05,10317434,8476f28568e3dc2562e63c2bd64d6ac3,urambo_2378.jpg,quality digit 2 = Fine quality -> Grade_A,3534.81
A_L2OF_10319131.jpg,"Tobacco leaves dataset (Virginia flue-cured, Tanzania)",https://dataverse.harvard.edu/api/access/datafile/10319131,L2OF,Grade_A,960x1440,JPEG,CC0 1.0 Universal (public domain dedication),2026-08-05,10319131,85831e6917625fcecf484b735a170bd9,uyui_1302.jpg,quality digit 2 = Fine quality -> Grade_A,2515.4
A_L2OF_10316418.jpg,"Tobacco leaves dataset (Virginia flue-cured, Tanzania)",https://dataverse.harvard.edu/api/access/datafile/10316418,L2OF,Grade_A,960x1440,JPEG,CC0 1.0 Universal (public domain dedication),2026-08-05,10316418,3ccac8a91cac56f797da2a733efaa0cc,kaliua_3690.jpg,quality digit 2 = Fine quality -> Grade_A,2775.86
A_L2OF_10316514.jpg,"Tobacco leaves dataset (Virginia flue-cured, Tanzania)",https://dataverse.harvard.edu/api/access/datafile/10316514,L2OF,Grade_A,960x1440,JPEG,CC0 1.0 Universal (public domain dedication),2026-08-05,10316514,387ee60044946131a9c1a26130fbf655,kaliua_11539.jpg,quality digit 2 = Fine quality -> Grade_A,2051.49
A_L2OF_10316378.jpg,"Tobacco leaves dataset (Virginia flue-cured, Tanzania)",https://dataverse.harvard.edu/api/access/datafile/10316378,L2OF,Grade_A,960x1440,JPEG,CC0 1.0 Universal (public domain dedication),2026-08-05,10316378,e310b3b9029df86eef8801cd2948e377,kaliua_3750.jpg,quality digit 2 = Fine quality -> Grade_A,2272.02
A_L2OF_10316044.jpg,"Tobacco leaves dataset (Virginia flue-cured, Tanzania)",https://dataverse.harvard.edu/api/access/datafile/10316044,L2OF,Grade_A,960x1440,JPEG,CC0 1.0 Universal (public domain dedication),2026-08-05,10316044,9b3175ebfb457c00bdac745eb437a9a2,kaliua_11554.jpg,quality digit 2 = Fine quality -> Grade_A,2120.61
A_L2OF_10317061.jpg,"Tobacco leaves dataset (Virginia flue-cured, Tanzania)",https://dataverse.harvard.edu/api/access/datafile/10317061,L2OF,Grade_A,960x1440,JPEG,CC0 1.0 Universal (public domain dedication),2026-08-05,10317061,457457e8715cd56c52750dd05652e6fc,urambo_438.jpg,quality digit 2 = Fine quality -> Grade_A,3144.37
A_L2OF_10316227.jpg,"Tobacco leaves dataset (Virginia flue-cured, Tanzania)",https://dataverse.harvard.edu/api/access/datafile/10316227,L2OF,Grade_A,960x1440,JPEG,CC0 1.0 Universal (public domain dedication),2026-08-05,10316227,316ee699212a348d1caaea25935b4bd5,kaliua_626.jpg,quality digit 2 = Fine quality -> Grade_A,3072.92
A_L2OF_10319375.jpg,"Tobacco leaves dataset (Virginia flue-cured, Tanzania)",https://dataverse.harvard.edu/api/access/datafile/10319375,L2OF,Grade_A,960x1440,JPEG,CC0 1.0 Universal (public domain dedication),2026-08-05,10319375,9d3e2527b9f03471e58bf79ba018896a,uyui_14125.jpg,quality digit 2 = Fine quality -> Grade_A,2582.34
A_L2OF_10319195.jpg,"Tobacco leaves dataset (Virginia flue-cured, Tanzania)",https://dataverse.harvard.edu/api/access/datafile/10319195,L2OF,Grade_A,960x1440,JPEG,CC0 1.0 Universal (public domain dedication),2026-08-05,10319195,c6e86cf533e209ff8b06118cca8cbd1f,uyui_14197.jpg,quality digit 2 = Fine quality -> Grade_A,2792.55
A_L2OF_10317361.jpg,"Tobacco leaves dataset (Virginia flue-cured, Tanzania)",https://dataverse.harvard.edu/api/access/datafile/10317361,L2OF,Grade_A,960x1440,JPEG,CC0 1.0 Universal (public domain dedication),2026-08-05,10317361,e181a03708d68f8d5be3ab4b78c58403,urambo_374.jpg,quality digit 2 = Fine quality -> Grade_A,2716.03
A_L2OF_10316365.jpg,"Tobacco leaves dataset (Virginia flue-cured, Tanzania)",https://dataverse.harvard.edu/api/access/datafile/10316365,L2OF,Grade_A,960x1440,JPEG,CC0 1.0 Universal (public domain dedication),2026-08-05,10316365,4b196ec7a6f0129b403269d4fe403351,kaliua_8737.jpg,quality digit 2 = Fine quality -> Grade_A,3655.61
A_L2OF_10316185.jpg,"Tobacco leaves dataset (Virginia flue-cured, Tanzania)",https://dataverse.harvard.edu/api/access/datafile/10316185,L2OF,Grade_A,960x1440,JPEG,CC0 1.0 Universal (public domain dedication),2026-08-05,10316185,248c390ee0e1a00fcc72d85b5fa3370e,kaliua_11621.jpg,quality digit 2 = Fine quality -> Grade_A,3125.28
A_L2OF_10318095.jpg,"Tobacco leaves dataset (Virginia flue-cured, Tanzania)",https://dataverse.harvard.edu/api/access/datafile/10318095,L2OF,Grade_A,960x1440,JPEG,CC0 1.0 Universal (public domain dedication),2026-08-05,10318095,66f4a90733ae49abc90c27a68344510c,urambo_5763.jpg,quality digit 2 = Fine quality -> Grade_A,5092.69
A_L2OF_10318634.jpg,"Tobacco leaves dataset (Virginia flue-cured, Tanzania)",https://dataverse.harvard.edu/api/access/datafile/10318634,L2OF,Grade_A,960x1440,JPEG,CC0 1.0 Universal (public domain dedication),2026-08-05,10318634,f5f1094b04bd55ce43623419aa18cdd9,uyui_14029.jpg,quality digit 2 = Fine quality -> Grade_A,2141.72
A_L2OF_10318968.jpg,"Tobacco leaves dataset (Virginia flue-cured, Tanzania)",https://dataverse.harvard.edu/api/access/datafile/10318968,L2OF,Grade_A,960x1440,JPEG,CC0 1.0 Universal (public domain dedication),2026-08-05,10318968,8e98eb5f9a0707309cd153e21ef80566,uyui_4053.jpg,quality digit 2 = Fine quality -> Grade_A,2938.68
A_L2OF_10319282.jpg,"Tobacco leaves dataset (Virginia flue-cured, Tanzania)",https://dataverse.harvard.edu/api/access/datafile/10319282,L2OF,Grade_A,960x1440,JPEG,CC0 1.0 Universal (public domain dedication),2026-08-05,10319282,b3995f632ee5e9e3cb69a9cebf993d8f,uyui_1116.jpg,quality digit 2 = Fine quality -> Grade_A,1823.82
A_L2OF_10316036.jpg,"Tobacco leaves dataset (Virginia flue-cured, Tanzania)",https://dataverse.harvard.edu/api/access/datafile/10316036,L2OF,Grade_A,960x1440,JPEG,CC0 1.0 Universal (public domain dedication),2026-08-05,10316036,9d86e9a1c7c78e14ab36f9a4e0b14a07,kaliua_11612.jpg,quality digit 2 = Fine quality -> Grade_A,3005.11
A_L2OF_10316158.jpg,"Tobacco leaves dataset (Virginia flue-cured, Tanzania)",https://dataverse.harvard.edu/api/access/datafile/10316158,L2OF,Grade_A,960x1440,JPEG,CC0 1.0 Universal (public domain dedication),2026-08-05,10316158,f3d1b364fcbfe068640003222e70bccb,kaliua_8683.jpg,quality digit 2 = Fine quality -> Grade_A,3302.81
A_L2OF_10316526.jpg,"Tobacco leaves dataset (Virginia flue-cured, Tanzania)",https://dataverse.harvard.edu/api/access/datafile/10316526,L2OF,Grade_A,960x1440,JPEG,CC0 1.0 Universal (public domain dedication),2026-08-05,10316526,ddb94dfdb7f55ea5ec920ee824dcd136,kaliua_11511.jpg,quality digit 2 = Fine quality -> Grade_A,3011.69
A_L2OF_10319366.jpg,"Tobacco leaves dataset (Virginia flue-cured, Tanzania)",https://dataverse.harvard.edu/api/access/datafile/10319366,L2OF,Grade_A,960x1440,JPEG,CC0 1.0 Universal (public domain dedication),2026-08-05,10319366,a73c794bc9847273e1d7f9af582f6dab,uyui_4171.jpg,quality digit 2 = Fine quality -> Grade_A,1637.4
A_L2OF_10318423.jpg,"Tobacco leaves dataset (Virginia flue-cured, Tanzania)",https://dataverse.harvard.edu/api/access/datafile/10318423,L2OF,Grade_A,960x1440,JPEG,CC0 1.0 Universal (public domain dedication),2026-08-05,10318423,519aa170070d18894b24e4345cde3bfb,urambo_5500.jpg,quality digit 2 = Fine quality -> Grade_A,4431.51
A_L2OF_10316074.jpg,"Tobacco leaves dataset (Virginia flue-cured, Tanzania)",https://dataverse.harvard.edu/api/access/datafile/10316074,L2OF,Grade_A,960x1440,JPEG,CC0 1.0 Universal (public domain dedication),2026-08-05,10316074,e1d20f7139e807b66b2b4287922ee562,kaliua_586.jpg,quality digit 2 = Fine quality -> Grade_A,3048.7
A_L2OF_10316292.jpg,"Tobacco leaves dataset (Virginia flue-cured, Tanzania)",https://dataverse.harvard.edu/api/access/datafile/10316292,L2OF,Grade_A,960x1440,JPEG,CC0 1.0 Universal (public domain dedication),2026-08-05,10316292,89b114bdbbebbef644569c0b08107c2b,kaliua_8757.jpg,quality digit 2 = Fine quality -> Grade_A,3145.58
A_L2R_10319418.jpg,"Tobacco leaves dataset (Virginia flue-cured, Tanzania)",https://dataverse.harvard.edu/api/access/datafile/10319418,L2R,Grade_A,960x1440,JPEG,CC0 1.0 Universal (public domain dedication),2026-08-05,10319418,d7daf692b7342619075f5cb73fcb4962,kaliua_11715.jpg,quality digit 2 = Fine quality -> Grade_A,2559.88
A_L2R_10319405.jpg,"Tobacco leaves dataset (Virginia flue-cured, Tanzania)",https://dataverse.harvard.edu/api/access/datafile/10319405,L2R,Grade_A,960x1440,JPEG,CC0 1.0 Universal (public domain dedication),2026-08-05,10319405,f02533a39ec79f1677d0b5c5bff4ee1a,kaliua_11686.jpg,quality digit 2 = Fine quality -> Grade_A,3087.26
B_L3L_10323435.jpg,"Tobacco leaves dataset (Virginia flue-cured, Tanzania)",https://dataverse.harvard.edu/api/access/datafile/10323435,L3L,Grade_B,960x1440,JPEG,CC0 1.0 Universal (public domain dedication),2026-08-05,10323435,0156f1c45db399a5aa12cf5e21fdc705,manispaa_7702.jpg,quality digit 3 = Good quality -> Grade_B,2514.98
B_L3L_10321740.jpg,"Tobacco leaves dataset (Virginia flue-cured, Tanzania)",https://dataverse.harvard.edu/api/access/datafile/10321740,L3L,Grade_B,960x1440,JPEG,CC0 1.0 Universal (public domain dedication),2026-08-05,10321740,8ece3983a5f3b94647becaacfa17c597,manispaa_10588.jpg,quality digit 3 = Good quality -> Grade_B,2289.74
B_L3L_10325170.jpg,"Tobacco leaves dataset (Virginia flue-cured, Tanzania)",https://dataverse.harvard.edu/api/access/datafile/10325170,L3L,Grade_B,960x1440,JPEG,CC0 1.0 Universal (public domain dedication),2026-08-05,10325170,50bf27ea4ca209ebc35840b18bde833f,uyui_14445.jpg,quality digit 3 = Good quality -> Grade_B,3395.7
B_L3L_10326038.jpg,"Tobacco leaves dataset (Virginia flue-cured, Tanzania)",https://dataverse.harvard.edu/api/access/datafile/10326038,L3L,Grade_B,960x1440,JPEG,CC0 1.0 Universal (public domain dedication),2026-08-05,10326038,80ae8c115b28baf4022a12482cc7ec15,uyui_8459.jpg,quality digit 3 = Good quality -> Grade_B,3328.87
B_L3L_10325911.jpg,"Tobacco leaves dataset (Virginia flue-cured, Tanzania)",https://dataverse.harvard.edu/api/access/datafile/10325911,L3L,Grade_B,960x1440,JPEG,CC0 1.0 Universal (public domain dedication),2026-08-05,10325911,fa7f5e046a0b1af9fec6713e43766e64,uyui_8569.jpg,quality digit 3 = Good quality -> Grade_B,3129.52
B_L3L_10320208.jpg,"Tobacco leaves dataset (Virginia flue-cured, Tanzania)",https://dataverse.harvard.edu/api/access/datafile/10320208,L3L,Grade_B,960x1440,JPEG,CC0 1.0 Universal (public domain dedication),2026-08-05,10320208,8afedb31af2df17009caa1b719447286,kaliua_6689.jpg,quality digit 3 = Good quality -> Grade_B,3094.67
B_L3L_10322422.jpg,"Tobacco leaves dataset (Virginia flue-cured, Tanzania)",https://dataverse.harvard.edu/api/access/datafile/10322422,L3L,Grade_B,960x1440,JPEG,CC0 1.0 Universal (public domain dedication),2026-08-05,10322422,393c6f1d3bc844199dc0f03371b81749,manispaa_13279.jpg,quality digit 3 = Good quality -> Grade_B,2838.6
B_L3L_10323320.jpg,"Tobacco leaves dataset (Virginia flue-cured, Tanzania)",https://dataverse.harvard.edu/api/access/datafile/10323320,L3L,Grade_B,960x1440,JPEG,CC0 1.0 Universal (public domain dedication),2026-08-05,10323320,fa98efc96cd69c33ea3cc3e4ae9d9147,manispaa_7723.jpg,quality digit 3 = Good quality -> Grade_B,2308.58
B_L3L_10324675.jpg,"Tobacco leaves dataset (Virginia flue-cured, Tanzania)",https://dataverse.harvard.edu/api/access/datafile/10324675,L3L,Grade_B,960x1440,JPEG,CC0 1.0 Universal (public domain dedication),2026-08-05,10324675,bb4e675ed8d1b8e3a628a13b4687465b,manispaa_8144.jpg,quality digit 3 = Good quality -> Grade_B,2161.32
B_L3L_10322493.jpg,"Tobacco leaves dataset (Virginia flue-cured, Tanzania)",https://dataverse.harvard.edu/api/access/datafile/10322493,L3L,Grade_B,960x1440,JPEG,CC0 1.0 Universal (public domain dedication),2026-08-05,10322493,452eb35f91f15d433057dad8513432fc,manispaa_4243.jpg,quality digit 3 = Good quality -> Grade_B,3589.41
B_L3L_10323668.jpg,"Tobacco leaves dataset (Virginia flue-cured, Tanzania)",https://dataverse.harvard.edu/api/access/datafile/10323668,L3L,Grade_B,960x1440,JPEG,CC0 1.0 Universal (public domain dedication),2026-08-05,10323668,61acffe90100794f5720e4a2703ef13d,manispaa_7929.jpg,quality digit 3 = Good quality -> Grade_B,2291.53
B_L3L_10321351.jpg,"Tobacco leaves dataset (Virginia flue-cured, Tanzania)",https://dataverse.harvard.edu/api/access/datafile/10321351,L3L,Grade_B,960x1440,JPEG,CC0 1.0 Universal (public domain dedication),2026-08-05,10321351,333a861229548aea59a4069ca2128de2,manispaa_10828.jpg,quality digit 3 = Good quality -> Grade_B,2184.06
B_L3L_10322829.jpg,"Tobacco leaves dataset (Virginia flue-cured, Tanzania)",https://dataverse.harvard.edu/api/access/datafile/10322829,L3L,Grade_B,960x1440,JPEG,CC0 1.0 Universal (public domain dedication),2026-08-05,10322829,5c9c0b656e6b9a14d4f186959c65b073,manispaa_1612.jpg,quality digit 3 = Good quality -> Grade_B,2748.99
B_L3L_10323404.jpg,"Tobacco leaves dataset (Virginia flue-cured, Tanzania)",https://dataverse.harvard.edu/api/access/datafile/10323404,L3L,Grade_B,960x1440,JPEG,CC0 1.0 Universal (public domain dedication),2026-08-05,10323404,e80af15d9dcea2356cec524da46a5c8c,manispaa_4289.jpg,quality digit 3 = Good quality -> Grade_B,3433.25
B_L3L_10321909.jpg,"Tobacco leaves dataset (Virginia flue-cured, Tanzania)",https://dataverse.harvard.edu/api/access/datafile/10321909,L3L,Grade_B,960x1440,JPEG,CC0 1.0 Universal (public domain dedication),2026-08-05,10321909,dad5a447afcea931720934e9cf7a1466,manispaa_1195.jpg,quality digit 3 = Good quality -> Grade_B,2124.18
B_L3L_10323065.jpg,"Tobacco leaves dataset (Virginia flue-cured, Tanzania)",https://dataverse.harvard.edu/api/access/datafile/10323065,L3L,Grade_B,960x1440,JPEG,CC0 1.0 Universal (public domain dedication),2026-08-05,10323065,12d96c7709feb8589c06af9f62ee9ad2,manispaa_1676.jpg,quality digit 3 = Good quality -> Grade_B,2814.11
B_L3L_10326260.jpg,"Tobacco leaves dataset (Virginia flue-cured, Tanzania)",https://dataverse.harvard.edu/api/access/datafile/10326260,L3L,Grade_B,960x1440,JPEG,CC0 1.0 Universal (public domain dedication),2026-08-05,10326260,13d0faba7625d654200460d2077a9a69,uyui_8162.jpg,quality digit 3 = Good quality -> Grade_B,1691.96
B_L3L_10325226.jpg,"Tobacco leaves dataset (Virginia flue-cured, Tanzania)",https://dataverse.harvard.edu/api/access/datafile/10325226,L3L,Grade_B,960x1440,JPEG,CC0 1.0 Universal (public domain dedication),2026-08-05,10325226,5ba0dead2dc489f79de46742df292e9d,uyui_1381.jpg,quality digit 3 = Good quality -> Grade_B,1947.1
B_L3L_10325031.jpg,"Tobacco leaves dataset (Virginia flue-cured, Tanzania)",https://dataverse.harvard.edu/api/access/datafile/10325031,L3L,Grade_B,960x1440,JPEG,CC0 1.0 Universal (public domain dedication),2026-08-05,10325031,5798c56f5a3c0553d9d7312c566c77aa,uyui_10438.jpg,quality digit 3 = Good quality -> Grade_B,2217.33
B_L3L_10323273.jpg,"Tobacco leaves dataset (Virginia flue-cured, Tanzania)",https://dataverse.harvard.edu/api/access/datafile/10323273,L3L,Grade_B,960x1440,JPEG,CC0 1.0 Universal (public domain dedication),2026-08-05,10323273,e53894078111fd188eafbe8d7bc1ec64,manispaa_4263.jpg,quality digit 3 = Good quality -> Grade_B,4064.58
B_L3L_10319656.jpg,"Tobacco leaves dataset (Virginia flue-cured, Tanzania)",https://dataverse.harvard.edu/api/access/datafile/10319656,L3L,Grade_B,960x1440,JPEG,CC0 1.0 Universal (public domain dedication),2026-08-05,10319656,83c0a7f0d2d51f5aabab994368cb3ad3,kaliua_3819.jpg,quality digit 3 = Good quality -> Grade_B,2512.36
B_L3L_10320546.jpg,"Tobacco leaves dataset (Virginia flue-cured, Tanzania)",https://dataverse.harvard.edu/api/access/datafile/10320546,L3L,Grade_B,960x1440,JPEG,CC0 1.0 Universal (public domain dedication),2026-08-05,10320546,ac22db6aaf6a9111e27155bf3e323e89,kaliua_909.jpg,quality digit 3 = Good quality -> Grade_B,3358.64
B_L3L_10326416.jpg,"Tobacco leaves dataset (Virginia flue-cured, Tanzania)",https://dataverse.harvard.edu/api/access/datafile/10326416,L3L,Grade_B,960x1440,JPEG,CC0 1.0 Universal (public domain dedication),2026-08-05,10326416,7d2a12bfd1a61529f5dbc952d71e42c4,uyui_4720.jpg,quality digit 3 = Good quality -> Grade_B,2537.14
B_L3L_10320653.jpg,"Tobacco leaves dataset (Virginia flue-cured, Tanzania)",https://dataverse.harvard.edu/api/access/datafile/10320653,L3L,Grade_B,960x1440,JPEG,CC0 1.0 Universal (public domain dedication),2026-08-05,10320653,2eced54c2f66036b29b12d08eb29d66c,kaliua_865.jpg,quality digit 3 = Good quality -> Grade_B,3575.7
B_L3L_10319866.jpg,"Tobacco leaves dataset (Virginia flue-cured, Tanzania)",https://dataverse.harvard.edu/api/access/datafile/10319866,L3L,Grade_B,960x1440,JPEG,CC0 1.0 Universal (public domain dedication),2026-08-05,10319866,a9e1709b9b51ed9e56b86b687a74a8b8,kaliua_4188.jpg,quality digit 3 = Good quality -> Grade_B,3038.95
B_L3L_10321923.jpg,"Tobacco leaves dataset (Virginia flue-cured, Tanzania)",https://dataverse.harvard.edu/api/access/datafile/10321923,L3L,Grade_B,960x1440,JPEG,CC0 1.0 Universal (public domain dedication),2026-08-05,10321923,97e2e41dfdc77e765df14cf685d38098,manispaa_11121.jpg,quality digit 3 = Good quality -> Grade_B,3038.33
B_L3L_10323318.jpg,"Tobacco leaves dataset (Virginia flue-cured, Tanzania)",https://dataverse.harvard.edu/api/access/datafile/10323318,L3L,Grade_B,960x1440,JPEG,CC0 1.0 Universal (public domain dedication),2026-08-05,10323318,74a9814fda3c35f5b1ef4c9ceba26893,manispaa_4459.jpg,quality digit 3 = Good quality -> Grade_B,3049.84
B_L3L_10324785.jpg,"Tobacco leaves dataset (Virginia flue-cured, Tanzania)",https://dataverse.harvard.edu/api/access/datafile/10324785,L3L,Grade_B,960x1440,JPEG,CC0 1.0 Universal (public domain dedication),2026-08-05,10324785,f9b3453884b377d355c85099a7a26218,manispaa_8111.jpg,quality digit 3 = Good quality -> Grade_B,2045.92
B_L3L_10323752.jpg,"Tobacco leaves dataset (Virginia flue-cured, Tanzania)",https://dataverse.harvard.edu/api/access/datafile/10323752,L3L,Grade_B,960x1440,JPEG,CC0 1.0 Universal (public domain dedication),2026-08-05,10323752,c602d369acefef2ea2a258955fd9d23f,manispaa_4415.jpg,quality digit 3 = Good quality -> Grade_B,3202.43
B_L3L_10321913.jpg,"Tobacco leaves dataset (Virginia flue-cured, Tanzania)",https://dataverse.harvard.edu/api/access/datafile/10321913,L3L,Grade_B,960x1440,JPEG,CC0 1.0 Universal (public domain dedication),2026-08-05,10321913,9414ef673f814500f294a3a35c13b436,manispaa_13130.jpg,quality digit 3 = Good quality -> Grade_B,2760.43
B_L3L_10322503.jpg,"Tobacco leaves dataset (Virginia flue-cured, Tanzania)",https://dataverse.harvard.edu/api/access/datafile/10322503,L3L,Grade_B,960x1440,JPEG,CC0 1.0 Universal (public domain dedication),2026-08-05,10322503,6bcb80d0bded08d2f242cdf6f5be2306,manispaa_4129.jpg,quality digit 3 = Good quality -> Grade_B,3234.89
B_L3L_10325301.jpg,"Tobacco leaves dataset (Virginia flue-cured, Tanzania)",https://dataverse.harvard.edu/api/access/datafile/10325301,L3L,Grade_B,960x1440,JPEG,CC0 1.0 Universal (public domain dedication),2026-08-05,10325301,cc29946d5a08d8be80561d32dd0764ad,uyui_10521.jpg,quality digit 3 = Good quality -> Grade_B,2601.58
B_L3L_10323650.jpg,"Tobacco leaves dataset (Virginia flue-cured, Tanzania)",https://dataverse.harvard.edu/api/access/datafile/10323650,L3L,Grade_B,960x1440,JPEG,CC0 1.0 Universal (public domain dedication),2026-08-05,10323650,e2bbeb65aeb8e4b041ee1e90cf9bda3d,manispaa_4399.jpg,quality digit 3 = Good quality -> Grade_B,2824.51
B_L3L_10325147.jpg,"Tobacco leaves dataset (Virginia flue-cured, Tanzania)",https://dataverse.harvard.edu/api/access/datafile/10325147,L3L,Grade_B,960x1440,JPEG,CC0 1.0 Universal (public domain dedication),2026-08-05,10325147,cb241a0e5869a7ca52f31ac5e668f0a5,uyui_10545.jpg,quality digit 3 = Good quality -> Grade_B,2530.04
B_L3L_10325635.jpg,"Tobacco leaves dataset (Virginia flue-cured, Tanzania)",https://dataverse.harvard.edu/api/access/datafile/10325635,L3L,Grade_B,960x1440,JPEG,CC0 1.0 Universal (public domain dedication),2026-08-05,10325635,a499b0fafdb4fceb0b89aac41f21c389,uyui_10454.jpg,quality digit 3 = Good quality -> Grade_B,2965.15
B_L3L_10325894.jpg,"Tobacco leaves dataset (Virginia flue-cured, Tanzania)",https://dataverse.harvard.edu/api/access/datafile/10325894,L3L,Grade_B,960x1440,JPEG,CC0 1.0 Universal (public domain dedication),2026-08-05,10325894,ab14b71ca13e7251b4d14ccd37989ea4,uyui_8372.jpg,quality digit 3 = Good quality -> Grade_B,3258.39
B_L3L_10321093.jpg,"Tobacco leaves dataset (Virginia flue-cured, Tanzania)",https://dataverse.harvard.edu/api/access/datafile/10321093,L3L,Grade_B,960x1440,JPEG,CC0 1.0 Universal (public domain dedication),2026-08-05,10321093,17714a5a8ff140d73e12b1ef31265fe8,kaliua_8967.jpg,quality digit 3 = Good quality -> Grade_B,3116.71
B_L3L_10326539.jpg,"Tobacco leaves dataset (Virginia flue-cured, Tanzania)",https://dataverse.harvard.edu/api/access/datafile/10326539,L3L,Grade_B,960x1440,JPEG,CC0 1.0 Universal (public domain dedication),2026-08-05,10326539,22c084dc96cb99f6b6ff5c93070c9bd0,uyui_8280.jpg,quality digit 3 = Good quality -> Grade_B,2075.41
B_L3L_10322078.jpg,"Tobacco leaves dataset (Virginia flue-cured, Tanzania)",https://dataverse.harvard.edu/api/access/datafile/10322078,L3L,Grade_B,960x1440,JPEG,CC0 1.0 Universal (public domain dedication),2026-08-05,10322078,390ddee85b12ba95c7319aa841a37bf8,manispaa_1260.jpg,quality digit 3 = Good quality -> Grade_B,2036.27
B_L3L_10326252.jpg,"Tobacco leaves dataset (Virginia flue-cured, Tanzania)",https://dataverse.harvard.edu/api/access/datafile/10326252,L3L,Grade_B,960x1440,JPEG,CC0 1.0 Universal (public domain dedication),2026-08-05,10326252,6f7f007239f6b1a83d4fa62d98ff8c72,uyui_8378.jpg,quality digit 3 = Good quality -> Grade_B,3046.84
B_L3L_10324633.jpg,"Tobacco leaves dataset (Virginia flue-cured, Tanzania)",https://dataverse.harvard.edu/api/access/datafile/10324633,L3L,Grade_B,960x1440,JPEG,CC0 1.0 Universal (public domain dedication),2026-08-05,10324633,830d107a21d3251662c93ccd6bc9dba9,manispaa_8150.jpg,quality digit 3 = Good quality -> Grade_B,2396.47
B_L3L_10320325.jpg,"Tobacco leaves dataset (Virginia flue-cured, Tanzania)",https://dataverse.harvard.edu/api/access/datafile/10320325,L3L,Grade_B,960x1440,JPEG,CC0 1.0 Universal (public domain dedication),2026-08-05,10320325,de41dd311207ac9b52480d0c504c023c,kaliua_3954.jpg,quality digit 3 = Good quality -> Grade_B,2161.5
B_L3L_10324817.jpg,"Tobacco leaves dataset (Virginia flue-cured, Tanzania)",https://dataverse.harvard.edu/api/access/datafile/10324817,L3L,Grade_B,960x1440,JPEG,CC0 1.0 Universal (public domain dedication),2026-08-05,10324817,1a3dde3057743f3055ac00d22950f4a7,urambo_2397.jpg,quality digit 3 = Good quality -> Grade_B,2928.66
B_L3L_10322312.jpg,"Tobacco leaves dataset (Virginia flue-cured, Tanzania)",https://dataverse.harvard.edu/api/access/datafile/10322312,L3L,Grade_B,960x1440,JPEG,CC0 1.0 Universal (public domain dedication),2026-08-05,10322312,0788869563bf5bf7872504cf388414ad,manispaa_13258.jpg,quality digit 3 = Good quality -> Grade_B,2712.07
B_L3L_10320558.jpg,"Tobacco leaves dataset (Virginia flue-cured, Tanzania)",https://dataverse.harvard.edu/api/access/datafile/10320558,L3L,Grade_B,960x1440,JPEG,CC0 1.0 Universal (public domain dedication),2026-08-05,10320558,b446834aa83e3140f9c061469f5992ce,kaliua_749.jpg,quality digit 3 = Good quality -> Grade_B,2916.56
B_L3L_10322669.jpg,"Tobacco leaves dataset (Virginia flue-cured, Tanzania)",https://dataverse.harvard.edu/api/access/datafile/10322669,L3L,Grade_B,960x1440,JPEG,CC0 1.0 Universal (public domain dedication),2026-08-05,10322669,8ae6f3337933e10d16128c740daf9812,manispaa_1570.jpg,quality digit 3 = Good quality -> Grade_B,2744.41
B_L3L_10319768.jpg,"Tobacco leaves dataset (Virginia flue-cured, Tanzania)",https://dataverse.harvard.edu/api/access/datafile/10319768,L3L,Grade_B,960x1440,JPEG,CC0 1.0 Universal (public domain dedication),2026-08-05,10319768,93ff6d016bb452096cf4f0c4ec8548d3,kaliua_6716.jpg,quality digit 3 = Good quality -> Grade_B,3697.21
B_L3L_10324555.jpg,"Tobacco leaves dataset (Virginia flue-cured, Tanzania)",https://dataverse.harvard.edu/api/access/datafile/10324555,L3L,Grade_B,960x1440,JPEG,CC0 1.0 Universal (public domain dedication),2026-08-05,10324555,e59d6e40e3c64119423320557248c40d,urambo_2398.jpg,quality digit 3 = Good quality -> Grade_B,2954.84
B_L3L_10323658.jpg,"Tobacco leaves dataset (Virginia flue-cured, Tanzania)",https://dataverse.harvard.edu/api/access/datafile/10323658,L3L,Grade_B,960x1440,JPEG,CC0 1.0 Universal (public domain dedication),2026-08-05,10323658,e55003f430d3ee6d0a4afc6e2feca2ac,manispaa_4280.jpg,quality digit 3 = Good quality -> Grade_B,3832.5
B_L3L_10321478.jpg,"Tobacco leaves dataset (Virginia flue-cured, Tanzania)",https://dataverse.harvard.edu/api/access/datafile/10321478,L3L,Grade_B,960x1440,JPEG,CC0 1.0 Universal (public domain dedication),2026-08-05,10321478,87e2964abf9ad7fe9fe84d39fea38bbf,manispaa_13111.jpg,quality digit 3 = Good quality -> Grade_B,2802.61
B_L3L_10325325.jpg,"Tobacco leaves dataset (Virginia flue-cured, Tanzania)",https://dataverse.harvard.edu/api/access/datafile/10325325,L3L,Grade_B,960x1440,JPEG,CC0 1.0 Universal (public domain dedication),2026-08-05,10325325,2c0cce3cf48a1476d529d463fd56d20b,uyui_4522.jpg,quality digit 3 = Good quality -> Grade_B,1526.56
B_L3L_10322925.jpg,"Tobacco leaves dataset (Virginia flue-cured, Tanzania)",https://dataverse.harvard.edu/api/access/datafile/10322925,L3L,Grade_B,960x1440,JPEG,CC0 1.0 Universal (public domain dedication),2026-08-05,10322925,9a30fb9079e72c5ac378b8920dacf403,manispaa_1532.jpg,quality digit 3 = Good quality -> Grade_B,3289.11
B_L3L_10320766.jpg,"Tobacco leaves dataset (Virginia flue-cured, Tanzania)",https://dataverse.harvard.edu/api/access/datafile/10320766,L3L,Grade_B,960x1440,JPEG,CC0 1.0 Universal (public domain dedication),2026-08-05,10320766,617f88ba12960f84306e3c3c3f6b90cb,kaliua_8994.jpg,quality digit 3 = Good quality -> Grade_B,3301.27
B_L3L_10320023.jpg,"Tobacco leaves dataset (Virginia flue-cured, Tanzania)",https://dataverse.harvard.edu/api/access/datafile/10320023,L3L,Grade_B,960x1440,JPEG,CC0 1.0 Universal (public domain dedication),2026-08-05,10320023,5c6c4448c1812e3f39a995f391ec8181,kaliua_6881.jpg,quality digit 3 = Good quality -> Grade_B,3808.21
B_L3L_10324400.jpg,"Tobacco leaves dataset (Virginia flue-cured, Tanzania)",https://dataverse.harvard.edu/api/access/datafile/10324400,L3L,Grade_B,960x1440,JPEG,CC0 1.0 Universal (public domain dedication),2026-08-05,10324400,f2c84ff32e452440a582cd8afcdd39e7,urambo_4522.jpg,quality digit 3 = Good quality -> Grade_B,3121.65
B_L3L_10321317.jpg,"Tobacco leaves dataset (Virginia flue-cured, Tanzania)",https://dataverse.harvard.edu/api/access/datafile/10321317,L3L,Grade_B,960x1440,JPEG,CC0 1.0 Universal (public domain dedication),2026-08-05,10321317,52e68ba6de515ab36ef2455ff4900905,manispaa_10704.jpg,quality digit 3 = Good quality -> Grade_B,2813.25
B_L3L_10323589.jpg,"Tobacco leaves dataset (Virginia flue-cured, Tanzania)",https://dataverse.harvard.edu/api/access/datafile/10323589,L3L,Grade_B,960x1440,JPEG,CC0 1.0 Universal (public domain dedication),2026-08-05,10323589,c4ed25e7f00b2fbff226a0787b4ee3dd,manispaa_4322.jpg,quality digit 3 = Good quality -> Grade_B,3372.82
B_L3L_10322421.jpg,"Tobacco leaves dataset (Virginia flue-cured, Tanzania)",https://dataverse.harvard.edu/api/access/datafile/10322421,L3L,Grade_B,960x1440,JPEG,CC0 1.0 Universal (public domain dedication),2026-08-05,10322421,db05d0d93b586afcf1d39cb3cf4dd10f,manispaa_13350.jpg,quality digit 3 = Good quality -> Grade_B,2350.22
B_L3L_10319778.jpg,"Tobacco leaves dataset (Virginia flue-cured, Tanzania)",https://dataverse.harvard.edu/api/access/datafile/10319778,L3L,Grade_B,960x1440,JPEG,CC0 1.0 Universal (public domain dedication),2026-08-05,10319778,ce114c1dd1bd0c38cfd57447fc4dfab0,kaliua_11724.jpg,quality digit 3 = Good quality -> Grade_B,2478.57
B_L3L_10325501.jpg,"Tobacco leaves dataset (Virginia flue-cured, Tanzania)",https://dataverse.harvard.edu/api/access/datafile/10325501,L3L,Grade_B,960x1440,JPEG,CC0 1.0 Universal (public domain dedication),2026-08-05,10325501,80ae847b522aa6cba5b53bbf1f265e84,uyui_4287.jpg,quality digit 3 = Good quality -> Grade_B,2646.58
B_L3L_10325304.jpg,"Tobacco leaves dataset (Virginia flue-cured, Tanzania)",https://dataverse.harvard.edu/api/access/datafile/10325304,L3L,Grade_B,960x1440,JPEG,CC0 1.0 Universal (public domain dedication),2026-08-05,10325304,567d9da39ea69f22b61b79242eeb0211,uyui_4589.jpg,quality digit 3 = Good quality -> Grade_B,1813.8
B_L3L_10324834.jpg,"Tobacco leaves dataset (Virginia flue-cured, Tanzania)",https://dataverse.harvard.edu/api/access/datafile/10324834,L3L,Grade_B,960x1440,JPEG,CC0 1.0 Universal (public domain dedication),2026-08-05,10324834,1034d1e8facf32001895bf8b54f5c088,uyui_10235.jpg,quality digit 3 = Good quality -> Grade_B,2512.41
B_L3L_10319444.jpg,"Tobacco leaves dataset (Virginia flue-cured, Tanzania)",https://dataverse.harvard.edu/api/access/datafile/10319444,L3L,Grade_B,960x1440,JPEG,CC0 1.0 Universal (public domain dedication),2026-08-05,10319444,56fe88b511ff6b26fe8c4c6fba3f3860,kaliua_6818.jpg,quality digit 3 = Good quality -> Grade_B,2616.35
B_L3L_10319664.jpg,"Tobacco leaves dataset (Virginia flue-cured, Tanzania)",https://dataverse.harvard.edu/api/access/datafile/10319664,L3L,Grade_B,960x1440,JPEG,CC0 1.0 Universal (public domain dedication),2026-08-05,10319664,5f60929f09e2a0e4a2a76b8ad72a2877,kaliua_4108.jpg,quality digit 3 = Good quality -> Grade_B,1139.63
B_L3L_10323093.jpg,"Tobacco leaves dataset (Virginia flue-cured, Tanzania)",https://dataverse.harvard.edu/api/access/datafile/10323093,L3L,Grade_B,960x1440,JPEG,CC0 1.0 Universal (public domain dedication),2026-08-05,10323093,1b54587aa90e8d54ed0aee45c24457fd,manispaa_1385.jpg,quality digit 3 = Good quality -> Grade_B,2725.03
B_L3L_10319938.jpg,"Tobacco leaves dataset (Virginia flue-cured, Tanzania)",https://dataverse.harvard.edu/api/access/datafile/10319938,L3L,Grade_B,960x1440,JPEG,CC0 1.0 Universal (public domain dedication),2026-08-05,10319938,502084266e78c30826c792a7576971e3,kaliua_3826.jpg,quality digit 3 = Good quality -> Grade_B,2676.8
B_L3L_10321448.jpg,"Tobacco leaves dataset (Virginia flue-cured, Tanzania)",https://dataverse.harvard.edu/api/access/datafile/10321448,L3L,Grade_B,960x1440,JPEG,CC0 1.0 Universal (public domain dedication),2026-08-05,10321448,1ec1bee51cb82ca042317eb093558185,manispaa_11070.jpg,quality digit 3 = Good quality -> Grade_B,2655.61
B_L3L_10321720.jpg,"Tobacco leaves dataset (Virginia flue-cured, Tanzania)",https://dataverse.harvard.edu/api/access/datafile/10321720,L3L,Grade_B,960x1440,JPEG,CC0 1.0 Universal (public domain dedication),2026-08-05,10321720,0519d4d7d0a2c43e260ec1e61a21a238,manispaa_13120.jpg,quality digit 3 = Good quality -> Grade_B,2689.42
B_L3L_10326061.jpg,"Tobacco leaves dataset (Virginia flue-cured, Tanzania)",https://dataverse.harvard.edu/api/access/datafile/10326061,L3L,Grade_B,960x1440,JPEG,CC0 1.0 Universal (public domain dedication),2026-08-05,10326061,718e21f99991b19c3e65a69d77691be8,uyui_8198.jpg,quality digit 3 = Good quality -> Grade_B,1890.2
B_L3L_10322215.jpg,"Tobacco leaves dataset (Virginia flue-cured, Tanzania)",https://dataverse.harvard.edu/api/access/datafile/10322215,L3L,Grade_B,960x1440,JPEG,CC0 1.0 Universal (public domain dedication),2026-08-05,10322215,d742689170540f2346a3bc49ee1fc894,manispaa_4218.jpg,quality digit 3 = Good quality -> Grade_B,4102.4
B_L3L_10320688.jpg,"Tobacco leaves dataset (Virginia flue-cured, Tanzania)",https://dataverse.harvard.edu/api/access/datafile/10320688,L3L,Grade_B,960x1440,JPEG,CC0 1.0 Universal (public domain dedication),2026-08-05,10320688,446ac1af7afadf040ba53652ee09f89f,kaliua_7089.jpg,quality digit 3 = Good quality -> Grade_B,2361.68
B_L3L_10323279.jpg,"Tobacco leaves dataset (Virginia flue-cured, Tanzania)",https://dataverse.harvard.edu/api/access/datafile/10323279,L3L,Grade_B,960x1440,JPEG,CC0 1.0 Universal (public domain dedication),2026-08-05,10323279,ef3355f50db876f4db2d3ae7dcaa70bc,manispaa_8048.jpg,quality digit 3 = Good quality -> Grade_B,3295.44
B_L3L_10320582.jpg,"Tobacco leaves dataset (Virginia flue-cured, Tanzania)",https://dataverse.harvard.edu/api/access/datafile/10320582,L3L,Grade_B,960x1440,JPEG,CC0 1.0 Universal (public domain dedication),2026-08-05,10320582,fab89fe70075cb1a588d47bb1fe3b65c,kaliua_7061.jpg,quality digit 3 = Good quality -> Grade_B,1809.9
B_L3L_10322190.jpg,"Tobacco leaves dataset (Virginia flue-cured, Tanzania)",https://dataverse.harvard.edu/api/access/datafile/10322190,L3L,Grade_B,960x1440,JPEG,CC0 1.0 Universal (public domain dedication),2026-08-05,10322190,30a42eff6589064e1c4c5135ccaed424,manispaa_10816.jpg,quality digit 3 = Good quality -> Grade_B,2243.36
B_L3L_10323723.jpg,"Tobacco leaves dataset (Virginia flue-cured, Tanzania)",https://dataverse.harvard.edu/api/access/datafile/10323723,L3L,Grade_B,960x1440,JPEG,CC0 1.0 Universal (public domain dedication),2026-08-05,10323723,7863a20a28cb79929e85da8757c550d7,manispaa_4673.jpg,quality digit 3 = Good quality -> Grade_B,1849.96
B_L3L_10325937.jpg,"Tobacco leaves dataset (Virginia flue-cured, Tanzania)",https://dataverse.harvard.edu/api/access/datafile/10325937,L3L,Grade_B,960x1440,JPEG,CC0 1.0 Universal (public domain dedication),2026-08-05,10325937,0499c1ca8f3061dba1591c1e433d306f,uyui_4676.jpg,quality digit 3 = Good quality -> Grade_B,1158.33
B_L3L_10320205.jpg,"Tobacco leaves dataset (Virginia flue-cured, Tanzania)",https://dataverse.harvard.edu/api/access/datafile/10320205,L3L,Grade_B,960x1440,JPEG,CC0 1.0 Universal (public domain dedication),2026-08-05,10320205,e3edc0f95a3a220baf5b16ccf8850036,kaliua_3817.jpg,quality digit 3 = Good quality -> Grade_B,2071.14
B_L3L_10325732.jpg,"Tobacco leaves dataset (Virginia flue-cured, Tanzania)",https://dataverse.harvard.edu/api/access/datafile/10325732,L3L,Grade_B,960x1440,JPEG,CC0 1.0 Universal (public domain dedication),2026-08-05,10325732,74ea86d58078a85ede38bb25c8d50982,uyui_10507.jpg,quality digit 3 = Good quality -> Grade_B,2009.19
B_L3L_10326072.jpg,"Tobacco leaves dataset (Virginia flue-cured, Tanzania)",https://dataverse.harvard.edu/api/access/datafile/10326072,L3L,Grade_B,960x1440,JPEG,CC0 1.0 Universal (public domain dedication),2026-08-05,10326072,806b008e8c4a5b71f58855c7c1796ec5,uyui_8043.jpg,quality digit 3 = Good quality -> Grade_B,2207.67
B_L3L_10322990.jpg,"Tobacco leaves dataset (Virginia flue-cured, Tanzania)",https://dataverse.harvard.edu/api/access/datafile/10322990,L3L,Grade_B,960x1440,JPEG,CC0 1.0 Universal (public domain dedication),2026-08-05,10322990,8d5d6ec483893b34fca3a073c9816d13,manispaa_1417.jpg,quality digit 3 = Good quality -> Grade_B,2651.05
B_L3L_10325391.jpg,"Tobacco leaves dataset (Virginia flue-cured, Tanzania)",https://dataverse.harvard.edu/api/access/datafile/10325391,L3L,Grade_B,960x1440,JPEG,CC0 1.0 Universal (public domain dedication),2026-08-05,10325391,684d916b9536f166efbb39552afda401,uyui_4613.jpg,quality digit 3 = Good quality -> Grade_B,1718.63
B_L3L_10322868.jpg,"Tobacco leaves dataset (Virginia flue-cured, Tanzania)",https://dataverse.harvard.edu/api/access/datafile/10322868,L3L,Grade_B,960x1440,JPEG,CC0 1.0 Universal (public domain dedication),2026-08-05,10322868,f826e060b1695e27ab114509bc654589,manispaa_1358.jpg,quality digit 3 = Good quality -> Grade_B,2246.37
B_L3L_10321167.jpg,"Tobacco leaves dataset (Virginia flue-cured, Tanzania)",https://dataverse.harvard.edu/api/access/datafile/10321167,L3L,Grade_B,960x1440,JPEG,CC0 1.0 Universal (public domain dedication),2026-08-05,10321167,a614e6588c0f4760dee24cf9fbf2e484,kaliua_8990.jpg,quality digit 3 = Good quality -> Grade_B,3177.59
B_L3L_10325622.jpg,"Tobacco leaves dataset (Virginia flue-cured, Tanzania)",https://dataverse.harvard.edu/api/access/datafile/10325622,L3L,Grade_B,960x1440,JPEG,CC0 1.0 Universal (public domain dedication),2026-08-05,10325622,8a3d29545cf14eb7b6b3062e372207b9,uyui_4246.jpg,quality digit 3 = Good quality -> Grade_B,2717.33
B_L3L_10323770.jpg,"Tobacco leaves dataset (Virginia flue-cured, Tanzania)",https://dataverse.harvard.edu/api/access/datafile/10323770,L3L,Grade_B,960x1440,JPEG,CC0 1.0 Universal (public domain dedication),2026-08-05,10323770,78a4a7c0536c7d9dc023aa68fdc9d20d,manispaa_4549.jpg,quality digit 3 = Good quality -> Grade_B,3422.29
B_L3L_10322124.jpg,"Tobacco leaves dataset (Virginia flue-cured, Tanzania)",https://dataverse.harvard.edu/api/access/datafile/10322124,L3L,Grade_B,960x1440,JPEG,CC0 1.0 Universal (public domain dedication),2026-08-05,10322124,b0d6b5a9824798b940657aaac4194688,manispaa_10746.jpg,quality digit 3 = Good quality -> Grade_B,3243.88
B_L3L_10322300.jpg,"Tobacco leaves dataset (Virginia flue-cured, Tanzania)",https://dataverse.harvard.edu/api/access/datafile/10322300,L3L,Grade_B,960x1440,JPEG,CC0 1.0 Universal (public domain dedication),2026-08-05,10322300,6ae2df25055e5c12c99d9da263fb12ba,manispaa_1457.jpg,quality digit 3 = Good quality -> Grade_B,2342.29
B_L3L_10324401.jpg,"Tobacco leaves dataset (Virginia flue-cured, Tanzania)",https://dataverse.harvard.edu/api/access/datafile/10324401,L3L,Grade_B,960x1440,JPEG,CC0 1.0 Universal (public domain dedication),2026-08-05,10324401,06b8a7c28f82b2460175684092e3df36,manispaa_8151.jpg,quality digit 3 = Good quality -> Grade_B,2478.4
B_L3L_10326013.jpg,"Tobacco leaves dataset (Virginia flue-cured, Tanzania)",https://dataverse.harvard.edu/api/access/datafile/10326013,L3L,Grade_B,960x1440,JPEG,CC0 1.0 Universal (public domain dedication),2026-08-05,10326013,3d986bf3dd61d03fc4a1322be62a0cb7,uyui_8529.jpg,quality digit 3 = Good quality -> Grade_B,3476.32
B_L3L_10323462.jpg,"Tobacco leaves dataset (Virginia flue-cured, Tanzania)",https://dataverse.harvard.edu/api/access/datafile/10323462,L3L,Grade_B,960x1440,JPEG,CC0 1.0 Universal (public domain dedication),2026-08-05,10323462,0d3e1d373182a82fde4bb50235f8a69e,manispaa_7754.jpg,quality digit 3 = Good quality -> Grade_B,2070.21
B_L3L_10325900.jpg,"Tobacco leaves dataset (Virginia flue-cured, Tanzania)",https://dataverse.harvard.edu/api/access/datafile/10325900,L3L,Grade_B,960x1440,JPEG,CC0 1.0 Universal (public domain dedication),2026-08-05,10325900,2cfa392838dca05cb2c5025bb6315a46,uyui_8168.jpg,quality digit 3 = Good quality -> Grade_B,1601.93
B_L3L_10326246.jpg,"Tobacco leaves dataset (Virginia flue-cured, Tanzania)",https://dataverse.harvard.edu/api/access/datafile/10326246,L3L,Grade_B,960x1440,JPEG,CC0 1.0 Universal (public domain dedication),2026-08-05,10326246,07d736a282339d00e3b3186b0b153ce6,uyui_8558.jpg,quality digit 3 = Good quality -> Grade_B,3517.83
B_L3L_10322971.jpg,"Tobacco leaves dataset (Virginia flue-cured, Tanzania)",https://dataverse.harvard.edu/api/access/datafile/10322971,L3L,Grade_B,960x1440,JPEG,CC0 1.0 Universal (public domain dedication),2026-08-05,10322971,4b3c7206e5a17a10086da917079f4e76,manispaa_13389.jpg,quality digit 3 = Good quality -> Grade_B,2594.25
B_L3L_10326545.jpg,"Tobacco leaves dataset (Virginia flue-cured, Tanzania)",https://dataverse.harvard.edu/api/access/datafile/10326545,L3L,Grade_B,960x1440,JPEG,CC0 1.0 Universal (public domain dedication),2026-08-05,10326545,3c00d5bba26ca9e0f1879040962c2d14,uyui_7978.jpg,quality digit 3 = Good quality -> Grade_B,1474.73
B_L3L_10325411.jpg,"Tobacco leaves dataset (Virginia flue-cured, Tanzania)",https://dataverse.harvard.edu/api/access/datafile/10325411,L3L,Grade_B,960x1440,JPEG,CC0 1.0 Universal (public domain dedication),2026-08-05,10325411,ba368ce1c09a260c8ac69f60538a144d,uyui_4639.jpg,quality digit 3 = Good quality -> Grade_B,1896.4
B_L3L_10325305.jpg,"Tobacco leaves dataset (Virginia flue-cured, Tanzania)",https://dataverse.harvard.edu/api/access/datafile/10325305,L3L,Grade_B,960x1440,JPEG,CC0 1.0 Universal (public domain dedication),2026-08-05,10325305,9e53545a4cb6ef2c6a26ee711dba00f8,uyui_14276.jpg,quality digit 3 = Good quality -> Grade_B,2612.05
B_L3L_10322484.jpg,"Tobacco leaves dataset (Virginia flue-cured, Tanzania)",https://dataverse.harvard.edu/api/access/datafile/10322484,L3L,Grade_B,960x1440,JPEG,CC0 1.0 Universal (public domain dedication),2026-08-05,10322484,4a7bed697a232f1f4da5b31233621814,manispaa_4126.jpg,quality digit 3 = Good quality -> Grade_B,3204.51
B_L3L_10324661.jpg,"Tobacco leaves dataset (Virginia flue-cured, Tanzania)",https://dataverse.harvard.edu/api/access/datafile/10324661,L3L,Grade_B,960x1440,JPEG,CC0 1.0 Universal (public domain dedication),2026-08-05,10324661,729a25e63ac555cb4ee93db159f620a5,uyui_10284.jpg,quality digit 3 = Good quality -> Grade_B,3316.89
B_L3L_10320105.jpg,"Tobacco leaves dataset (Virginia flue-cured, Tanzania)",https://dataverse.harvard.edu/api/access/datafile/10320105,L3L,Grade_B,960x1440,JPEG,CC0 1.0 Universal (public domain dedication),2026-08-05,10320105,3e831a19b0706892c3e6d1f9b2dd0576,kaliua_6912.jpg,quality digit 3 = Good quality -> Grade_B,3114.3
B_L3L_10323510.jpg,"Tobacco leaves dataset (Virginia flue-cured, Tanzania)",https://dataverse.harvard.edu/api/access/datafile/10323510,L3L,Grade_B,960x1440,JPEG,CC0 1.0 Universal (public domain dedication),2026-08-05,10323510,2ee2b7e71c26f8c3ab18f6d52a6b042e,manispaa_7813.jpg,quality digit 3 = Good quality -> Grade_B,1625.17
B_L3L_10321067.jpg,"Tobacco leaves dataset (Virginia flue-cured, Tanzania)",https://dataverse.harvard.edu/api/access/datafile/10321067,L3L,Grade_B,960x1440,JPEG,CC0 1.0 Universal (public domain dedication),2026-08-05,10321067,62e70179dd17fbd3d5aafb5c6a821faf,kaliua_9041.jpg,quality digit 3 = Good quality -> Grade_B,2704.22
B_L3L_10322461.jpg,"Tobacco leaves dataset (Virginia flue-cured, Tanzania)",https://dataverse.harvard.edu/api/access/datafile/10322461,L3L,Grade_B,960x1440,JPEG,CC0 1.0 Universal (public domain dedication),2026-08-05,10322461,f43fcfa8fb6d36ad90ff2a89fd83e4cb,manispaa_13231.jpg,quality digit 3 = Good quality -> Grade_B,3059.49
B_L3L_10321408.jpg,"Tobacco leaves dataset (Virginia flue-cured, Tanzania)",https://dataverse.harvard.edu/api/access/datafile/10321408,L3L,Grade_B,960x1440,JPEG,CC0 1.0 Universal (public domain dedication),2026-08-05,10321408,b5d88df4f992a4833f666433f2f1e327,manispaa_1310.jpg,quality digit 3 = Good quality -> Grade_B,2014.91
B_L3L_10320491.jpg,"Tobacco leaves dataset (Virginia flue-cured, Tanzania)",https://dataverse.harvard.edu/api/access/datafile/10320491,L3L,Grade_B,960x1440,JPEG,CC0 1.0 Universal (public domain dedication),2026-08-05,10320491,3495e0d86f86dd8cbd9345d3a8bfad49,kaliua_9219.jpg,quality digit 3 = Good quality -> Grade_B,3104.4
B_L3L_10325139.jpg,"Tobacco leaves dataset (Virginia flue-cured, Tanzania)",https://dataverse.harvard.edu/api/access/datafile/10325139,L3L,Grade_B,960x1440,JPEG,CC0 1.0 Universal (public domain dedication),2026-08-05,10325139,aecd1d1f0a965306b9d1a9477419a084,uyui_4382.jpg,quality digit 3 = Good quality -> Grade_B,2667.29
B_L3L_10323156.jpg,"Tobacco leaves dataset (Virginia flue-cured, Tanzania)",https://dataverse.harvard.edu/api/access/datafile/10323156,L3L,Grade_B,960x1440,JPEG,CC0 1.0 Universal (public domain dedication),2026-08-05,10323156,b9c4150b44b483de704ce2969de276a0,manispaa_4361.jpg,quality digit 3 = Good quality -> Grade_B,3438.17
B_L3L_10320271.jpg,"Tobacco leaves dataset (Virginia flue-cured, Tanzania)",https://dataverse.harvard.edu/api/access/datafile/10320271,L3L,Grade_B,960x1440,JPEG,CC0 1.0 Universal (public domain dedication),2026-08-05,10320271,cf41ba06f6a2071f4e9b9d4859d4b6b0,kaliua_4021.jpg,quality digit 3 = Good quality -> Grade_B,2254.32
B_L3L_10323671.jpg,"Tobacco leaves dataset (Virginia flue-cured, Tanzania)",https://dataverse.harvard.edu/api/access/datafile/10323671,L3L,Grade_B,960x1440,JPEG,CC0 1.0 Universal (public domain dedication),2026-08-05,10323671,06a7bc9715692ff71abcdb4d1c693b41,manispaa_4614.jpg,quality digit 3 = Good quality -> Grade_B,2015.51
B_L3L_10321510.jpg,"Tobacco leaves dataset (Virginia flue-cured, Tanzania)",https://dataverse.harvard.edu/api/access/datafile/10321510,L3L,Grade_B,960x1440,JPEG,CC0 1.0 Universal (public domain dedication),2026-08-05,10321510,e477b3c64f508e068f0265ff9b10ae9c,manispaa_11035.jpg,quality digit 3 = Good quality -> Grade_B,2766.29
B_L3L_10320746.jpg,"Tobacco leaves dataset (Virginia flue-cured, Tanzania)",https://dataverse.harvard.edu/api/access/datafile/10320746,L3L,Grade_B,960x1440,JPEG,CC0 1.0 Universal (public domain dedication),2026-08-05,10320746,ea5a9284ae0ff615fa54b5f37dbfd10e,kaliua_7262.jpg,quality digit 3 = Good quality -> Grade_B,2167.51
B_L3L_10319714.jpg,"Tobacco leaves dataset (Virginia flue-cured, Tanzania)",https://dataverse.harvard.edu/api/access/datafile/10319714,L3L,Grade_B,960x1440,JPEG,CC0 1.0 Universal (public domain dedication),2026-08-05,10319714,d2a5ad0afa5580911705345b9b64adf0,kaliua_4182.jpg,quality digit 3 = Good quality -> Grade_B,3111.18
B_L3L_10324439.jpg,"Tobacco leaves dataset (Virginia flue-cured, Tanzania)",https://dataverse.harvard.edu/api/access/datafile/10324439,L3L,Grade_B,960x1440,JPEG,CC0 1.0 Universal (public domain dedication),2026-08-05,10324439,9b5570158be929126530959e7b1c6980,urambo_2479.jpg,quality digit 3 = Good quality -> Grade_B,2580.64
B_L3L_10321211.jpg,"Tobacco leaves dataset (Virginia flue-cured, Tanzania)",https://dataverse.harvard.edu/api/access/datafile/10321211,L3L,Grade_B,960x1440,JPEG,CC0 1.0 Universal (public domain dedication),2026-08-05,10321211,27684c1d386e31bf24915fdf49077e12,kaliua_7070.jpg,quality digit 3 = Good quality -> Grade_B,2361.5
B_L3L_10326005.jpg,"Tobacco leaves dataset (Virginia flue-cured, Tanzania)",https://dataverse.harvard.edu/api/access/datafile/10326005,L3L,Grade_B,960x1440,JPEG,CC0 1.0 Universal (public domain dedication),2026-08-05,10326005,4241b624a073a1981b70100a7e536443,uyui_8024.jpg,quality digit 3 = Good quality -> Grade_B,2077.28
B_L3L_10322002.jpg,"Tobacco leaves dataset (Virginia flue-cured, Tanzania)",https://dataverse.harvard.edu/api/access/datafile/10322002,L3L,Grade_B,960x1440,JPEG,CC0 1.0 Universal (public domain dedication),2026-08-05,10322002,33a95ad0020f70ee9de025d5eb073140,manispaa_1152.jpg,quality digit 3 = Good quality -> Grade_B,1803.65
B_L3L_10323832.jpg,"Tobacco leaves dataset (Virginia flue-cured, Tanzania)",https://dataverse.harvard.edu/api/access/datafile/10323832,L3L,Grade_B,960x1440,JPEG,CC0 1.0 Universal (public domain dedication),2026-08-05,10323832,5d67724774550fe48bfec4230f318c3d,manispaa_4727.jpg,quality digit 3 = Good quality -> Grade_B,2959.08
B_L3L_10326525.jpg,"Tobacco leaves dataset (Virginia flue-cured, Tanzania)",https://dataverse.harvard.edu/api/access/datafile/10326525,L3L,Grade_B,960x1440,JPEG,CC0 1.0 Universal (public domain dedication),2026-08-05,10326525,4cc160b18b1a56791afc7af5faaa635c,uyui_8042.jpg,quality digit 3 = Good quality -> Grade_B,2300.33
B_L3L_10323323.jpg,"Tobacco leaves dataset (Virginia flue-cured, Tanzania)",https://dataverse.harvard.edu/api/access/datafile/10323323,L3L,Grade_B,960x1440,JPEG,CC0 1.0 Universal (public domain dedication),2026-08-05,10323323,c1e0c8b6f28c5ff28c0caad1bbc199d3,manispaa_4671.jpg,quality digit 3 = Good quality -> Grade_B,1937.85
B_L3L_10326059.jpg,"Tobacco leaves dataset (Virginia flue-cured, Tanzania)",https://dataverse.harvard.edu/api/access/datafile/10326059,L3L,Grade_B,960x1440,JPEG,CC0 1.0 Universal (public domain dedication),2026-08-05,10326059,b20001292c87291be366d22f883123a3,uyui_8320.jpg,quality digit 3 = Good quality -> Grade_B,2709.08
B_L3L_10324521.jpg,"Tobacco leaves dataset (Virginia flue-cured, Tanzania)",https://dataverse.harvard.edu/api/access/datafile/10324521,L3L,Grade_B,960x1440,JPEG,CC0 1.0 Universal (public domain dedication),2026-08-05,10324521,4cdd5287897c6eea17e62f9ad8456071,uyui_10379.jpg,quality digit 3 = Good quality -> Grade_B,3539.44
B_L3L_10322107.jpg,"Tobacco leaves dataset (Virginia flue-cured, Tanzania)",https://dataverse.harvard.edu/api/access/datafile/10322107,L3L,Grade_B,960x1440,JPEG,CC0 1.0 Universal (public domain dedication),2026-08-05,10322107,9eb18aad2bef3a0549f1167ddc501563,manispaa_10823.jpg,quality digit 3 = Good quality -> Grade_B,2796.05
B_L3L_10320983.jpg,"Tobacco leaves dataset (Virginia flue-cured, Tanzania)",https://dataverse.harvard.edu/api/access/datafile/10320983,L3L,Grade_B,960x1440,JPEG,CC0 1.0 Universal (public domain dedication),2026-08-05,10320983,7464a177c199aad98a5a13d3007a27b3,kaliua_7223.jpg,quality digit 3 = Good quality -> Grade_B,2884.52
B_L3L_10323214.jpg,"Tobacco leaves dataset (Virginia flue-cured, Tanzania)",https://dataverse.harvard.edu/api/access/datafile/10323214,L3L,Grade_B,960x1440,JPEG,CC0 1.0 Universal (public domain dedication),2026-08-05,10323214,4d6550cbf502939ff9d28b52d58e82b6,manispaa_8018.jpg,quality digit 3 = Good quality -> Grade_B,2447.88
B_L3L_10324645.jpg,"Tobacco leaves dataset (Virginia flue-cured, Tanzania)",https://dataverse.harvard.edu/api/access/datafile/10324645,L3L,Grade_B,960x1440,JPEG,CC0 1.0 Universal (public domain dedication),2026-08-05,10324645,195eaed18f5998d2181f466d4bb3731f,manispaa_8132.jpg,quality digit 3 = Good quality -> Grade_B,2413.42
B_L3L_10326301.jpg,"Tobacco leaves dataset (Virginia flue-cured, Tanzania)",https://dataverse.harvard.edu/api/access/datafile/10326301,L3L,Grade_B,960x1440,JPEG,CC0 1.0 Universal (public domain dedication),2026-08-05,10326301,1dd5a6e157427bc5c37ab237352cc920,uyui_8113.jpg,quality digit 3 = Good quality -> Grade_B,2257.35
B_L3L_10325433.jpg,"Tobacco leaves dataset (Virginia flue-cured, Tanzania)",https://dataverse.harvard.edu/api/access/datafile/10325433,L3L,Grade_B,960x1440,JPEG,CC0 1.0 Universal (public domain dedication),2026-08-05,10325433,209cf0200701a4e85442e3cf0e7ba350,uyui_1400.jpg,quality digit 3 = Good quality -> Grade_B,2864.24
B_L3L_10319489.jpg,"Tobacco leaves dataset (Virginia flue-cured, Tanzania)",https://dataverse.harvard.edu/api/access/datafile/10319489,L3L,Grade_B,960x1440,JPEG,CC0 1.0 Universal (public domain dedication),2026-08-05,10319489,9050ac2afe501432460b05ddf8681264,kaliua_3974.jpg,quality digit 3 = Good quality -> Grade_B,2614.04
B_L3L_10321223.jpg,"Tobacco leaves dataset (Virginia flue-cured, Tanzania)",https://dataverse.harvard.edu/api/access/datafile/10321223,L3L,Grade_B,960x1440,JPEG,CC0 1.0 Universal (public domain dedication),2026-08-05,10321223,4ea4fb6ca2460cb91ab180ed2b87b55c,kaliua_9229.jpg,quality digit 3 = Good quality -> Grade_B,3117.03
B_L3L_10325841.jpg,"Tobacco leaves dataset (Virginia flue-cured, Tanzania)",https://dataverse.harvard.edu/api/access/datafile/10325841,L3L,Grade_B,960x1440,JPEG,CC0 1.0 Universal (public domain dedication),2026-08-05,10325841,eaac1f1198b01c6be2f8f406c9b1466d,uyui_8254.jpg,quality digit 3 = Good quality -> Grade_B,2101.19
B_L3L_10325586.jpg,"Tobacco leaves dataset (Virginia flue-cured, Tanzania)",https://dataverse.harvard.edu/api/access/datafile/10325586,L3L,Grade_B,960x1440,JPEG,CC0 1.0 Universal (public domain dedication),2026-08-05,10325586,85f14df8b27f4722d96316c690c7124a,uyui_14361.jpg,quality digit 3 = Good quality -> Grade_B,2680.19
B_L3L_10321290.jpg,"Tobacco leaves dataset (Virginia flue-cured, Tanzania)",https://dataverse.harvard.edu/api/access/datafile/10321290,L3L,Grade_B,960x1440,JPEG,CC0 1.0 Universal (public domain dedication),2026-08-05,10321290,7e4758a431a58aa1a1d3e5248fe037a8,manispaa_10777.jpg,quality digit 3 = Good quality -> Grade_B,3239.95
B_L3L_10322452.jpg,"Tobacco leaves dataset (Virginia flue-cured, Tanzania)",https://dataverse.harvard.edu/api/access/datafile/10322452,L3L,Grade_B,960x1440,JPEG,CC0 1.0 Universal (public domain dedication),2026-08-05,10322452,ef5962d7b5ba1b6a9ee9e0928fe07e84,manispaa_1509.jpg,quality digit 3 = Good quality -> Grade_B,3764.0
B_L3L_10324493.jpg,"Tobacco leaves dataset (Virginia flue-cured, Tanzania)",https://dataverse.harvard.edu/api/access/datafile/10324493,L3L,Grade_B,960x1440,JPEG,CC0 1.0 Universal (public domain dedication),2026-08-05,10324493,89c933c3328423f5f7ff187482ce5029,uyui_10197.jpg,quality digit 3 = Good quality -> Grade_B,3421.98
B_L3L_10320414.jpg,"Tobacco leaves dataset (Virginia flue-cured, Tanzania)",https://dataverse.harvard.edu/api/access/datafile/10320414,L3L,Grade_B,960x1440,JPEG,CC0 1.0 Universal (public domain dedication),2026-08-05,10320414,43ec9469f68649a4e07c7e54ef3542c0,kaliua_7023.jpg,quality digit 3 = Good quality -> Grade_B,2749.46
B_L3L_10320417.jpg,"Tobacco leaves dataset (Virginia flue-cured, Tanzania)",https://dataverse.harvard.edu/api/access/datafile/10320417,L3L,Grade_B,960x1440,JPEG,CC0 1.0 Universal (public domain dedication),2026-08-05,10320417,87a0392114e9b27a22a804262852cc83,kaliua_776.jpg,quality digit 3 = Good quality -> Grade_B,3009.41
B_L3L_10320204.jpg,"Tobacco leaves dataset (Virginia flue-cured, Tanzania)",https://dataverse.harvard.edu/api/access/datafile/10320204,L3L,Grade_B,960x1440,JPEG,CC0 1.0 Universal (public domain dedication),2026-08-05,10320204,93af615287caf51e5d811ebfd3df6a95,kaliua_11730.jpg,quality digit 3 = Good quality -> Grade_B,3132.93
B_L3L_10325950.jpg,"Tobacco leaves dataset (Virginia flue-cured, Tanzania)",https://dataverse.harvard.edu/api/access/datafile/10325950,L3L,Grade_B,960x1440,JPEG,CC0 1.0 Universal (public domain dedication),2026-08-05,10325950,109baf792699b389f8b2ec620c05a7c3,uyui_8091.jpg,quality digit 3 = Good quality -> Grade_B,1888.21
B_L3L_10322051.jpg,"Tobacco leaves dataset (Virginia flue-cured, Tanzania)",https://dataverse.harvard.edu/api/access/datafile/10322051,L3L,Grade_B,960x1440,JPEG,CC0 1.0 Universal (public domain dedication),2026-08-05,10322051,ef0164ade1807b43abc8442e8e3e29df,manispaa_10679.jpg,quality digit 3 = Good quality -> Grade_B,2960.33
B_L3L_10324638.jpg,"Tobacco leaves dataset (Virginia flue-cured, Tanzania)",https://dataverse.harvard.edu/api/access/datafile/10324638,L3L,Grade_B,960x1440,JPEG,CC0 1.0 Universal (public domain dedication),2026-08-05,10324638,059f73b027686e06336ff3451f841c92,urambo_2146.jpg,quality digit 3 = Good quality -> Grade_B,3367.12
B_L3L_10325706.jpg,"Tobacco leaves dataset (Virginia flue-cured, Tanzania)",https://dataverse.harvard.edu/api/access/datafile/10325706,L3L,Grade_B,960x1440,JPEG,CC0 1.0 Universal (public domain dedication),2026-08-05,10325706,ea376da48682ff919c80a137de05462b,uyui_4574.jpg,quality digit 3 = Good quality -> Grade_B,1902.11
B_L3L_10325602.jpg,"Tobacco leaves dataset (Virginia flue-cured, Tanzania)",https://dataverse.harvard.edu/api/access/datafile/10325602,L3L,Grade_B,960x1440,JPEG,CC0 1.0 Universal (public domain dedication),2026-08-05,10325602,26e6fb386c91b557d346b426add254ae,uyui_4520.jpg,quality digit 3 = Good quality -> Grade_B,1906.93
B_L3L_10326006.jpg,"Tobacco leaves dataset (Virginia flue-cured, Tanzania)",https://dataverse.harvard.edu/api/access/datafile/10326006,L3L,Grade_B,960x1440,JPEG,CC0 1.0 Universal (public domain dedication),2026-08-05,10326006,738c40be38fa6f81fe1462c751e222e1,uyui_8189.jpg,quality digit 3 = Good quality -> Grade_B,1835.89
B_L3L_10319706.jpg,"Tobacco leaves dataset (Virginia flue-cured, Tanzania)",https://dataverse.harvard.edu/api/access/datafile/10319706,L3L,Grade_B,960x1440,JPEG,CC0 1.0 Universal (public domain dedication),2026-08-05,10319706,903dff9ca04a3ecbb02393f3058e2d61,kaliua_4004.jpg,quality digit 3 = Good quality -> Grade_B,3132.11
B_L3L_10321373.jpg,"Tobacco leaves dataset (Virginia flue-cured, Tanzania)",https://dataverse.harvard.edu/api/access/datafile/10321373,L3L,Grade_B,960x1440,JPEG,CC0 1.0 Universal (public domain dedication),2026-08-05,10321373,a1efd746b247c7b9dff6e21285d46001,manispaa_10544.jpg,quality digit 3 = Good quality -> Grade_B,2618.97
B_L3L_10325399.jpg,"Tobacco leaves dataset (Virginia flue-cured, Tanzania)",https://dataverse.harvard.edu/api/access/datafile/10325399,L3L,Grade_B,960x1440,JPEG,CC0 1.0 Universal (public domain dedication),2026-08-05,10325399,2bc8546749726072bcea470ab391fe6a,uyui_4471.jpg,quality digit 3 = Good quality -> Grade_B,1586.36
B_L3L_10325545.jpg,"Tobacco leaves dataset (Virginia flue-cured, Tanzania)",https://dataverse.harvard.edu/api/access/datafile/10325545,L3L,Grade_B,960x1440,JPEG,CC0 1.0 Universal (public domain dedication),2026-08-05,10325545,2805608141c6957b011f0d66be054cbf,uyui_10504.jpg,quality digit 3 = Good quality -> Grade_B,2128.26
B_L3L_10320856.jpg,"Tobacco leaves dataset (Virginia flue-cured, Tanzania)",https://dataverse.harvard.edu/api/access/datafile/10320856,L3L,Grade_B,960x1440,JPEG,CC0 1.0 Universal (public domain dedication),2026-08-05,10320856,5e7e220a3fcb4f0f4f1b16bed5b2b2b2,kaliua_792.jpg,quality digit 3 = Good quality -> Grade_B,2858.17
B_L3L_10325514.jpg,"Tobacco leaves dataset (Virginia flue-cured, Tanzania)",https://dataverse.harvard.edu/api/access/datafile/10325514,L3L,Grade_B,960x1440,JPEG,CC0 1.0 Universal (public domain dedication),2026-08-05,10325514,094acf2ab35941a338ffca91dff60c79,uyui_14465.jpg,quality digit 3 = Good quality -> Grade_B,2973.99
B_L3L_10321659.jpg,"Tobacco leaves dataset (Virginia flue-cured, Tanzania)",https://dataverse.harvard.edu/api/access/datafile/10321659,L3L,Grade_B,960x1440,JPEG,CC0 1.0 Universal (public domain dedication),2026-08-05,10321659,cdb8d3b051e74c17e00783927aaa4a3c,manispaa_10848.jpg,quality digit 3 = Good quality -> Grade_B,2136.81
B_L3L_10323913.jpg,"Tobacco leaves dataset (Virginia flue-cured, Tanzania)",https://dataverse.harvard.edu/api/access/datafile/10323913,L3L,Grade_B,960x1440,JPEG,CC0 1.0 Universal (public domain dedication),2026-08-05,10323913,ac04dde786392ee5536ee7f50d3def91,manispaa_4355.jpg,quality digit 3 = Good quality -> Grade_B,3567.54
B_L3L_10320219.jpg,"Tobacco leaves dataset (Virginia flue-cured, Tanzania)",https://dataverse.harvard.edu/api/access/datafile/10320219,L3L,Grade_B,960x1440,JPEG,CC0 1.0 Universal (public domain dedication),2026-08-05,10320219,de3e44166600b20aa7a6d2d51ade75ff,kaliua_6644.jpg,quality digit 3 = Good quality -> Grade_B,3150.37
B_L3L_10323707.jpg,"Tobacco leaves dataset (Virginia flue-cured, Tanzania)",https://dataverse.harvard.edu/api/access/datafile/10323707,L3L,Grade_B,960x1440,JPEG,CC0 1.0 Universal (public domain dedication),2026-08-05,10323707,e019b308ed460b59453e7cec50a50bdd,manispaa_4283.jpg,quality digit 3 = Good quality -> Grade_B,4069.77
B_L3L_10326079.jpg,"Tobacco leaves dataset (Virginia flue-cured, Tanzania)",https://dataverse.harvard.edu/api/access/datafile/10326079,L3L,Grade_B,960x1440,JPEG,CC0 1.0 Universal (public domain dedication),2026-08-05,10326079,57b7fe16aebc5710149094c83e1b0438,uyui_8003.jpg,quality digit 3 = Good quality -> Grade_B,2231.24
B_L3L_10322772.jpg,"Tobacco leaves dataset (Virginia flue-cured, Tanzania)",https://dataverse.harvard.edu/api/access/datafile/10322772,L3L,Grade_B,960x1440,JPEG,CC0 1.0 Universal (public domain dedication),2026-08-05,10322772,78180c63cdd6fd667ffec4c0c2bf9acc,manispaa_1390.jpg,quality digit 3 = Good quality -> Grade_B,2602.84
B_L3L_10319482.jpg,"Tobacco leaves dataset (Virginia flue-cured, Tanzania)",https://dataverse.harvard.edu/api/access/datafile/10319482,L3L,Grade_B,960x1440,JPEG,CC0 1.0 Universal (public domain dedication),2026-08-05,10319482,40a7973db4ae1dcf3b687cbbe8cfb56c,kaliua_4170.jpg,quality digit 3 = Good quality -> Grade_B,3053.65
B_L3L_10325271.jpg,"Tobacco leaves dataset (Virginia flue-cured, Tanzania)",https://dataverse.harvard.edu/api/access/datafile/10325271,L3L,Grade_B,960x1440,JPEG,CC0 1.0 Universal (public domain dedication),2026-08-05,10325271,e1a0336aeac87c9c537e6e41b45a278f,uyui_1403.jpg,quality digit 3 = Good quality -> Grade_B,2115.71
B_L3L_10326222.jpg,"Tobacco leaves dataset (Virginia flue-cured, Tanzania)",https://dataverse.harvard.edu/api/access/datafile/10326222,L3L,Grade_B,960x1440,JPEG,CC0 1.0 Universal (public domain dedication),2026-08-05,10326222,28dc86545c86b0ffe7f8ceb041c735d7,uyui_8377.jpg,quality digit 3 = Good quality -> Grade_B,3159.6
B_L3L_10321027.jpg,"Tobacco leaves dataset (Virginia flue-cured, Tanzania)",https://dataverse.harvard.edu/api/access/datafile/10321027,L3L,Grade_B,960x1440,JPEG,CC0 1.0 Universal (public domain dedication),2026-08-05,10321027,f4acd06d05cb64dde0eed1afbe2b6ddd,kaliua_9044.jpg,quality digit 3 = Good quality -> Grade_B,3749.71
B_L3L_10324628.jpg,"Tobacco leaves dataset (Virginia flue-cured, Tanzania)",https://dataverse.harvard.edu/api/access/datafile/10324628,L3L,Grade_B,960x1440,JPEG,CC0 1.0 Universal (public domain dedication),2026-08-05,10324628,2e84fac04bbd0cd88d9fe0fb64df2cd3,urambo_4602.jpg,quality digit 3 = Good quality -> Grade_B,3369.92
B_L3L_10324126.jpg,"Tobacco leaves dataset (Virginia flue-cured, Tanzania)",https://dataverse.harvard.edu/api/access/datafile/10324126,L3L,Grade_B,960x1440,JPEG,CC0 1.0 Universal (public domain dedication),2026-08-05,10324126,84faf94b1796d952199efab8dae94ec7,uyui_10420.jpg,quality digit 3 = Good quality -> Grade_B,3165.06
B_L3L_10323175.jpg,"Tobacco leaves dataset (Virginia flue-cured, Tanzania)",https://dataverse.harvard.edu/api/access/datafile/10323175,L3L,Grade_B,960x1440,JPEG,CC0 1.0 Universal (public domain dedication),2026-08-05,10323175,c36999ae716cb38c2e02198314e87598,manispaa_4411.jpg,quality digit 3 = Good quality -> Grade_B,3205.15
B_L3L_10326085.jpg,"Tobacco leaves dataset (Virginia flue-cured, Tanzania)",https://dataverse.harvard.edu/api/access/datafile/10326085,L3L,Grade_B,960x1440,JPEG,CC0 1.0 Universal (public domain dedication),2026-08-05,10326085,5ad5417370e7a9f8730f9890e3ef8b0e,uyui_8182.jpg,quality digit 3 = Good quality -> Grade_B,1943.9
B_L3L_10325204.jpg,"Tobacco leaves dataset (Virginia flue-cured, Tanzania)",https://dataverse.harvard.edu/api/access/datafile/10325204,L3L,Grade_B,960x1440,JPEG,CC0 1.0 Universal (public domain dedication),2026-08-05,10325204,f684fc8f4fef7fbd6e12882d25f38c29,uyui_14401.jpg,quality digit 3 = Good quality -> Grade_B,3231.99
B_L3L_10325620.jpg,"Tobacco leaves dataset (Virginia flue-cured, Tanzania)",https://dataverse.harvard.edu/api/access/datafile/10325620,L3L,Grade_B,960x1440,JPEG,CC0 1.0 Universal (public domain dedication),2026-08-05,10325620,dafa30c146f8dec72e54230f92589570,uyui_4404.jpg,quality digit 3 = Good quality -> Grade_B,3129.93
B_L3L_10323937.jpg,"Tobacco leaves dataset (Virginia flue-cured, Tanzania)",https://dataverse.harvard.edu/api/access/datafile/10323937,L3L,Grade_B,960x1440,JPEG,CC0 1.0 Universal (public domain dedication),2026-08-05,10323937,8685361427f17e217d47ed231194d1c6,manispaa_8029.jpg,quality digit 3 = Good quality -> Grade_B,2091.68
B_L3L_10323443.jpg,"Tobacco leaves dataset (Virginia flue-cured, Tanzania)",https://dataverse.harvard.edu/api/access/datafile/10323443,L3L,Grade_B,960x1440,JPEG,CC0 1.0 Universal (public domain dedication),2026-08-05,10323443,e8c5e2caff4eed42b4a2d2437f3f5405,manispaa_8016.jpg,quality digit 3 = Good quality -> Grade_B,1981.66
B_L3L_10324056.jpg,"Tobacco leaves dataset (Virginia flue-cured, Tanzania)",https://dataverse.harvard.edu/api/access/datafile/10324056,L3L,Grade_B,960x1440,JPEG,CC0 1.0 Universal (public domain dedication),2026-08-05,10324056,b3af93228287ce20576f5e5555769b15,urambo_2529.jpg,quality digit 3 = Good quality -> Grade_B,2477.31
B_L3L_10322663.jpg,"Tobacco leaves dataset (Virginia flue-cured, Tanzania)",https://dataverse.harvard.edu/api/access/datafile/10322663,L3L,Grade_B,960x1440,JPEG,CC0 1.0 Universal (public domain dedication),2026-08-05,10322663,0963ed779b544c942560b4caa8bd3b5f,manispaa_1432.jpg,quality digit 3 = Good quality -> Grade_B,2268.62
B_L3L_10322506.jpg,"Tobacco leaves dataset (Virginia flue-cured, Tanzania)",https://dataverse.harvard.edu/api/access/datafile/10322506,L3L,Grade_B,960x1440,JPEG,CC0 1.0 Universal (public domain dedication),2026-08-05,10322506,99d852723c5a8410e4a749fc563d4f2d,manispaa_13488.jpg,quality digit 3 = Good quality -> Grade_B,3463.68
B_L3L_10320373.jpg,"Tobacco leaves dataset (Virginia flue-cured, Tanzania)",https://dataverse.harvard.edu/api/access/datafile/10320373,L3L,Grade_B,960x1440,JPEG,CC0 1.0 Universal (public domain dedication),2026-08-05,10320373,3fbd4ee763e33386c31bde63bfee3553,kaliua_7287.jpg,quality digit 3 = Good quality -> Grade_B,2734.34
B_L3L_10325508.jpg,"Tobacco leaves dataset (Virginia flue-cured, Tanzania)",https://dataverse.harvard.edu/api/access/datafile/10325508,L3L,Grade_B,960x1440,JPEG,CC0 1.0 Universal (public domain dedication),2026-08-05,10325508,3dddd81af185947f75abf20d149f027a,uyui_4303.jpg,quality digit 3 = Good quality -> Grade_B,2493.28
B_L3L_10326240.jpg,"Tobacco leaves dataset (Virginia flue-cured, Tanzania)",https://dataverse.harvard.edu/api/access/datafile/10326240,L3L,Grade_B,960x1440,JPEG,CC0 1.0 Universal (public domain dedication),2026-08-05,10326240,8d8c610078220f5dc9fa21a5c0146165,uyui_8499.jpg,quality digit 3 = Good quality -> Grade_B,3333.44
B_L3L_10320289.jpg,"Tobacco leaves dataset (Virginia flue-cured, Tanzania)",https://dataverse.harvard.edu/api/access/datafile/10320289,L3L,Grade_B,960x1440,JPEG,CC0 1.0 Universal (public domain dedication),2026-08-05,10320289,fc67695bf3d6bec4bd7131edb59ee274,kaliua_11720.jpg,quality digit 3 = Good quality -> Grade_B,2053.17
B_L3L_10323073.jpg,"Tobacco leaves dataset (Virginia flue-cured, Tanzania)",https://dataverse.harvard.edu/api/access/datafile/10323073,L3L,Grade_B,960x1440,JPEG,CC0 1.0 Universal (public domain dedication),2026-08-05,10323073,10d383aa76b0bda1a01a3bdf9dcc6f13,manispaa_1707.jpg,quality digit 3 = Good quality -> Grade_B,3092.13
B_L3L_10324084.jpg,"Tobacco leaves dataset (Virginia flue-cured, Tanzania)",https://dataverse.harvard.edu/api/access/datafile/10324084,L3L,Grade_B,960x1440,JPEG,CC0 1.0 Universal (public domain dedication),2026-08-05,10324084,e652927f74f6da6f8289f4a4f52dc1ac,urambo_5844.jpg,quality digit 3 = Good quality -> Grade_B,2709.11
B_L3L_10322246.jpg,"Tobacco leaves dataset (Virginia flue-cured, Tanzania)",https://dataverse.harvard.edu/api/access/datafile/10322246,L3L,Grade_B,960x1440,JPEG,CC0 1.0 Universal (public domain dedication),2026-08-05,10322246,21c1cd84b53f6f7031f879a41a19d547,manispaa_1446.jpg,quality digit 3 = Good quality -> Grade_B,2439.05
B_L3L_10322746.jpg,"Tobacco leaves dataset (Virginia flue-cured, Tanzania)",https://dataverse.harvard.edu/api/access/datafile/10322746,L3L,Grade_B,960x1440,JPEG,CC0 1.0 Universal (public domain dedication),2026-08-05,10322746,687e0d78c2961912420ac0f744f43844,manispaa_13384.jpg,quality digit 3 = Good quality -> Grade_B,2351.07
B_L3L_10323806.jpg,"Tobacco leaves dataset (Virginia flue-cured, Tanzania)",https://dataverse.harvard.edu/api/access/datafile/10323806,L3L,Grade_B,960x1440,JPEG,CC0 1.0 Universal (public domain dedication),2026-08-05,10323806,58f6b48af340134b574c04ae0dd93a15,manispaa_4695.jpg,quality digit 3 = Good quality -> Grade_B,2465.26
B_L3L_10325180.jpg,"Tobacco leaves dataset (Virginia flue-cured, Tanzania)",https://dataverse.harvard.edu/api/access/datafile/10325180,L3L,Grade_B,960x1440,JPEG,CC0 1.0 Universal (public domain dedication),2026-08-05,10325180,c283602430cac537600e03dbe2d7119f,uyui_4653.jpg,quality digit 3 = Good quality -> Grade_B,1922.19
B_L3L_10326381.jpg,"Tobacco leaves dataset (Virginia flue-cured, Tanzania)",https://dataverse.harvard.edu/api/access/datafile/10326381,L3L,Grade_B,960x1440,JPEG,CC0 1.0 Universal (public domain dedication),2026-08-05,10326381,43eee76b99c976770c05fe94e63e6bc2,uyui_8253.jpg,quality digit 3 = Good quality -> Grade_B,2302.65
B_L3L_10319670.jpg,"Tobacco leaves dataset (Virginia flue-cured, Tanzania)",https://dataverse.harvard.edu/api/access/datafile/10319670,L3L,Grade_B,960x1440,JPEG,CC0 1.0 Universal (public domain dedication),2026-08-05,10319670,1f5d5a59d804a12096a19c14820e492e,kaliua_3841.jpg,quality digit 3 = Good quality -> Grade_B,2532.4
B_L3L_10326133.jpg,"Tobacco leaves dataset (Virginia flue-cured, Tanzania)",https://dataverse.harvard.edu/api/access/datafile/10326133,L3L,Grade_B,960x1440,JPEG,CC0 1.0 Universal (public domain dedication),2026-08-05,10326133,d5bf236eebad0d2a41e404e2e96b115b,uyui_8498.jpg,quality digit 3 = Good quality -> Grade_B,3158.69
B_L3L_10322606.jpg,"Tobacco leaves dataset (Virginia flue-cured, Tanzania)",https://dataverse.harvard.edu/api/access/datafile/10322606,L3L,Grade_B,960x1440,JPEG,CC0 1.0 Universal (public domain dedication),2026-08-05,10322606,8ac9db3ce4f97f02d6c5aaffb9b173eb,manispaa_1339.jpg,quality digit 3 = Good quality -> Grade_B,2127.54
B_L3L_10322228.jpg,"Tobacco leaves dataset (Virginia flue-cured, Tanzania)",https://dataverse.harvard.edu/api/access/datafile/10322228,L3L,Grade_B,960x1440,JPEG,CC0 1.0 Universal (public domain dedication),2026-08-05,10322228,b75e0baf32cdacef4f99d9f9293ac324,manispaa_13264.jpg,quality digit 3 = Good quality -> Grade_B,2752.87
B_L3L_10324545.jpg,"Tobacco leaves dataset (Virginia flue-cured, Tanzania)",https://dataverse.harvard.edu/api/access/datafile/10324545,L3L,Grade_B,960x1440,JPEG,CC0 1.0 Universal (public domain dedication),2026-08-05,10324545,36aefae6036d592f7509a26ed1a50ccf,urambo_2605.jpg,quality digit 3 = Good quality -> Grade_B,2911.06
B_L3L_10320238.jpg,"Tobacco leaves dataset (Virginia flue-cured, Tanzania)",https://dataverse.harvard.edu/api/access/datafile/10320238,L3L,Grade_B,960x1440,JPEG,CC0 1.0 Universal (public domain dedication),2026-08-05,10320238,679617ea8f00b893f24564fddeede199,kaliua_4172.jpg,quality digit 3 = Good quality -> Grade_B,2808.23
B_L3L_10319550.jpg,"Tobacco leaves dataset (Virginia flue-cured, Tanzania)",https://dataverse.harvard.edu/api/access/datafile/10319550,L3L,Grade_B,960x1440,JPEG,CC0 1.0 Universal (public domain dedication),2026-08-05,10319550,0aa51d0c8410319f384985912b02074a,kaliua_11727.jpg,quality digit 3 = Good quality -> Grade_B,2948.54
B_L3L_10320865.jpg,"Tobacco leaves dataset (Virginia flue-cured, Tanzania)",https://dataverse.harvard.edu/api/access/datafile/10320865,L3L,Grade_B,960x1440,JPEG,CC0 1.0 Universal (public domain dedication),2026-08-05,10320865,b517a8c432159c3f8d513d3fc4366f6a,kaliua_845.jpg,quality digit 3 = Good quality -> Grade_B,4172.81
B_L3L_10323472.jpg,"Tobacco leaves dataset (Virginia flue-cured, Tanzania)",https://dataverse.harvard.edu/api/access/datafile/10323472,L3L,Grade_B,960x1440,JPEG,CC0 1.0 Universal (public domain dedication),2026-08-05,10323472,8ad0d137189a9a055f9a6203ca0b2c8b,manispaa_4565.jpg,quality digit 3 = Good quality -> Grade_B,4182.04
B_L3L_10324556.jpg,"Tobacco leaves dataset (Virginia flue-cured, Tanzania)",https://dataverse.harvard.edu/api/access/datafile/10324556,L3L,Grade_B,960x1440,JPEG,CC0 1.0 Universal (public domain dedication),2026-08-05,10324556,5f894d9e3432aac8ba4396b8a1147355,uyui_10183.jpg,quality digit 3 = Good quality -> Grade_B,3074.25
B_L3L_10319879.jpg,"Tobacco leaves dataset (Virginia flue-cured, Tanzania)",https://dataverse.harvard.edu/api/access/datafile/10319879,L3L,Grade_B,960x1440,JPEG,CC0 1.0 Universal (public domain dedication),2026-08-05,10319879,923acf347ee415086f9dede4f75558cc,kaliua_4036.jpg,quality digit 3 = Good quality -> Grade_B,2117.29
B_L3L_10324457.jpg,"Tobacco leaves dataset (Virginia flue-cured, Tanzania)",https://dataverse.harvard.edu/api/access/datafile/10324457,L3L,Grade_B,960x1440,JPEG,CC0 1.0 Universal (public domain dedication),2026-08-05,10324457,c6e5dd845a91db21ceb49d3f9aa25647,manispaa_8180.jpg,quality digit 3 = Good quality -> Grade_B,2141.94
B_L3L_10320630.jpg,"Tobacco leaves dataset (Virginia flue-cured, Tanzania)",https://dataverse.harvard.edu/api/access/datafile/10320630,L3L,Grade_B,960x1440,JPEG,CC0 1.0 Universal (public domain dedication),2026-08-05,10320630,fadc7d09d4d9392b0fe5e22605cf643f,kaliua_8952.jpg,quality digit 3 = Good quality -> Grade_B,2886.03
B_L3L_10323744.jpg,"Tobacco leaves dataset (Virginia flue-cured, Tanzania)",https://dataverse.harvard.edu/api/access/datafile/10323744,L3L,Grade_B,960x1440,JPEG,CC0 1.0 Universal (public domain dedication),2026-08-05,10323744,f5134d016a627596a04e9ff626a98eb8,manispaa_7896.jpg,quality digit 3 = Good quality -> Grade_B,1823.91
B_L3L_10325696.jpg,"Tobacco leaves dataset (Virginia flue-cured, Tanzania)",https://dataverse.harvard.edu/api/access/datafile/10325696,L3L,Grade_B,960x1440,JPEG,CC0 1.0 Universal (public domain dedication),2026-08-05,10325696,b8237e721b12075c71bf49bac0eb4427,uyui_4481.jpg,quality digit 3 = Good quality -> Grade_B,1242.3
B_L3L_10322935.jpg,"Tobacco leaves dataset (Virginia flue-cured, Tanzania)",https://dataverse.harvard.edu/api/access/datafile/10322935,L3L,Grade_B,960x1440,JPEG,CC0 1.0 Universal (public domain dedication),2026-08-05,10322935,c91629a4cbf8ecbfc13ebafdee57d644,manispaa_1619.jpg,quality digit 3 = Good quality -> Grade_B,2897.06
B_L3L_10321912.jpg,"Tobacco leaves dataset (Virginia flue-cured, Tanzania)",https://dataverse.harvard.edu/api/access/datafile/10321912,L3L,Grade_B,960x1440,JPEG,CC0 1.0 Universal (public domain dedication),2026-08-05,10321912,34eed6b73b3c01e2390faf8349211446,manispaa_10539.jpg,quality digit 3 = Good quality -> Grade_B,2544.53
B_L3L_10323121.jpg,"Tobacco leaves dataset (Virginia flue-cured, Tanzania)",https://dataverse.harvard.edu/api/access/datafile/10323121,L3L,Grade_B,960x1440,JPEG,CC0 1.0 Universal (public domain dedication),2026-08-05,10323121,26be7ac65cb4f511764a370c60b3754b,manispaa_4613.jpg,quality digit 3 = Good quality -> Grade_B,2074.52
B_L3L_10323900.jpg,"Tobacco leaves dataset (Virginia flue-cured, Tanzania)",https://dataverse.harvard.edu/api/access/datafile/10323900,L3L,Grade_B,960x1440,JPEG,CC0 1.0 Universal (public domain dedication),2026-08-05,10323900,7059b33bd8af1bb62b76ba0a9cf0d6f3,manispaa_7868.jpg,quality digit 3 = Good quality -> Grade_B,2152.11
B_L3L_10323335.jpg,"Tobacco leaves dataset (Virginia flue-cured, Tanzania)",https://dataverse.harvard.edu/api/access/datafile/10323335,L3L,Grade_B,960x1440,JPEG,CC0 1.0 Universal (public domain dedication),2026-08-05,10323335,a390f05e42287bf36b7f253386b937da,manispaa_8028.jpg,quality digit 3 = Good quality -> Grade_B,1977.02
B_L3L_10323467.jpg,"Tobacco leaves dataset (Virginia flue-cured, Tanzania)",https://dataverse.harvard.edu/api/access/datafile/10323467,L3L,Grade_B,960x1440,JPEG,CC0 1.0 Universal (public domain dedication),2026-08-05,10323467,4e119ca78ae03c1aa7cfc4468cc194d7,manispaa_7736.jpg,quality digit 3 = Good quality -> Grade_B,2949.42
B_L3L_10326185.jpg,"Tobacco leaves dataset (Virginia flue-cured, Tanzania)",https://dataverse.harvard.edu/api/access/datafile/10326185,L3L,Grade_B,960x1440,JPEG,CC0 1.0 Universal (public domain dedication),2026-08-05,10326185,47a64e8ce338244a3d6352b8bafa72d1,uyui_7937.jpg,quality digit 3 = Good quality -> Grade_B,1601.05
B_L3L_10324147.jpg,"Tobacco leaves dataset (Virginia flue-cured, Tanzania)",https://dataverse.harvard.edu/api/access/datafile/10324147,L3L,Grade_B,960x1440,JPEG,CC0 1.0 Universal (public domain dedication),2026-08-05,10324147,6057181fbd2897e85544491a0c6ad6bf,urambo_5769.jpg,quality digit 3 = Good quality -> Grade_B,3530.81
B_L3L_10321988.jpg,"Tobacco leaves dataset (Virginia flue-cured, Tanzania)",https://dataverse.harvard.edu/api/access/datafile/10321988,L3L,Grade_B,960x1440,JPEG,CC0 1.0 Universal (public domain dedication),2026-08-05,10321988,fefa52a3ec2fda8d42cb015a49f28b9b,manispaa_10558.jpg,quality digit 3 = Good quality -> Grade_B,2243.53
B_L3L_10321025.jpg,"Tobacco leaves dataset (Virginia flue-cured, Tanzania)",https://dataverse.harvard.edu/api/access/datafile/10321025,L3L,Grade_B,960x1440,JPEG,CC0 1.0 Universal (public domain dedication),2026-08-05,10321025,c7bb08faf9c09d760e53b94a525429af,kaliua_7022.jpg,quality digit 3 = Good quality -> Grade_B,2528.1
B_L3L_10326181.jpg,"Tobacco leaves dataset (Virginia flue-cured, Tanzania)",https://dataverse.harvard.edu/api/access/datafile/10326181,L3L,Grade_B,960x1440,JPEG,CC0 1.0 Universal (public domain dedication),2026-08-05,10326181,10252b241ee71302d05a4649cf8c0677,uyui_8217.jpg,quality digit 3 = Good quality -> Grade_B,1822.63
B_L3L_10320492.jpg,"Tobacco leaves dataset (Virginia flue-cured, Tanzania)",https://dataverse.harvard.edu/api/access/datafile/10320492,L3L,Grade_B,960x1440,JPEG,CC0 1.0 Universal (public domain dedication),2026-08-05,10320492,9500a4e42fba867c61e832c1b39babde,kaliua_9092.jpg,quality digit 3 = Good quality -> Grade_B,3553.91
B_L3L_10325608.jpg,"Tobacco leaves dataset (Virginia flue-cured, Tanzania)",https://dataverse.harvard.edu/api/access/datafile/10325608,L3L,Grade_B,960x1440,JPEG,CC0 1.0 Universal (public domain dedication),2026-08-05,10325608,dd048d8515bc96fd06e2554cc8097b0b,uyui_4313.jpg,quality digit 3 = Good quality -> Grade_B,2780.42
B_L3L_10322207.jpg,"Tobacco leaves dataset (Virginia flue-cured, Tanzania)",https://dataverse.harvard.edu/api/access/datafile/10322207,L3L,Grade_B,960x1440,JPEG,CC0 1.0 Universal (public domain dedication),2026-08-05,10322207,bdb51897af5e155be4ce7680691925ea,manispaa_1687.jpg,quality digit 3 = Good quality -> Grade_B,2438.65
B_L3L_10319688.jpg,"Tobacco leaves dataset (Virginia flue-cured, Tanzania)",https://dataverse.harvard.edu/api/access/datafile/10319688,L3L,Grade_B,960x1440,JPEG,CC0 1.0 Universal (public domain dedication),2026-08-05,10319688,b6957e25053aa4d3efd695923e9f6239,kaliua_6824.jpg,quality digit 3 = Good quality -> Grade_B,2706.87
B_L3L_10325665.jpg,"Tobacco leaves dataset (Virginia flue-cured, Tanzania)",https://dataverse.harvard.edu/api/access/datafile/10325665,L3L,Grade_B,960x1440,JPEG,CC0 1.0 Universal (public domain dedication),2026-08-05,10325665,bd2c5ea359dd2d745bf5d219d9f352da,uyui_14282.jpg,quality digit 3 = Good quality -> Grade_B,2452.61
B_L3L_10321319.jpg,"Tobacco leaves dataset (Virginia flue-cured, Tanzania)",https://dataverse.harvard.edu/api/access/datafile/10321319,L3L,Grade_B,960x1440,JPEG,CC0 1.0 Universal (public domain dedication),2026-08-05,10321319,6ee326f2c78cdc5a41a904e9ea98e4ba,manispaa_1240.jpg,quality digit 3 = Good quality -> Grade_B,2012.01
B_L3L_10320229.jpg,"Tobacco leaves dataset (Virginia flue-cured, Tanzania)",https://dataverse.harvard.edu/api/access/datafile/10320229,L3L,Grade_B,960x1440,JPEG,CC0 1.0 Universal (public domain dedication),2026-08-05,10320229,c1a486763ed08f28cae2f754f92e0aae,kaliua_6814.jpg,quality digit 3 = Good quality -> Grade_B,1915.76
B_L3L_10321176.jpg,"Tobacco leaves dataset (Virginia flue-cured, Tanzania)",https://dataverse.harvard.edu/api/access/datafile/10321176,L3L,Grade_B,960x1440,JPEG,CC0 1.0 Universal (public domain dedication),2026-08-05,10321176,b6abd1de56b11fb994251a0abd716ff3,kaliua_754.jpg,quality digit 3 = Good quality -> Grade_B,2768.25
B_L3L_10324214.jpg,"Tobacco leaves dataset (Virginia flue-cured, Tanzania)",https://dataverse.harvard.edu/api/access/datafile/10324214,L3L,Grade_B,960x1440,JPEG,CC0 1.0 Universal (public domain dedication),2026-08-05,10324214,69da28ce0a058030efde6961bca6daa9,urambo_4619.jpg,quality digit 3 = Good quality -> Grade_B,3260.4
B_L3L_10322374.jpg,"Tobacco leaves dataset (Virginia flue-cured, Tanzania)",https://dataverse.harvard.edu/api/access/datafile/10322374,L3L,Grade_B,960x1440,JPEG,CC0 1.0 Universal (public domain dedication),2026-08-05,10322374,2de8cf69cf3f6120128c00bbef597549,manispaa_1320.jpg,quality digit 3 = Good quality -> Grade_B,1728.94
B_L3L_10325215.jpg,"Tobacco leaves dataset (Virginia flue-cured, Tanzania)",https://dataverse.harvard.edu/api/access/datafile/10325215,L3L,Grade_B,960x1440,JPEG,CC0 1.0 Universal (public domain dedication),2026-08-05,10325215,d03d3f6125475ce211804586d8aa2209,uyui_10512.jpg,quality digit 3 = Good quality -> Grade_B,2417.45
B_L3L_10323014.jpg,"Tobacco leaves dataset (Virginia flue-cured, Tanzania)",https://dataverse.harvard.edu/api/access/datafile/10323014,L3L,Grade_B,960x1440,JPEG,CC0 1.0 Universal (public domain dedication),2026-08-05,10323014,37e016a886b0ec3d08218ec9f5d96d80,manispaa_13342.jpg,quality digit 3 = Good quality -> Grade_B,2204.57
B_L3L_10320391.jpg,"Tobacco leaves dataset (Virginia flue-cured, Tanzania)",https://dataverse.harvard.edu/api/access/datafile/10320391,L3L,Grade_B,960x1440,JPEG,CC0 1.0 Universal (public domain dedication),2026-08-05,10320391,6f72faf3737601defca3e76e35308a57,kaliua_7205.jpg,quality digit 3 = Good quality -> Grade_B,2098.08
B_L3L_10319665.jpg,"Tobacco leaves dataset (Virginia flue-cured, Tanzania)",https://dataverse.harvard.edu/api/access/datafile/10319665,L3L,Grade_B,960x1440,JPEG,CC0 1.0 Universal (public domain dedication),2026-08-05,10319665,82c38e5b52eb0b169560006aa5cda624,kaliua_6679.jpg,quality digit 3 = Good quality -> Grade_B,3532.02
B_L3L_10324745.jpg,"Tobacco leaves dataset (Virginia flue-cured, Tanzania)",https://dataverse.harvard.edu/api/access/datafile/10324745,L3L,Grade_B,960x1440,JPEG,CC0 1.0 Universal (public domain dedication),2026-08-05,10324745,b1c6ddaf958a639327a3ebcc35778ca8,urambo_2488.jpg,quality digit 3 = Good quality -> Grade_B,2854.62
B_L3L_10324925.jpg,"Tobacco leaves dataset (Virginia flue-cured, Tanzania)",https://dataverse.harvard.edu/api/access/datafile/10324925,L3L,Grade_B,960x1440,JPEG,CC0 1.0 Universal (public domain dedication),2026-08-05,10324925,013162e917df086816a61b92faa11f8a,uyui_4230.jpg,quality digit 3 = Good quality -> Grade_B,3212.52
B_L3L_10325668.jpg,"Tobacco leaves dataset (Virginia flue-cured, Tanzania)",https://dataverse.harvard.edu/api/access/datafile/10325668,L3L,Grade_B,960x1440,JPEG,CC0 1.0 Universal (public domain dedication),2026-08-05,10325668,88d20cea8453ac55f46dee617472d78b,uyui_14397.jpg,quality digit 3 = Good quality -> Grade_B,3007.08
B_L3L_10324354.jpg,"Tobacco leaves dataset (Virginia flue-cured, Tanzania)",https://dataverse.harvard.edu/api/access/datafile/10324354,L3L,Grade_B,960x1440,JPEG,CC0 1.0 Universal (public domain dedication),2026-08-05,10324354,4a1eb7d5bca2c3643772614f1a951438,urambo_2592.jpg,quality digit 3 = Good quality -> Grade_B,3052.85
B_L3L_10319700.jpg,"Tobacco leaves dataset (Virginia flue-cured, Tanzania)",https://dataverse.harvard.edu/api/access/datafile/10319700,L3L,Grade_B,960x1440,JPEG,CC0 1.0 Universal (public domain dedication),2026-08-05,10319700,b419f8711fe4e9a63527f0e6ae5eec2b,kaliua_6604.jpg,quality digit 3 = Good quality -> Grade_B,3003.2
B_L3L_10325753.jpg,"Tobacco leaves dataset (Virginia flue-cured, Tanzania)",https://dataverse.harvard.edu/api/access/datafile/10325753,L3L,Grade_B,960x1440,JPEG,CC0 1.0 Universal (public domain dedication),2026-08-05,10325753,d510bb8b68423a375108476e84930498,uyui_14437.jpg,quality digit 3 = Good quality -> Grade_B,3196.74
B_L3L_10320873.jpg,"Tobacco leaves dataset (Virginia flue-cured, Tanzania)",https://dataverse.harvard.edu/api/access/datafile/10320873,L3L,Grade_B,960x1440,JPEG,CC0 1.0 Universal (public domain dedication),2026-08-05,10320873,956039695adf563b9bcc3c4e544294be,kaliua_788.jpg,quality digit 3 = Good quality -> Grade_B,2872.76
B_L3L_10320324.jpg,"Tobacco leaves dataset (Virginia flue-cured, Tanzania)",https://dataverse.harvard.edu/api/access/datafile/10320324,L3L,Grade_B,960x1440,JPEG,CC0 1.0 Universal (public domain dedication),2026-08-05,10320324,5063b37ea9350a7520de9833d50a1862,kaliua_3951.jpg,quality digit 3 = Good quality -> Grade_B,1945.36
B_L3L_10325912.jpg,"Tobacco leaves dataset (Virginia flue-cured, Tanzania)",https://dataverse.harvard.edu/api/access/datafile/10325912,L3L,Grade_B,960x1440,JPEG,CC0 1.0 Universal (public domain dedication),2026-08-05,10325912,5fa96c4b344ddfe26921d6dc9449b336,uyui_8308.jpg,quality digit 3 = Good quality -> Grade_B,2945.42
B_L3L_10322816.jpg,"Tobacco leaves dataset (Virginia flue-cured, Tanzania)",https://dataverse.harvard.edu/api/access/datafile/10322816,L3L,Grade_B,960x1440,JPEG,CC0 1.0 Universal (public domain dedication),2026-08-05,10322816,17816215dbe43f22938d6be16c0a9a26,manispaa_1704.jpg,quality digit 3 = Good quality -> Grade_B,2407.88
B_L3L_10323189.jpg,"Tobacco leaves dataset (Virginia flue-cured, Tanzania)",https://dataverse.harvard.edu/api/access/datafile/10323189,L3L,Grade_B,960x1440,JPEG,CC0 1.0 Universal (public domain dedication),2026-08-05,10323189,67ed8ce61ae3467a4de90ff264eada07,manispaa_4683.jpg,quality digit 3 = Good quality -> Grade_B,1689.48
B_L3L_10325320.jpg,"Tobacco leaves dataset (Virginia flue-cured, Tanzania)",https://dataverse.harvard.edu/api/access/datafile/10325320,L3L,Grade_B,960x1440,JPEG,CC0 1.0 Universal (public domain dedication),2026-08-05,10325320,8eccc70bfaffed8c58a7ecc221899226,uyui_10580.jpg,quality digit 3 = Good quality -> Grade_B,2873.57
B_L3L_10325219.jpg,"Tobacco leaves dataset (Virginia flue-cured, Tanzania)",https://dataverse.harvard.edu/api/access/datafile/10325219,L3L,Grade_B,960x1440,JPEG,CC0 1.0 Universal (public domain dedication),2026-08-05,10325219,82094a53076bd87f3133fc7f82f72c6d,uyui_14409.jpg,quality digit 3 = Good quality -> Grade_B,3722.64
B_L3L_10323359.jpg,"Tobacco leaves dataset (Virginia flue-cured, Tanzania)",https://dataverse.harvard.edu/api/access/datafile/10323359,L3L,Grade_B,960x1440,JPEG,CC0 1.0 Universal (public domain dedication),2026-08-05,10323359,6314b90133c568e13bdd7b673da89cf5,manispaa_4288.jpg,quality digit 3 = Good quality -> Grade_B,3618.98
B_L3L_10323854.jpg,"Tobacco leaves dataset (Virginia flue-cured, Tanzania)",https://dataverse.harvard.edu/api/access/datafile/10323854,L3L,Grade_B,960x1440,JPEG,CC0 1.0 Universal (public domain dedication),2026-08-05,10323854,dc067ea7544ffb148086f36851e303e1,manispaa_7895.jpg,quality digit 3 = Good quality -> Grade_B,2008.13
B_L3L_10325020.jpg,"Tobacco leaves dataset (Virginia flue-cured, Tanzania)",https://dataverse.harvard.edu/api/access/datafile/10325020,L3L,Grade_B,960x1440,JPEG,CC0 1.0 Universal (public domain dedication),2026-08-05,10325020,6f51ec9494f13b51dc8211e0066ee7ba,uyui_14273.jpg,quality digit 3 = Good quality -> Grade_B,2951.46
B_L3L_10322735.jpg,"Tobacco leaves dataset (Virginia flue-cured, Tanzania)",https://dataverse.harvard.edu/api/access/datafile/10322735,L3L,Grade_B,960x1440,JPEG,CC0 1.0 Universal (public domain dedication),2026-08-05,10322735,1ec1b05ec58b43c4b4835eca025a0515,manispaa_13219.jpg,quality digit 3 = Good quality -> Grade_B,2813.48
B_L3L_10320399.jpg,"Tobacco leaves dataset (Virginia flue-cured, Tanzania)",https://dataverse.harvard.edu/api/access/datafile/10320399,L3L,Grade_B,960x1440,JPEG,CC0 1.0 Universal (public domain dedication),2026-08-05,10320399,cfe0e0179ad412c1a37a693c20343a31,kaliua_771.jpg,quality digit 3 = Good quality -> Grade_B,2775.9
B_L3L_10320741.jpg,"Tobacco leaves dataset (Virginia flue-cured, Tanzania)",https://dataverse.harvard.edu/api/access/datafile/10320741,L3L,Grade_B,960x1440,JPEG,CC0 1.0 Universal (public domain dedication),2026-08-05,10320741,3912b6ae8f3bae2692116d7932b2d2a5,kaliua_808.jpg,quality digit 3 = Good quality -> Grade_B,2794.93
B_L3L_10321399.jpg,"Tobacco leaves dataset (Virginia flue-cured, Tanzania)",https://dataverse.harvard.edu/api/access/datafile/10321399,L3L,Grade_B,960x1440,JPEG,CC0 1.0 Universal (public domain dedication),2026-08-05,10321399,37788be748757d4efa4237c00ecbd111,manispaa_11117.jpg,quality digit 3 = Good quality -> Grade_B,1804.74
B_L3L_10321303.jpg,"Tobacco leaves dataset (Virginia flue-cured, Tanzania)",https://dataverse.harvard.edu/api/access/datafile/10321303,L3L,Grade_B,960x1440,JPEG,CC0 1.0 Universal (public domain dedication),2026-08-05,10321303,9a970d4a0b6cee6f3f68b9825a337eef,manispaa_10887.jpg,quality digit 3 = Good quality -> Grade_B,1854.74
B_L3L_10320789.jpg,"Tobacco leaves dataset (Virginia flue-cured, Tanzania)",https://dataverse.harvard.edu/api/access/datafile/10320789,L3L,Grade_B,960x1440,JPEG,CC0 1.0 Universal (public domain dedication),2026-08-05,10320789,742e5190f916faca7f68e01bbb897671,kaliua_7268.jpg,quality digit 3 = Good quality -> Grade_B,2127.43
B_L3L_10322733.jpg,"Tobacco leaves dataset (Virginia flue-cured, Tanzania)",https://dataverse.harvard.edu/api/access/datafile/10322733,L3L,Grade_B,960x1440,JPEG,CC0 1.0 Universal (public domain dedication),2026-08-05,10322733,3d83db88044df24f77ab240c02d6b896,manispaa_13388.jpg,quality digit 3 = Good quality -> Grade_B,2265.38
B_L3L_10323473.jpg,"Tobacco leaves dataset (Virginia flue-cured, Tanzania)",https://dataverse.harvard.edu/api/access/datafile/10323473,L3L,Grade_B,960x1440,JPEG,CC0 1.0 Universal (public domain dedication),2026-08-05,10323473,609ccab1e0fae5f494a034e408f44b76,manispaa_4333.jpg,quality digit 3 = Good quality -> Grade_B,3162.0
B_L3L_10323145.jpg,"Tobacco leaves dataset (Virginia flue-cured, Tanzania)",https://dataverse.harvard.edu/api/access/datafile/10323145,L3L,Grade_B,960x1440,JPEG,CC0 1.0 Universal (public domain dedication),2026-08-05,10323145,26fe2429d679d41a4365c7e36be1ae5c,manispaa_7897.jpg,quality digit 3 = Good quality -> Grade_B,2378.72
B_L3L_10321132.jpg,"Tobacco leaves dataset (Virginia flue-cured, Tanzania)",https://dataverse.harvard.edu/api/access/datafile/10321132,L3L,Grade_B,960x1440,JPEG,CC0 1.0 Universal (public domain dedication),2026-08-05,10321132,314d15c5daf2390c7b4f1c5aa46968a3,kaliua_7004.jpg,quality digit 3 = Good quality -> Grade_B,2928.54
B_L3L_10324381.jpg,"Tobacco leaves dataset (Virginia flue-cured, Tanzania)",https://dataverse.harvard.edu/api/access/datafile/10324381,L3L,Grade_B,960x1440,JPEG,CC0 1.0 Universal (public domain dedication),2026-08-05,10324381,f9a4619f4266e8c8d991e5611915eb8e,urambo_4566.jpg,quality digit 3 = Good quality -> Grade_B,3485.93
B_L3L_10325529.jpg,"Tobacco leaves dataset (Virginia flue-cured, Tanzania)",https://dataverse.harvard.edu/api/access/datafile/10325529,L3L,Grade_B,960x1440,JPEG,CC0 1.0 Universal (public domain dedication),2026-08-05,10325529,1cf92d00579a6f87604e1200333f6d8c,uyui_1383.jpg,quality digit 3 = Good quality -> Grade_B,1611.35
B_L3L_10320779.jpg,"Tobacco leaves dataset (Virginia flue-cured, Tanzania)",https://dataverse.harvard.edu/api/access/datafile/10320779,L3L,Grade_B,960x1440,JPEG,CC0 1.0 Universal (public domain dedication),2026-08-05,10320779,7c3758906565554259788ca075787b61,kaliua_7271.jpg,quality digit 3 = Good quality -> Grade_B,2423.86
B_L3L_10326421.jpg,"Tobacco leaves dataset (Virginia flue-cured, Tanzania)",https://dataverse.harvard.edu/api/access/datafile/10326421,L3L,Grade_B,960x1440,JPEG,CC0 1.0 Universal (public domain dedication),2026-08-05,10326421,e6a094b7528a7071a3d614196146d32d,uyui_8588.jpg,quality digit 3 = Good quality -> Grade_B,2968.57
B_L3L_10325942.jpg,"Tobacco leaves dataset (Virginia flue-cured, Tanzania)",https://dataverse.harvard.edu/api/access/datafile/10325942,L3L,Grade_B,960x1440,JPEG,CC0 1.0 Universal (public domain dedication),2026-08-05,10325942,10c88059e947b54d3e18eee12f8d47ae,uyui_8131.jpg,quality digit 3 = Good quality -> Grade_B,2022.49
B_L3L_10320845.jpg,"Tobacco leaves dataset (Virginia flue-cured, Tanzania)",https://dataverse.harvard.edu/api/access/datafile/10320845,L3L,Grade_B,960x1440,JPEG,CC0 1.0 Universal (public domain dedication),2026-08-05,10320845,c0a540479a38ebae0f3b55a1a8bd484c,kaliua_893.jpg,quality digit 3 = Good quality -> Grade_B,3634.93
B_L3L_10322064.jpg,"Tobacco leaves dataset (Virginia flue-cured, Tanzania)",https://dataverse.harvard.edu/api/access/datafile/10322064,L3L,Grade_B,960x1440,JPEG,CC0 1.0 Universal (public domain dedication),2026-08-05,10322064,3a5110db7acfe14321b9bd12484f2989,manispaa_11140.jpg,quality digit 3 = Good quality -> Grade_B,3552.22
B_L3L_10322338.jpg,"Tobacco leaves dataset (Virginia flue-cured, Tanzania)",https://dataverse.harvard.edu/api/access/datafile/10322338,L3L,Grade_B,960x1440,JPEG,CC0 1.0 Universal (public domain dedication),2026-08-05,10322338,3eb419dc4c4732e6ebc6e194ef07c67f,manispaa_4197.jpg,quality digit 3 = Good quality -> Grade_B,3944.66
B_L3L_10324289.jpg,"Tobacco leaves dataset (Virginia flue-cured, Tanzania)",https://dataverse.harvard.edu/api/access/datafile/10324289,L3L,Grade_B,960x1440,JPEG,CC0 1.0 Universal (public domain dedication),2026-08-05,10324289,89f14326bfa8b6ab55e688c86a87c6aa,urambo_2579.jpg,quality digit 3 = Good quality -> Grade_B,2714.34
B_L3L_10320453.jpg,"Tobacco leaves dataset (Virginia flue-cured, Tanzania)",https://dataverse.harvard.edu/api/access/datafile/10320453,L3L,Grade_B,960x1440,JPEG,CC0 1.0 Universal (public domain dedication),2026-08-05,10320453,903f606fd2d318408896eceb173f617d,kaliua_972.jpg,quality digit 3 = Good quality -> Grade_B,3411.3
B_L3L_10324991.jpg,"Tobacco leaves dataset (Virginia flue-cured, Tanzania)",https://dataverse.harvard.edu/api/access/datafile/10324991,L3L,Grade_B,960x1440,JPEG,CC0 1.0 Universal (public domain dedication),2026-08-05,10324991,6a0a6ad547e6f7f1d5f84d81c1aabcfd,uyui_4372.jpg,quality digit 3 = Good quality -> Grade_B,2565.36
B_L3L_10326511.jpg,"Tobacco leaves dataset (Virginia flue-cured, Tanzania)",https://dataverse.harvard.edu/api/access/datafile/10326511,L3L,Grade_B,960x1440,JPEG,CC0 1.0 Universal (public domain dedication),2026-08-05,10326511,41b597e5fce14973ec4723459d08fb20,uyui_8592.jpg,quality digit 3 = Good quality -> Grade_B,2897.84
B_L3L_10321474.jpg,"Tobacco leaves dataset (Virginia flue-cured, Tanzania)",https://dataverse.harvard.edu/api/access/datafile/10321474,L3L,Grade_B,960x1440,JPEG,CC0 1.0 Universal (public domain dedication),2026-08-05,10321474,886089c905be4f247d8855406dcf753b,manispaa_1199.jpg,quality digit 3 = Good quality -> Grade_B,2040.66
B_L3L_10323444.jpg,"Tobacco leaves dataset (Virginia flue-cured, Tanzania)",https://dataverse.harvard.edu/api/access/datafile/10323444,L3L,Grade_B,960x1440,JPEG,CC0 1.0 Universal (public domain dedication),2026-08-05,10323444,7e952abd08c1f7166bc9b2bf516bcf2b,manispaa_7864.jpg,quality digit 3 = Good quality -> Grade_B,1806.82
B_L3L_10322787.jpg,"Tobacco leaves dataset (Virginia flue-cured, Tanzania)",https://dataverse.harvard.edu/api/access/datafile/10322787,L3L,Grade_B,960x1440,JPEG,CC0 1.0 Universal (public domain dedication),2026-08-05,10322787,17a300a0b55273ae2c0aa42e800a4f4f,manispaa_13307.jpg,quality digit 3 = Good quality -> Grade_B,2771.47
B_L3L_10320054.jpg,"Tobacco leaves dataset (Virginia flue-cured, Tanzania)",https://dataverse.harvard.edu/api/access/datafile/10320054,L3L,Grade_B,960x1440,JPEG,CC0 1.0 Universal (public domain dedication),2026-08-05,10320054,4db213d9072f1d5db0e6c41461851c90,kaliua_6914.jpg,quality digit 3 = Good quality -> Grade_B,2858.75
B_L3L_10323584.jpg,"Tobacco leaves dataset (Virginia flue-cured, Tanzania)",https://dataverse.harvard.edu/api/access/datafile/10323584,L3L,Grade_B,960x1440,JPEG,CC0 1.0 Universal (public domain dedication),2026-08-05,10323584,1e6934ae93fa7ef09db29a02b2a41442,manispaa_7932.jpg,quality digit 3 = Good quality -> Grade_B,2265.23
B_L3L_10320071.jpg,"Tobacco leaves dataset (Virginia flue-cured, Tanzania)",https://dataverse.harvard.edu/api/access/datafile/10320071,L3L,Grade_B,960x1440,JPEG,CC0 1.0 Universal (public domain dedication),2026-08-05,10320071,3f91b6d884f2089120f19234df3e3f08,kaliua_6899.jpg,quality digit 3 = Good quality -> Grade_B,3207.83
B_L3L_10323926.jpg,"Tobacco leaves dataset (Virginia flue-cured, Tanzania)",https://dataverse.harvard.edu/api/access/datafile/10323926,L3L,Grade_B,960x1440,JPEG,CC0 1.0 Universal (public domain dedication),2026-08-05,10323926,646b346c4c6a941227d23fdaad3f6259,manispaa_7783.jpg,quality digit 3 = Good quality -> Grade_B,1943.3
B_L3L_10325744.jpg,"Tobacco leaves dataset (Virginia flue-cured, Tanzania)",https://dataverse.harvard.edu/api/access/datafile/10325744,L3L,Grade_B,960x1440,JPEG,CC0 1.0 Universal (public domain dedication),2026-08-05,10325744,a17bae3b6a2f1b03b135a7888796fac2,uyui_10553.jpg,quality digit 3 = Good quality -> Grade_B,3180.9
B_L3L_10321120.jpg,"Tobacco leaves dataset (Virginia flue-cured, Tanzania)",https://dataverse.harvard.edu/api/access/datafile/10321120,L3L,Grade_B,960x1440,JPEG,CC0 1.0 Universal (public domain dedication),2026-08-05,10321120,1cec26585b2f67de381cf898d8331b4a,kaliua_885.jpg,quality digit 3 = Good quality -> Grade_B,3717.55
B_L3L_10324462.jpg,"Tobacco leaves dataset (Virginia flue-cured, Tanzania)",https://dataverse.harvard.edu/api/access/datafile/10324462,L3L,Grade_B,960x1440,JPEG,CC0 1.0 Universal (public domain dedication),2026-08-05,10324462,00f4962e053636e12ae2939f57671c2c,uyui_10272.jpg,quality digit 3 = Good quality -> Grade_B,3144.07
B_L3L_10324543.jpg,"Tobacco leaves dataset (Virginia flue-cured, Tanzania)",https://dataverse.harvard.edu/api/access/datafile/10324543,L3L,Grade_B,960x1440,JPEG,CC0 1.0 Universal (public domain dedication),2026-08-05,10324543,c809e87ee33d643c5e6343c808f67b92,uyui_10411.jpg,quality digit 3 = Good quality -> Grade_B,2868.64
B_L3L_10325052.jpg,"Tobacco leaves dataset (Virginia flue-cured, Tanzania)",https://dataverse.harvard.edu/api/access/datafile/10325052,L3L,Grade_B,960x1440,JPEG,CC0 1.0 Universal (public domain dedication),2026-08-05,10325052,99933fcaf715d5c75438403c3bf5ac7c,uyui_14399.jpg,quality digit 3 = Good quality -> Grade_B,2982.59
B_L3L_10326560.jpg,"Tobacco leaves dataset (Virginia flue-cured, Tanzania)",https://dataverse.harvard.edu/api/access/datafile/10326560,L3L,Grade_B,960x1440,JPEG,CC0 1.0 Universal (public domain dedication),2026-08-05,10326560,b0f950e2f1064fde48118a5315177bdd,uyui_8006.jpg,quality digit 3 = Good quality -> Grade_B,2199.7
B_L3L_10321018.jpg,"Tobacco leaves dataset (Virginia flue-cured, Tanzania)",https://dataverse.harvard.edu/api/access/datafile/10321018,L3L,Grade_B,960x1440,JPEG,CC0 1.0 Universal (public domain dedication),2026-08-05,10321018,585a25e33f63d4f0e2a75940d671237d,kaliua_9013.jpg,quality digit 3 = Good quality -> Grade_B,3620.17
B_L3L_10326518.jpg,"Tobacco leaves dataset (Virginia flue-cured, Tanzania)",https://dataverse.harvard.edu/api/access/datafile/10326518,L3L,Grade_B,960x1440,JPEG,CC0 1.0 Universal (public domain dedication),2026-08-05,10326518,6bd4389815df0b7e9f90a477e3113444,uyui_8318.jpg,quality digit 3 = Good quality -> Grade_B,2923.89
B_L3L_10325742.jpg,"Tobacco leaves dataset (Virginia flue-cured, Tanzania)",https://dataverse.harvard.edu/api/access/datafile/10325742,L3L,Grade_B,960x1440,JPEG,CC0 1.0 Universal (public domain dedication),2026-08-05,10325742,5d67a82eb8ff07dac5185e99099c9492,uyui_14258.jpg,quality digit 3 = Good quality -> Grade_B,3034.99
B_L3L_10323147.jpg,"Tobacco leaves dataset (Virginia flue-cured, Tanzania)",https://dataverse.harvard.edu/api/access/datafile/10323147,L3L,Grade_B,960x1440,JPEG,CC0 1.0 Universal (public domain dedication),2026-08-05,10323147,062265a650f3da14707982954bad47c1,manispaa_4612.jpg,quality digit 3 = Good quality -> Grade_B,1911.66
B_L3L_10321730.jpg,"Tobacco leaves dataset (Virginia flue-cured, Tanzania)",https://dataverse.harvard.edu/api/access/datafile/10321730,L3L,Grade_B,960x1440,JPEG,CC0 1.0 Universal (public domain dedication),2026-08-05,10321730,01328b90bbdcc8a216a129c55f412fbb,manispaa_10603.jpg,quality digit 3 = Good quality -> Grade_B,2378.0
B_L3L_10323603.jpg,"Tobacco leaves dataset (Virginia flue-cured, Tanzania)",https://dataverse.harvard.edu/api/access/datafile/10323603,L3L,Grade_B,960x1440,JPEG,CC0 1.0 Universal (public domain dedication),2026-08-05,10323603,b5d9659d1bc93d2176148556af3242d2,manispaa_8063.jpg,quality digit 3 = Good quality -> Grade_B,2938.18
B_L3L_10321363.jpg,"Tobacco leaves dataset (Virginia flue-cured, Tanzania)",https://dataverse.harvard.edu/api/access/datafile/10321363,L3L,Grade_B,960x1440,JPEG,CC0 1.0 Universal (public domain dedication),2026-08-05,10321363,b62b03f71f7f83a9269ad3e47aff2f42,manispaa_1269.jpg,quality digit 3 = Good quality -> Grade_B,2009.27
B_L3L_10322741.jpg,"Tobacco leaves dataset (Virginia flue-cured, Tanzania)",https://dataverse.harvard.edu/api/access/datafile/10322741,L3L,Grade_B,960x1440,JPEG,CC0 1.0 Universal (public domain dedication),2026-08-05,10322741,30e438c9d79cfb2471d73f0722a27b71,manispaa_1635.jpg,quality digit 3 = Good quality -> Grade_B,3144.09
B_L3L_10321803.jpg,"Tobacco leaves dataset (Virginia flue-cured, Tanzania)",https://dataverse.harvard.edu/api/access/datafile/10321803,L3L,Grade_B,960x1440,JPEG,CC0 1.0 Universal (public domain dedication),2026-08-05,10321803,0bd6251666b708598460cb2605d695f1,manispaa_13128.jpg,quality digit 3 = Good quality -> Grade_B,2755.88
B_L3L_10321662.jpg,"Tobacco leaves dataset (Virginia flue-cured, Tanzania)",https://dataverse.harvard.edu/api/access/datafile/10321662,L3L,Grade_B,960x1440,JPEG,CC0 1.0 Universal (public domain dedication),2026-08-05,10321662,543d70c991dc5979ff40d1e59255b10b,manispaa_10802.jpg,quality digit 3 = Good quality -> Grade_B,2426.78
B_L3L_10323782.jpg,"Tobacco leaves dataset (Virginia flue-cured, Tanzania)",https://dataverse.harvard.edu/api/access/datafile/10323782,L3L,Grade_B,960x1440,JPEG,CC0 1.0 Universal (public domain dedication),2026-08-05,10323782,20c2ca2a0790ac9ffb3cd2af39a58454,manispaa_4632.jpg,quality digit 3 = Good quality -> Grade_B,2389.29
B_L3L_10323312.jpg,"Tobacco leaves dataset (Virginia flue-cured, Tanzania)",https://dataverse.harvard.edu/api/access/datafile/10323312,L3L,Grade_B,960x1440,JPEG,CC0 1.0 Universal (public domain dedication),2026-08-05,10323312,c30ba30e2865f7849e0edb7f67936735,manispaa_4704.jpg,quality digit 3 = Good quality -> Grade_B,2391.44
B_L3L_10319890.jpg,"Tobacco leaves dataset (Virginia flue-cured, Tanzania)",https://dataverse.harvard.edu/api/access/datafile/10319890,L3L,Grade_B,960x1440,JPEG,CC0 1.0 Universal (public domain dedication),2026-08-05,10319890,40483adac6f0cfa03a000ab2db930b7f,kaliua_4061.jpg,quality digit 3 = Good quality -> Grade_B,2420.04
B_L3L_10321220.jpg,"Tobacco leaves dataset (Virginia flue-cured, Tanzania)",https://dataverse.harvard.edu/api/access/datafile/10321220,L3L,Grade_B,960x1440,JPEG,CC0 1.0 Universal (public domain dedication),2026-08-05,10321220,84684b369187c06315f2648b4fed62db,kaliua_929.jpg,quality digit 3 = Good quality -> Grade_B,3268.85
B_L3L_10321614.jpg,"Tobacco leaves dataset (Virginia flue-cured, Tanzania)",https://dataverse.harvard.edu/api/access/datafile/10321614,L3L,Grade_B,960x1440,JPEG,CC0 1.0 Universal (public domain dedication),2026-08-05,10321614,f4037148e3acad802128a9fe63e3bff3,manispaa_10553.jpg,quality digit 3 = Good quality -> Grade_B,2423.61
B_L3L_10324619.jpg,"Tobacco leaves dataset (Virginia flue-cured, Tanzania)",https://dataverse.harvard.edu/api/access/datafile/10324619,L3L,Grade_B,960x1440,JPEG,CC0 1.0 Universal (public domain dedication),2026-08-05,10324619,00e19361e881b60576f904f36aebcb5c,uyui_10297.jpg,quality digit 3 = Good quality -> Grade_B,3562.25
B_L3L_10321479.jpg,"Tobacco leaves dataset (Virginia flue-cured, Tanzania)",https://dataverse.harvard.edu/api/access/datafile/10321479,L3L,Grade_B,960x1440,JPEG,CC0 1.0 Universal (public domain dedication),2026-08-05,10321479,89f94201c9561bd3d31cd41f9013d59c,manispaa_10979.jpg,quality digit 3 = Good quality -> Grade_B,2206.65
B_L3L_10319801.jpg,"Tobacco leaves dataset (Virginia flue-cured, Tanzania)",https://dataverse.harvard.edu/api/access/datafile/10319801,L3L,Grade_B,960x1440,JPEG,CC0 1.0 Universal (public domain dedication),2026-08-05,10319801,f6cdd074172f02baf92123d720fbbe47,kaliua_4164.jpg,quality digit 3 = Good quality -> Grade_B,2740.59
B_L3L_10321013.jpg,"Tobacco leaves dataset (Virginia flue-cured, Tanzania)",https://dataverse.harvard.edu/api/access/datafile/10321013,L3L,Grade_B,960x1440,JPEG,CC0 1.0 Universal (public domain dedication),2026-08-05,10321013,355d487042f9434165586ae712e41d44,kaliua_7147.jpg,quality digit 3 = Good quality -> Grade_B,1883.28
B_L3L_10323864.jpg,"Tobacco leaves dataset (Virginia flue-cured, Tanzania)",https://dataverse.harvard.edu/api/access/datafile/10323864,L3L,Grade_B,960x1440,JPEG,CC0 1.0 Universal (public domain dedication),2026-08-05,10323864,bd3aad95fd19c72ee4ceb3f706fcbc86,manispaa_4658.jpg,quality digit 3 = Good quality -> Grade_B,1864.78
B_L3L_10325583.jpg,"Tobacco leaves dataset (Virginia flue-cured, Tanzania)",https://dataverse.harvard.edu/api/access/datafile/10325583,L3L,Grade_B,960x1440,JPEG,CC0 1.0 Universal (public domain dedication),2026-08-05,10325583,ca20f71039d483fe62ff0a2df2fc4e79,uyui_14446.jpg,quality digit 3 = Good quality -> Grade_B,3032.45
B_L3L_10325611.jpg,"Tobacco leaves dataset (Virginia flue-cured, Tanzania)",https://dataverse.harvard.edu/api/access/datafile/10325611,L3L,Grade_B,960x1440,JPEG,CC0 1.0 Universal (public domain dedication),2026-08-05,10325611,e8f0a382cb68f10e02d21e98b5642782,uyui_14354.jpg,quality digit 3 = Good quality -> Grade_B,2839.93
B_L3L_10320977.jpg,"Tobacco leaves dataset (Virginia flue-cured, Tanzania)",https://dataverse.harvard.edu/api/access/datafile/10320977,L3L,Grade_B,960x1440,JPEG,CC0 1.0 Universal (public domain dedication),2026-08-05,10320977,8db2654d161de2e438fe598d8d9b052b,kaliua_7245.jpg,quality digit 3 = Good quality -> Grade_B,2856.98
B_L3L_10321359.jpg,"Tobacco leaves dataset (Virginia flue-cured, Tanzania)",https://dataverse.harvard.edu/api/access/datafile/10321359,L3L,Grade_B,960x1440,JPEG,CC0 1.0 Universal (public domain dedication),2026-08-05,10321359,758bffa7ea399048fcb5c419b7302dbb,manispaa_10852.jpg,quality digit 3 = Good quality -> Grade_B,1855.74
B_L3L_10322256.jpg,"Tobacco leaves dataset (Virginia flue-cured, Tanzania)",https://dataverse.harvard.edu/api/access/datafile/10322256,L3L,Grade_B,960x1440,JPEG,CC0 1.0 Universal (public domain dedication),2026-08-05,10322256,ddb7afe602474ec4696e03ee927e9991,manispaa_4260.jpg,quality digit 3 = Good quality -> Grade_B,3764.89
B_L3L_10320999.jpg,"Tobacco leaves dataset (Virginia flue-cured, Tanzania)",https://dataverse.harvard.edu/api/access/datafile/10320999,L3L,Grade_B,960x1440,JPEG,CC0 1.0 Universal (public domain dedication),2026-08-05,10320999,4f8eb5ec4461eaac8ecf60170bc3f6b5,kaliua_7079.jpg,quality digit 3 = Good quality -> Grade_B,2830.25
B_L3L_10321494.jpg,"Tobacco leaves dataset (Virginia flue-cured, Tanzania)",https://dataverse.harvard.edu/api/access/datafile/10321494,L3L,Grade_B,960x1440,JPEG,CC0 1.0 Universal (public domain dedication),2026-08-05,10321494,d12b0acf5fffde907f4ff2a6917ab238,manispaa_10556.jpg,quality digit 3 = Good quality -> Grade_B,2254.7
B_L3L_10320804.jpg,"Tobacco leaves dataset (Virginia flue-cured, Tanzania)",https://dataverse.harvard.edu/api/access/datafile/10320804,L3L,Grade_B,960x1440,JPEG,CC0 1.0 Universal (public domain dedication),2026-08-05,10320804,f49ddb9da071f48e7b0acba105b77c7f,kaliua_9153.jpg,quality digit 3 = Good quality -> Grade_B,3433.35
B_L3L_10325473.jpg,"Tobacco leaves dataset (Virginia flue-cured, Tanzania)",https://dataverse.harvard.edu/api/access/datafile/10325473,L3L,Grade_B,960x1440,JPEG,CC0 1.0 Universal (public domain dedication),2026-08-05,10325473,f3c27f92858d914a2cbbe034e9e41aaf,uyui_4235.jpg,quality digit 3 = Good quality -> Grade_B,2841.3
B_L3L_10323067.jpg,"Tobacco leaves dataset (Virginia flue-cured, Tanzania)",https://dataverse.harvard.edu/api/access/datafile/10323067,L3L,Grade_B,960x1440,JPEG,CC0 1.0 Universal (public domain dedication),2026-08-05,10323067,e7d881e4ff6f9baab06f1396b45f9373,manispaa_4115.jpg,quality digit 3 = Good quality -> Grade_B,4050.24
B_L3L_10325326.jpg,"Tobacco leaves dataset (Virginia flue-cured, Tanzania)",https://dataverse.harvard.edu/api/access/datafile/10325326,L3L,Grade_B,960x1440,JPEG,CC0 1.0 Universal (public domain dedication),2026-08-05,10325326,b2321a3fec65a279ae9f841868a1efc3,uyui_4402.jpg,quality digit 3 = Good quality -> Grade_B,2572.54
B_L3L_10321683.jpg,"Tobacco leaves dataset (Virginia flue-cured, Tanzania)",https://dataverse.harvard.edu/api/access/datafile/10321683,L3L,Grade_B,960x1440,JPEG,CC0 1.0 Universal (public domain dedication),2026-08-05,10321683,1e380e398672fd355c294e4840f5b12f,manispaa_10642.jpg,quality digit 3 = Good quality -> Grade_B,2909.58
B_L3L_10324500.jpg,"Tobacco leaves dataset (Virginia flue-cured, Tanzania)",https://dataverse.harvard.edu/api/access/datafile/10324500,L3L,Grade_B,960x1440,JPEG,CC0 1.0 Universal (public domain dedication),2026-08-05,10324500,a272658687fdcce30cce8c01e2a04f9e,uyui_10301.jpg,quality digit 3 = Good quality -> Grade_B,3832.98
B_L3L_10321523.jpg,"Tobacco leaves dataset (Virginia flue-cured, Tanzania)",https://dataverse.harvard.edu/api/access/datafile/10321523,L3L,Grade_B,960x1440,JPEG,CC0 1.0 Universal (public domain dedication),2026-08-05,10321523,6dd82e1b580a144d4ca96cbf3a8d8487,manispaa_13187.jpg,quality digit 3 = Good quality -> Grade_B,3444.22
B_L3L_10322076.jpg,"Tobacco leaves dataset (Virginia flue-cured, Tanzania)",https://dataverse.harvard.edu/api/access/datafile/10322076,L3L,Grade_B,960x1440,JPEG,CC0 1.0 Universal (public domain dedication),2026-08-05,10322076,ba5db4b6d393a9e653a22c6c4c5db0ba,manispaa_13146.jpg,quality digit 3 = Good quality -> Grade_B,3253.28
B_L3L_10325464.jpg,"Tobacco leaves dataset (Virginia flue-cured, Tanzania)",https://dataverse.harvard.edu/api/access/datafile/10325464,L3L,Grade_B,960x1440,JPEG,CC0 1.0 Universal (public domain dedication),2026-08-05,10325464,490c9993c27de9aa171552bfbb4d5498,uyui_10579.jpg,quality digit 3 = Good quality -> Grade_B,2818.41
B_L3L_10321588.jpg,"Tobacco leaves dataset (Virginia flue-cured, Tanzania)",https://dataverse.harvard.edu/api/access/datafile/10321588,L3L,Grade_B,960x1440,JPEG,CC0 1.0 Universal (public domain dedication),2026-08-05,10321588,b0348b4b850e0e90c3231c9646226a76,manispaa_1157.jpg,quality digit 3 = Good quality -> Grade_B,1902.4
B_L3L_10324482.jpg,"Tobacco leaves dataset (Virginia flue-cured, Tanzania)",https://dataverse.harvard.edu/api/access/datafile/10324482,L3L,Grade_B,960x1440,JPEG,CC0 1.0 Universal (public domain dedication),2026-08-05,10324482,9cd0e7e0016397662c66572abc21f0a5,urambo_4577.jpg,quality digit 3 = Good quality -> Grade_B,3212.89
B_L3L_10320650.jpg,"Tobacco leaves dataset (Virginia flue-cured, Tanzania)",https://dataverse.harvard.edu/api/access/datafile/10320650,L3L,Grade_B,960x1440,JPEG,CC0 1.0 Universal (public domain dedication),2026-08-05,10320650,6f16d60c6806160c7e0cbd5bb3e5238a,kaliua_7151.jpg,quality digit 3 = Good quality -> Grade_B,1792.11
B_L3L_10323620.jpg,"Tobacco leaves dataset (Virginia flue-cured, Tanzania)",https://dataverse.harvard.edu/api/access/datafile/10323620,L3L,Grade_B,960x1440,JPEG,CC0 1.0 Universal (public domain dedication),2026-08-05,10323620,7f77c5d4a56095454aba67521f3a8f43,manispaa_7960.jpg,quality digit 3 = Good quality -> Grade_B,2414.13
B_L3L_10320429.jpg,"Tobacco leaves dataset (Virginia flue-cured, Tanzania)",https://dataverse.harvard.edu/api/access/datafile/10320429,L3L,Grade_B,960x1440,JPEG,CC0 1.0 Universal (public domain dedication),2026-08-05,10320429,b28e76a149ab584b1d96634b68268753,kaliua_9136.jpg,quality digit 3 = Good quality -> Grade_B,3276.65
B_L3L_10325224.jpg,"Tobacco leaves dataset (Virginia flue-cured, Tanzania)",https://dataverse.harvard.edu/api/access/datafile/10325224,L3L,Grade_B,960x1440,JPEG,CC0 1.0 Universal (public domain dedication),2026-08-05,10325224,15128e838f5bd8fb00e48dc0bad84b3b,uyui_4657.jpg,quality digit 3 = Good quality -> Grade_B,1769.93
B_L3L_10319545.jpg,"Tobacco leaves dataset (Virginia flue-cured, Tanzania)",https://dataverse.harvard.edu/api/access/datafile/10319545,L3L,Grade_B,960x1440,JPEG,CC0 1.0 Universal (public domain dedication),2026-08-05,10319545,cd436623495e4862b7e5ad6ab8e926e0,kaliua_6660.jpg,quality digit 3 = Good quality -> Grade_B,3267.09
B_L3L_10325560.jpg,"Tobacco leaves dataset (Virginia flue-cured, Tanzania)",https://dataverse.harvard.edu/api/access/datafile/10325560,L3L,Grade_B,960x1440,JPEG,CC0 1.0 Universal (public domain dedication),2026-08-05,10325560,c9398754f78c6f8584c2a02bd22f86d9,uyui_4480.jpg,quality digit 3 = Good quality -> Grade_B,1747.56
B_L3L_10319769.jpg,"Tobacco leaves dataset (Virginia flue-cured, Tanzania)",https://dataverse.harvard.edu/api/access/datafile/10319769,L3L,Grade_B,960x1440,JPEG,CC0 1.0 Universal (public domain dedication),2026-08-05,10319769,6cad490c8f0d2daca3f20f28c1421e40,kaliua_6933.jpg,quality digit 3 = Good quality -> Grade_B,3433.96
B_L3L_10321422.jpg,"Tobacco leaves dataset (Virginia flue-cured, Tanzania)",https://dataverse.harvard.edu/api/access/datafile/10321422,L3L,Grade_B,960x1440,JPEG,CC0 1.0 Universal (public domain dedication),2026-08-05,10321422,0d7888e66670ce152e42a16d3d7151b6,manispaa_1164.jpg,quality digit 3 = Good quality -> Grade_B,1904.06
B_L3L_10325615.jpg,"Tobacco leaves dataset (Virginia flue-cured, Tanzania)",https://dataverse.harvard.edu/api/access/datafile/10325615,L3L,Grade_B,960x1440,JPEG,CC0 1.0 Universal (public domain dedication),2026-08-05,10325615,3ee966e23fbc8044b17eff6ef6c5a072,uyui_4427.jpg,quality digit 3 = Good quality -> Grade_B,3298.62
B_L3L_10322777.jpg,"Tobacco leaves dataset (Virginia flue-cured, Tanzania)",https://dataverse.harvard.edu/api/access/datafile/10322777,L3L,Grade_B,960x1440,JPEG,CC0 1.0 Universal (public domain dedication),2026-08-05,10322777,da4cfc22844d32015f2eda2da072c976,manispaa_13362.jpg,quality digit 3 = Good quality -> Grade_B,2509.68
B_L3L_10325196.jpg,"Tobacco leaves dataset (Virginia flue-cured, Tanzania)",https://dataverse.harvard.edu/api/access/datafile/10325196,L3L,Grade_B,960x1440,JPEG,CC0 1.0 Universal (public domain dedication),2026-08-05,10325196,12e9fd86305f48971364e28298fa4008,uyui_10428.jpg,quality digit 3 = Good quality -> Grade_B,2638.22
B_L3L_10319638.jpg,"Tobacco leaves dataset (Virginia flue-cured, Tanzania)",https://dataverse.harvard.edu/api/access/datafile/10319638,L3L,Grade_B,960x1440,JPEG,CC0 1.0 Universal (public domain dedication),2026-08-05,10319638,458fb869fb50adbe4dd8dfb5ea78bc8e,kaliua_4145.jpg,quality digit 3 = Good quality -> Grade_B,2494.8
B_L3L_10320904.jpg,"Tobacco leaves dataset (Virginia flue-cured, Tanzania)",https://dataverse.harvard.edu/api/access/datafile/10320904,L3L,Grade_B,960x1440,JPEG,CC0 1.0 Universal (public domain dedication),2026-08-05,10320904,813ae12341c9b7b1c959f99bde4ffe89,kaliua_925.jpg,quality digit 3 = Good quality -> Grade_B,3106.53
B_L3L_10321271.jpg,"Tobacco leaves dataset (Virginia flue-cured, Tanzania)",https://dataverse.harvard.edu/api/access/datafile/10321271,L3L,Grade_B,960x1440,JPEG,CC0 1.0 Universal (public domain dedication),2026-08-05,10321271,4f08e772704d56b95f20814f5cd2a676,manispaa_10992.jpg,quality digit 3 = Good quality -> Grade_B,2127.69
B_L3L_10325714.jpg,"Tobacco leaves dataset (Virginia flue-cured, Tanzania)",https://dataverse.harvard.edu/api/access/datafile/10325714,L3L,Grade_B,960x1440,JPEG,CC0 1.0 Universal (public domain dedication),2026-08-05,10325714,ff4d8ae121f5cae45f36662c47660b90,uyui_4545.jpg,quality digit 3 = Good quality -> Grade_B,2047.11
B_L3L_10324200.jpg,"Tobacco leaves dataset (Virginia flue-cured, Tanzania)",https://dataverse.harvard.edu/api/access/datafile/10324200,L3L,Grade_B,960x1440,JPEG,CC0 1.0 Universal (public domain dedication),2026-08-05,10324200,d7268815117402f496f160b1621e5a54,uyui_10254.jpg,quality digit 3 = Good quality -> Grade_B,3183.97
B_L3L_10320635.jpg,"Tobacco leaves dataset (Virginia flue-cured, Tanzania)",https://dataverse.harvard.edu/api/access/datafile/10320635,L3L,Grade_B,960x1440,JPEG,CC0 1.0 Universal (public domain dedication),2026-08-05,10320635,5b07f356d00002f947334badeff62a25,kaliua_7005.jpg,quality digit 3 = Good quality -> Grade_B,2805.97
B_L3L_10324678.jpg,"Tobacco leaves dataset (Virginia flue-cured, Tanzania)",https://dataverse.harvard.edu/api/access/datafile/10324678,L3L,Grade_B,960x1440,JPEG,CC0 1.0 Universal (public domain dedication),2026-08-05,10324678,ed826a51bad10a72c4e053a984596576,urambo_5798.jpg,quality digit 3 = Good quality -> Grade_B,4583.72
B_L3L_10323330.jpg,"Tobacco leaves dataset (Virginia flue-cured, Tanzania)",https://dataverse.harvard.edu/api/access/datafile/10323330,L3L,Grade_B,960x1440,JPEG,CC0 1.0 Universal (public domain dedication),2026-08-05,10323330,c7bb154f6d6abeb305abb5cfd11f8499,manispaa_4432.jpg,quality digit 3 = Good quality -> Grade_B,3152.0
B_L3L_10324179.jpg,"Tobacco leaves dataset (Virginia flue-cured, Tanzania)",https://dataverse.harvard.edu/api/access/datafile/10324179,L3L,Grade_B,960x1440,JPEG,CC0 1.0 Universal (public domain dedication),2026-08-05,10324179,a9c6fdae37e6e537a9f9a995143374d8,manispaa_8127.jpg,quality digit 3 = Good quality -> Grade_B,1995.17
B_L3L_10324444.jpg,"Tobacco leaves dataset (Virginia flue-cured, Tanzania)",https://dataverse.harvard.edu/api/access/datafile/10324444,L3L,Grade_B,960x1440,JPEG,CC0 1.0 Universal (public domain dedication),2026-08-05,10324444,0b30f6ef69b0df450529bd54e7311d9f,urambo_4634.jpg,quality digit 3 = Good quality -> Grade_B,2620.46
B_L3L_10322458.jpg,"Tobacco leaves dataset (Virginia flue-cured, Tanzania)",https://dataverse.harvard.edu/api/access/datafile/10322458,L3L,Grade_B,960x1440,JPEG,CC0 1.0 Universal (public domain dedication),2026-08-05,10322458,9b721a5feb0a1275094791aca73a8b45,manispaa_4207.jpg,quality digit 3 = Good quality -> Grade_B,3778.83
B_L3L_10322691.jpg,"Tobacco leaves dataset (Virginia flue-cured, Tanzania)",https://dataverse.harvard.edu/api/access/datafile/10322691,L3L,Grade_B,960x1440,JPEG,CC0 1.0 Universal (public domain dedication),2026-08-05,10322691,180deb166119b58ac9485f65185c716c,manispaa_1606.jpg,quality digit 3 = Good quality -> Grade_B,2830.27
B_L3L_10320857.jpg,"Tobacco leaves dataset (Virginia flue-cured, Tanzania)",https://dataverse.harvard.edu/api/access/datafile/10320857,L3L,Grade_B,960x1440,JPEG,CC0 1.0 Universal (public domain dedication),2026-08-05,10320857,c0ba3b3c610bdbc87f7c4bb2fbb756dd,kaliua_7152.jpg,quality digit 3 = Good quality -> Grade_B,2054.16
B_L3L_10326553.jpg,"Tobacco leaves dataset (Virginia flue-cured, Tanzania)",https://dataverse.harvard.edu/api/access/datafile/10326553,L3L,Grade_B,960x1440,JPEG,CC0 1.0 Universal (public domain dedication),2026-08-05,10326553,46d449444af186a6e67ddd6865e89abe,uyui_4742.jpg,quality digit 3 = Good quality -> Grade_B,1853.61
B_L3L_10323942.jpg,"Tobacco leaves dataset (Virginia flue-cured, Tanzania)",https://dataverse.harvard.edu/api/access/datafile/10323942,L3L,Grade_B,960x1440,JPEG,CC0 1.0 Universal (public domain dedication),2026-08-05,10323942,8a1c902825aee5c9df1292720aaf1abe,manispaa_4686.jpg,quality digit 3 = Good quality -> Grade_B,2744.76
B_L3L_10322929.jpg,"Tobacco leaves dataset (Virginia flue-cured, Tanzania)",https://dataverse.harvard.edu/api/access/datafile/10322929,L3L,Grade_B,960x1440,JPEG,CC0 1.0 Universal (public domain dedication),2026-08-05,10322929,cfd923cac5fc5c6cfe2718ce6a76de04,manispaa_1638.jpg,quality digit 3 = Good quality -> Grade_B,2931.69
B_L3L_10323551.jpg,"Tobacco leaves dataset (Virginia flue-cured, Tanzania)",https://dataverse.harvard.edu/api/access/datafile/10323551,L3L,Grade_B,960x1440,JPEG,CC0 1.0 Universal (public domain dedication),2026-08-05,10323551,0bc3fe6b59d76c05c35d1800b41ce9fb,manispaa_4390.jpg,quality digit 3 = Good quality -> Grade_B,3126.65
B_L3L_10323478.jpg,"Tobacco leaves dataset (Virginia flue-cured, Tanzania)",https://dataverse.harvard.edu/api/access/datafile/10323478,L3L,Grade_B,960x1440,JPEG,CC0 1.0 Universal (public domain dedication),2026-08-05,10323478,517cc1312801ad73e0dd7dfe5a2d079b,manispaa_7788.jpg,quality digit 3 = Good quality -> Grade_B,1924.07
B_L3L_10321198.jpg,"Tobacco leaves dataset (Virginia flue-cured, Tanzania)",https://dataverse.harvard.edu/api/access/datafile/10321198,L3L,Grade_B,960x1440,JPEG,CC0 1.0 Universal (public domain dedication),2026-08-05,10321198,31709d5274229f22d03689fb20a7b22f,kaliua_7080.jpg,quality digit 3 = Good quality -> Grade_B,2326.57
B_L3L_10326551.jpg,"Tobacco leaves dataset (Virginia flue-cured, Tanzania)",https://dataverse.harvard.edu/api/access/datafile/10326551,L3L,Grade_B,960x1440,JPEG,CC0 1.0 Universal (public domain dedication),2026-08-05,10326551,907cade931e7b77c13dc46d16d159c5b,uyui_4744.jpg,quality digit 3 = Good quality -> Grade_B,1788.31
B_L3L_10325633.jpg,"Tobacco leaves dataset (Virginia flue-cured, Tanzania)",https://dataverse.harvard.edu/api/access/datafile/10325633,L3L,Grade_B,960x1440,JPEG,CC0 1.0 Universal (public domain dedication),2026-08-05,10325633,62f7b6a48356ed8fea84139d2c5116cb,uyui_4482.jpg,quality digit 3 = Good quality -> Grade_B,1518.47
B_L3L_10326001.jpg,"Tobacco leaves dataset (Virginia flue-cured, Tanzania)",https://dataverse.harvard.edu/api/access/datafile/10326001,L3L,Grade_B,960x1440,JPEG,CC0 1.0 Universal (public domain dedication),2026-08-05,10326001,77716684e3349a4ee57b9da1a7fc4a40,uyui_4721.jpg,quality digit 3 = Good quality -> Grade_B,1868.29
B_L3L_10326268.jpg,"Tobacco leaves dataset (Virginia flue-cured, Tanzania)",https://dataverse.harvard.edu/api/access/datafile/10326268,L3L,Grade_B,960x1440,JPEG,CC0 1.0 Universal (public domain dedication),2026-08-05,10326268,e4c8f31267ee354e0978a490bd823fe5,uyui_8117.jpg,quality digit 3 = Good quality -> Grade_B,2083.48
B_L3L_10322945.jpg,"Tobacco leaves dataset (Virginia flue-cured, Tanzania)",https://dataverse.harvard.edu/api/access/datafile/10322945,L3L,Grade_B,960x1440,JPEG,CC0 1.0 Universal (public domain dedication),2026-08-05,10322945,e51005de29c9ef45ef52fe2916038735,manispaa_1369.jpg,quality digit 3 = Good quality -> Grade_B,2147.92
B_L3L_10326090.jpg,"Tobacco leaves dataset (Virginia flue-cured, Tanzania)",https://dataverse.harvard.edu/api/access/datafile/10326090,L3L,Grade_B,960x1440,JPEG,CC0 1.0 Universal (public domain dedication),2026-08-05,10326090,3a79b4d677f4b8011d54105446b77399,uyui_8472.jpg,quality digit 3 = Good quality -> Grade_B,3631.54
B_L3L_10323933.jpg,"Tobacco leaves dataset (Virginia flue-cured, Tanzania)",https://dataverse.harvard.edu/api/access/datafile/10323933,L3L,Grade_B,960x1440,JPEG,CC0 1.0 Universal (public domain dedication),2026-08-05,10323933,32976818d3e3c67fef74ed7c3f8a3c0c,manispaa_7857.jpg,quality digit 3 = Good quality -> Grade_B,1815.56
B_L3L_10323548.jpg,"Tobacco leaves dataset (Virginia flue-cured, Tanzania)",https://dataverse.harvard.edu/api/access/datafile/10323548,L3L,Grade_B,960x1440,JPEG,CC0 1.0 Universal (public domain dedication),2026-08-05,10323548,f27ca94136981f4bf4bee82d5d1fcf8b,manispaa_4269.jpg,quality digit 3 = Good quality -> Grade_B,3767.62
B_L3L_10323361.jpg,"Tobacco leaves dataset (Virginia flue-cured, Tanzania)",https://dataverse.harvard.edu/api/access/datafile/10323361,L3L,Grade_B,960x1440,JPEG,CC0 1.0 Universal (public domain dedication),2026-08-05,10323361,cec6ce3d5c5139b3c5488ecaad0eddec,manispaa_4567.jpg,quality digit 3 = Good quality -> Grade_B,4055.49
B_L3L_10322981.jpg,"Tobacco leaves dataset (Virginia flue-cured, Tanzania)",https://dataverse.harvard.edu/api/access/datafile/10322981,L3L,Grade_B,960x1440,JPEG,CC0 1.0 Universal (public domain dedication),2026-08-05,10322981,6f4d643acb108e70123eb5f613f8c921,manispaa_4249.jpg,quality digit 3 = Good quality -> Grade_B,4011.28
B_L3L_10319541.jpg,"Tobacco leaves dataset (Virginia flue-cured, Tanzania)",https://dataverse.harvard.edu/api/access/datafile/10319541,L3L,Grade_B,960x1440,JPEG,CC0 1.0 Universal (public domain dedication),2026-08-05,10319541,913e8604061e71a3ca1507d5ac6f3f7e,kaliua_3852.jpg,quality digit 3 = Good quality -> Grade_B,2666.88
B_L3L_10322297.jpg,"Tobacco leaves dataset (Virginia flue-cured, Tanzania)",https://dataverse.harvard.edu/api/access/datafile/10322297,L3L,Grade_B,960x1440,JPEG,CC0 1.0 Universal (public domain dedication),2026-08-05,10322297,b299409aa020f4b3a998f05af0b8b1d2,manispaa_13439.jpg,quality digit 3 = Good quality -> Grade_B,2917.79
B_L3L_10322704.jpg,"Tobacco leaves dataset (Virginia flue-cured, Tanzania)",https://dataverse.harvard.edu/api/access/datafile/10322704,L3L,Grade_B,960x1440,JPEG,CC0 1.0 Universal (public domain dedication),2026-08-05,10322704,2625f29cb0c1d3e41f6f23564b41e168,manispaa_4154.jpg,quality digit 3 = Good quality -> Grade_B,3774.14
B_L3L_10324889.jpg,"Tobacco leaves dataset (Virginia flue-cured, Tanzania)",https://dataverse.harvard.edu/api/access/datafile/10324889,L3L,Grade_B,960x1440,JPEG,CC0 1.0 Universal (public domain dedication),2026-08-05,10324889,9bb7b419adfe3ca8b434fe53f80df048,uyui_4383.jpg,quality digit 3 = Good quality -> Grade_B,2640.65
B_L3L_10323889.jpg,"Tobacco leaves dataset (Virginia flue-cured, Tanzania)",https://dataverse.harvard.edu/api/access/datafile/10323889,L3L,Grade_B,960x1440,JPEG,CC0 1.0 Universal (public domain dedication),2026-08-05,10323889,eef7938b8bb89eee348aa6a20bda3b90,manispaa_4692.jpg,quality digit 3 = Good quality -> Grade_B,2429.68
B_L3L_10320848.jpg,"Tobacco leaves dataset (Virginia flue-cured, Tanzania)",https://dataverse.harvard.edu/api/access/datafile/10320848,L3L,Grade_B,960x1440,JPEG,CC0 1.0 Universal (public domain dedication),2026-08-05,10320848,dd100fb5e0af0e2ddbb8d1e589cea01f,kaliua_9033.jpg,quality digit 3 = Good quality -> Grade_B,3414.91
B_L3L_10320484.jpg,"Tobacco leaves dataset (Virginia flue-cured, Tanzania)",https://dataverse.harvard.edu/api/access/datafile/10320484,L3L,Grade_B,960x1440,JPEG,CC0 1.0 Universal (public domain dedication),2026-08-05,10320484,b2e6648b4343e8928c94721869bf1cb9,kaliua_8956.jpg,quality digit 3 = Good quality -> Grade_B,2911.94
B_L3L_10325446.jpg,"Tobacco leaves dataset (Virginia flue-cured, Tanzania)",https://dataverse.harvard.edu/api/access/datafile/10325446,L3L,Grade_B,960x1440,JPEG,CC0 1.0 Universal (public domain dedication),2026-08-05,10325446,e86c6393b42b2d95945e75974d73156c,uyui_10477.jpg,quality digit 3 = Good quality -> Grade_B,2491.31
B_L3L_10321581.jpg,"Tobacco leaves dataset (Virginia flue-cured, Tanzania)",https://dataverse.harvard.edu/api/access/datafile/10321581,L3L,Grade_B,960x1440,JPEG,CC0 1.0 Universal (public domain dedication),2026-08-05,10321581,ad91a6bb316c229438bd6838f4ec5f3f,manispaa_10712.jpg,quality digit 3 = Good quality -> Grade_B,3026.82
B_L3L_10326227.jpg,"Tobacco leaves dataset (Virginia flue-cured, Tanzania)",https://dataverse.harvard.edu/api/access/datafile/10326227,L3L,Grade_B,960x1440,JPEG,CC0 1.0 Universal (public domain dedication),2026-08-05,10326227,e04f8f0ca1406595b2a8d01533d5f527,uyui_8530.jpg,quality digit 3 = Good quality -> Grade_B,3676.19
B_L3L_10323822.jpg,"Tobacco leaves dataset (Virginia flue-cured, Tanzania)",https://dataverse.harvard.edu/api/access/datafile/10323822,L3L,Grade_B,960x1440,JPEG,CC0 1.0 Universal (public domain dedication),2026-08-05,10323822,15856eb3a072771b1937da657a4b457e,manispaa_4707.jpg,quality digit 3 = Good quality -> Grade_B,2322.19
B_L3L_10322761.jpg,"Tobacco leaves dataset (Virginia flue-cured, Tanzania)",https://dataverse.harvard.edu/api/access/datafile/10322761,L3L,Grade_B,960x1440,JPEG,CC0 1.0 Universal (public domain dedication),2026-08-05,10322761,afc15de2ccff483704377f16b8eb29c8,manispaa_1518.jpg,quality digit 3 = Good quality -> Grade_B,3889.42
B_L3L_10322900.jpg,"Tobacco leaves dataset (Virginia flue-cured, Tanzania)",https://dataverse.harvard.edu/api/access/datafile/10322900,L3L,Grade_B,960x1440,JPEG,CC0 1.0 Universal (public domain dedication),2026-08-05,10322900,ce17d21373ff6dce52d491ccc5b985ed,manispaa_1392.jpg,quality digit 3 = Good quality -> Grade_B,2463.09
B_L3L_10319786.jpg,"Tobacco leaves dataset (Virginia flue-cured, Tanzania)",https://dataverse.harvard.edu/api/access/datafile/10319786,L3L,Grade_B,960x1440,JPEG,CC0 1.0 Universal (public domain dedication),2026-08-05,10319786,3cac1f3e6690636b073d29f54282ea73,kaliua_6843.jpg,quality digit 3 = Good quality -> Grade_B,3165.93
B_L3L_10320518.jpg,"Tobacco leaves dataset (Virginia flue-cured, Tanzania)",https://dataverse.harvard.edu/api/access/datafile/10320518,L3L,Grade_B,960x1440,JPEG,CC0 1.0 Universal (public domain dedication),2026-08-05,10320518,46b5d7d64671b658edc995835c8b7162,kaliua_823.jpg,quality digit 3 = Good quality -> Grade_B,3378.31
B_L3L_10324295.jpg,"Tobacco leaves dataset (Virginia flue-cured, Tanzania)",https://dataverse.harvard.edu/api/access/datafile/10324295,L3L,Grade_B,960x1440,JPEG,CC0 1.0 Universal (public domain dedication),2026-08-05,10324295,74c557426b69b293b37bd2588e71235a,urambo_4581.jpg,quality digit 3 = Good quality -> Grade_B,3446.95
B_L3L_10325010.jpg,"Tobacco leaves dataset (Virginia flue-cured, Tanzania)",https://dataverse.harvard.edu/api/access/datafile/10325010,L3L,Grade_B,960x1440,JPEG,CC0 1.0 Universal (public domain dedication),2026-08-05,10325010,b296c8da6868d8041456c82ac3bb1fe4,uyui_14339.jpg,quality digit 3 = Good quality -> Grade_B,2742.35
B_L3L_10326435.jpg,"Tobacco leaves dataset (Virginia flue-cured, Tanzania)",https://dataverse.harvard.edu/api/access/datafile/10326435,L3L,Grade_B,960x1440,JPEG,CC0 1.0 Universal (public domain dedication),2026-08-05,10326435,3bd4524fa7633deb892d1246d20ac148,uyui_4741.jpg,quality digit 3 = Good quality -> Grade_B,2012.85
B_L3L_10322907.jpg,"Tobacco leaves dataset (Virginia flue-cured, Tanzania)",https://dataverse.harvard.edu/api/access/datafile/10322907,L3L,Grade_B,960x1440,JPEG,CC0 1.0 Universal (public domain dedication),2026-08-05,10322907,40dab2691e7506500054e98ea5e8f5c7,manispaa_4172.jpg,quality digit 3 = Good quality -> Grade_B,3532.56
B_L3L_10320113.jpg,"Tobacco leaves dataset (Virginia flue-cured, Tanzania)",https://dataverse.harvard.edu/api/access/datafile/10320113,L3L,Grade_B,960x1440,JPEG,CC0 1.0 Universal (public domain dedication),2026-08-05,10320113,52cc9e69dcb51dd9e201e84862d44baa,kaliua_3950.jpg,quality digit 3 = Good quality -> Grade_B,2537.96
B_L3L_10320946.jpg,"Tobacco leaves dataset (Virginia flue-cured, Tanzania)",https://dataverse.harvard.edu/api/access/datafile/10320946,L3L,Grade_B,960x1440,JPEG,CC0 1.0 Universal (public domain dedication),2026-08-05,10320946,1b15b8fd56fcb2d3cee351c77f76fa61,kaliua_846.jpg,quality digit 3 = Good quality -> Grade_B,3036.4
B_L3L_10325057.jpg,"Tobacco leaves dataset (Virginia flue-cured, Tanzania)",https://dataverse.harvard.edu/api/access/datafile/10325057,L3L,Grade_B,960x1440,JPEG,CC0 1.0 Universal (public domain dedication),2026-08-05,10325057,39bf8732641a9b733427155f5c872d38,uyui_4414.jpg,quality digit 3 = Good quality -> Grade_B,3017.29
B_L3L_10321210.jpg,"Tobacco leaves dataset (Virginia flue-cured, Tanzania)",https://dataverse.harvard.edu/api/access/datafile/10321210,L3L,Grade_B,960x1440,JPEG,CC0 1.0 Universal (public domain dedication),2026-08-05,10321210,36a7b3e565ab3a49de87d0f31817fcd9,kaliua_6997.jpg,quality digit 3 = Good quality -> Grade_B,2371.07
B_L3L_10324290.jpg,"Tobacco leaves dataset (Virginia flue-cured, Tanzania)",https://dataverse.harvard.edu/api/access/datafile/10324290,L3L,Grade_B,960x1440,JPEG,CC0 1.0 Universal (public domain dedication),2026-08-05,10324290,6ba4e941391cafcb2b4cdd12469a8b00,urambo_2575.jpg,quality digit 3 = Good quality -> Grade_B,2795.98
B_L3L_10320734.jpg,"Tobacco leaves dataset (Virginia flue-cured, Tanzania)",https://dataverse.harvard.edu/api/access/datafile/10320734,L3L,Grade_B,960x1440,JPEG,CC0 1.0 Universal (public domain dedication),2026-08-05,10320734,f5c3a71c96a1ed998bf887ba87fc4be3,kaliua_880.jpg,quality digit 3 = Good quality -> Grade_B,3614.18
B_L3L_10321853.jpg,"Tobacco leaves dataset (Virginia flue-cured, Tanzania)",https://dataverse.harvard.edu/api/access/datafile/10321853,L3L,Grade_B,960x1440,JPEG,CC0 1.0 Universal (public domain dedication),2026-08-05,10321853,b202c90d2b50fe3279eeba22999c21a9,manispaa_13191.jpg,quality digit 3 = Good quality -> Grade_B,2701.25
B_L3L_10320078.jpg,"Tobacco leaves dataset (Virginia flue-cured, Tanzania)",https://dataverse.harvard.edu/api/access/datafile/10320078,L3L,Grade_B,960x1440,JPEG,CC0 1.0 Universal (public domain dedication),2026-08-05,10320078,c05cb5148e43fc8e694f92793a21fc52,kaliua_3882.jpg,quality digit 3 = Good quality -> Grade_B,1945.97
B_L3L_10325892.jpg,"Tobacco leaves dataset (Virginia flue-cured, Tanzania)",https://dataverse.harvard.edu/api/access/datafile/10325892,L3L,Grade_B,960x1440,JPEG,CC0 1.0 Universal (public domain dedication),2026-08-05,10325892,92f80063b06d31106c43e64c448bfcfe,uyui_8542.jpg,quality digit 3 = Good quality -> Grade_B,3738.34
B_L3L_10323820.jpg,"Tobacco leaves dataset (Virginia flue-cured, Tanzania)",https://dataverse.harvard.edu/api/access/datafile/10323820,L3L,Grade_B,960x1440,JPEG,CC0 1.0 Universal (public domain dedication),2026-08-05,10323820,2a3f74d48c8e5103f1361e934b3d579d,manispaa_4470.jpg,quality digit 3 = Good quality -> Grade_B,2976.85
B_L3L_10320083.jpg,"Tobacco leaves dataset (Virginia flue-cured, Tanzania)",https://dataverse.harvard.edu/api/access/datafile/10320083,L3L,Grade_B,960x1440,JPEG,CC0 1.0 Universal (public domain dedication),2026-08-05,10320083,6fee7c5e3df99989c1501ad511c78465,kaliua_6809.jpg,quality digit 3 = Good quality -> Grade_B,2358.23
B_L3L_10325257.jpg,"Tobacco leaves dataset (Virginia flue-cured, Tanzania)",https://dataverse.harvard.edu/api/access/datafile/10325257,L3L,Grade_B,960x1440,JPEG,CC0 1.0 Universal (public domain dedication),2026-08-05,10325257,66361ce1721de0dbb99d498c83094b78,uyui_4566.jpg,quality digit 3 = Good quality -> Grade_B,1726.64
B_L3L_10325771.jpg,"Tobacco leaves dataset (Virginia flue-cured, Tanzania)",https://dataverse.harvard.edu/api/access/datafile/10325771,L3L,Grade_B,960x1440,JPEG,CC0 1.0 Universal (public domain dedication),2026-08-05,10325771,5d7c331952b8b76e7755c7415992385b,uyui_4360.jpg,quality digit 3 = Good quality -> Grade_B,3045.23
B_L3L_10325044.jpg,"Tobacco leaves dataset (Virginia flue-cured, Tanzania)",https://dataverse.harvard.edu/api/access/datafile/10325044,L3L,Grade_B,960x1440,JPEG,CC0 1.0 Universal (public domain dedication),2026-08-05,10325044,9da0c8d646d91661780d173010030ed9,uyui_4270.jpg,quality digit 3 = Good quality -> Grade_B,2904.63
B_L3L_10323250.jpg,"Tobacco leaves dataset (Virginia flue-cured, Tanzania)",https://dataverse.harvard.edu/api/access/datafile/10323250,L3L,Grade_B,960x1440,JPEG,CC0 1.0 Universal (public domain dedication),2026-08-05,10323250,de95f6a897d03bdbfb3c21a4aa86e86e,manispaa_7953.jpg,quality digit 3 = Good quality -> Grade_B,2536.37
B_L3L_10325857.jpg,"Tobacco leaves dataset (Virginia flue-cured, Tanzania)",https://dataverse.harvard.edu/api/access/datafile/10325857,L3L,Grade_B,960x1440,JPEG,CC0 1.0 Universal (public domain dedication),2026-08-05,10325857,116a6c004898404407ce45b9ea1e2001,uyui_8178.jpg,quality digit 3 = Good quality -> Grade_B,2163.87
B_L3L_10321694.jpg,"Tobacco leaves dataset (Virginia flue-cured, Tanzania)",https://dataverse.harvard.edu/api/access/datafile/10321694,L3L,Grade_B,960x1440,JPEG,CC0 1.0 Universal (public domain dedication),2026-08-05,10321694,04b0a384c497345a23babce21cea6ec9,manispaa_10960.jpg,quality digit 3 = Good quality -> Grade_B,1969.85
B_L3L_10324870.jpg,"Tobacco leaves dataset (Virginia flue-cured, Tanzania)",https://dataverse.harvard.edu/api/access/datafile/10324870,L3L,Grade_B,960x1440,JPEG,CC0 1.0 Universal (public domain dedication),2026-08-05,10324870,e82658015848217a0d3e86c245fa89a3,urambo_4551.jpg,quality digit 3 = Good quality -> Grade_B,3431.1
B_L3L_10326527.jpg,"Tobacco leaves dataset (Virginia flue-cured, Tanzania)",https://dataverse.harvard.edu/api/access/datafile/10326527,L3L,Grade_B,960x1440,JPEG,CC0 1.0 Universal (public domain dedication),2026-08-05,10326527,472ca380971c33f801393711bd8fd97c,uyui_4722.jpg,quality digit 3 = Good quality -> Grade_B,2106.37
B_L3L_10319707.jpg,"Tobacco leaves dataset (Virginia flue-cured, Tanzania)",https://dataverse.harvard.edu/api/access/datafile/10319707,L3L,Grade_B,960x1440,JPEG,CC0 1.0 Universal (public domain dedication),2026-08-05,10319707,84ce928a41a1a0adee649955b32803ba,kaliua_6806.jpg,quality digit 3 = Good quality -> Grade_B,2045.41
B_L3L_10324108.jpg,"Tobacco leaves dataset (Virginia flue-cured, Tanzania)",https://dataverse.harvard.edu/api/access/datafile/10324108,L3L,Grade_B,960x1440,JPEG,CC0 1.0 Universal (public domain dedication),2026-08-05,10324108,20353f6f7a5d48b2f403e18b51b05024,urambo_2524.jpg,quality digit 3 = Good quality -> Grade_B,2568.52
B_L3L_10326392.jpg,"Tobacco leaves dataset (Virginia flue-cured, Tanzania)",https://dataverse.harvard.edu/api/access/datafile/10326392,L3L,Grade_B,960x1440,JPEG,CC0 1.0 Universal (public domain dedication),2026-08-05,10326392,118690542c51e1a2cf8f138ad7d9a179,uyui_8104.jpg,quality digit 3 = Good quality -> Grade_B,2442.88
B_L3L_10325938.jpg,"Tobacco leaves dataset (Virginia flue-cured, Tanzania)",https://dataverse.harvard.edu/api/access/datafile/10325938,L3L,Grade_B,960x1440,JPEG,CC0 1.0 Universal (public domain dedication),2026-08-05,10325938,09741de3f2e2aab6f76aea1f87c85467,uyui_4707.jpg,quality digit 3 = Good quality -> Grade_B,1644.2
B_L3L_10320512.jpg,"Tobacco leaves dataset (Virginia flue-cured, Tanzania)",https://dataverse.harvard.edu/api/access/datafile/10320512,L3L,Grade_B,960x1440,JPEG,CC0 1.0 Universal (public domain dedication),2026-08-05,10320512,bedc4190b18effba9aaaea616253e32e,kaliua_8955.jpg,quality digit 3 = Good quality -> Grade_B,3165.44
B_L3L_10324881.jpg,"Tobacco leaves dataset (Virginia flue-cured, Tanzania)",https://dataverse.harvard.edu/api/access/datafile/10324881,L3L,Grade_B,960x1440,JPEG,CC0 1.0 Universal (public domain dedication),2026-08-05,10324881,12a22085df9020f49fee8365f8a80db2,uyui_14328.jpg,quality digit 3 = Good quality -> Grade_B,2741.22
B_L3L_10321024.jpg,"Tobacco leaves dataset (Virginia flue-cured, Tanzania)",https://dataverse.harvard.edu/api/access/datafile/10321024,L3L,Grade_B,960x1440,JPEG,CC0 1.0 Universal (public domain dedication),2026-08-05,10321024,f47f751f443c2c80fea348e44e91f608,kaliua_891.jpg,quality digit 3 = Good quality -> Grade_B,3323.79
B_L3L_10320666.jpg,"Tobacco leaves dataset (Virginia flue-cured, Tanzania)",https://dataverse.harvard.edu/api/access/datafile/10320666,L3L,Grade_B,960x1440,JPEG,CC0 1.0 Universal (public domain dedication),2026-08-05,10320666,5e83bcab03fe40700aae6c5c3879356d,kaliua_900.jpg,quality digit 3 = Good quality -> Grade_B,3563.05
B_L3L_10321946.jpg,"Tobacco leaves dataset (Virginia flue-cured, Tanzania)",https://dataverse.harvard.edu/api/access/datafile/10321946,L3L,Grade_B,960x1440,JPEG,CC0 1.0 Universal (public domain dedication),2026-08-05,10321946,7e267337d777d03c220d465f69354f37,manispaa_10570.jpg,quality digit 3 = Good quality -> Grade_B,2575.73
B_L3L_10320269.jpg,"Tobacco leaves dataset (Virginia flue-cured, Tanzania)",https://dataverse.harvard.edu/api/access/datafile/10320269,L3L,Grade_B,960x1440,JPEG,CC0 1.0 Universal (public domain dedication),2026-08-05,10320269,8803c39ea35f8ce4355bc62dfc0cea4c,kaliua_4126.jpg,quality digit 3 = Good quality -> Grade_B,1587.43
B_L3L_10319557.jpg,"Tobacco leaves dataset (Virginia flue-cured, Tanzania)",https://dataverse.harvard.edu/api/access/datafile/10319557,L3L,Grade_B,960x1440,JPEG,CC0 1.0 Universal (public domain dedication),2026-08-05,10319557,b282a8668d7ab2c00f65afd2a7bd44b9,kaliua_4216.jpg,quality digit 3 = Good quality -> Grade_B,2625.57
B_L3L_10324274.jpg,"Tobacco leaves dataset (Virginia flue-cured, Tanzania)",https://dataverse.harvard.edu/api/access/datafile/10324274,L3L,Grade_B,960x1440,JPEG,CC0 1.0 Universal (public domain dedication),2026-08-05,10324274,b5273701b6283443443e2e433760a5d2,urambo_2143.jpg,quality digit 3 = Good quality -> Grade_B,2787.32
B_L3L_10319718.jpg,"Tobacco leaves dataset (Virginia flue-cured, Tanzania)",https://dataverse.harvard.edu/api/access/datafile/10319718,L3L,Grade_B,960x1440,JPEG,CC0 1.0 Universal (public domain dedication),2026-08-05,10319718,5772528103817857f2e315add49676eb,kaliua_6917.jpg,quality digit 3 = Good quality -> Grade_B,3573.93
B_L3L_10323684.jpg,"Tobacco leaves dataset (Virginia flue-cured, Tanzania)",https://dataverse.harvard.edu/api/access/datafile/10323684,L3L,Grade_B,960x1440,JPEG,CC0 1.0 Universal (public domain dedication),2026-08-05,10323684,5401d78d795428c825296fa758e3df5e,manispaa_4715.jpg,quality digit 3 = Good quality -> Grade_B,2445.19
B_L3L_10323706.jpg,"Tobacco leaves dataset (Virginia flue-cured, Tanzania)",https://dataverse.harvard.edu/api/access/datafile/10323706,L3L,Grade_B,960x1440,JPEG,CC0 1.0 Universal (public domain dedication),2026-08-05,10323706,6eb2a12adf821d879d4ba6b1cf4fac35,manispaa_8082.jpg,quality digit 3 = Good quality -> Grade_B,2797.55
B_L3L_10324254.jpg,"Tobacco leaves dataset (Virginia flue-cured, Tanzania)",https://dataverse.harvard.edu/api/access/datafile/10324254,L3L,Grade_B,960x1440,JPEG,CC0 1.0 Universal (public domain dedication),2026-08-05,10324254,0aaf1c8d303574099b557a61e210cab6,uyui_10257.jpg,quality digit 3 = Good quality -> Grade_B,2808.65
B_L3L_10324464.jpg,"Tobacco leaves dataset (Virginia flue-cured, Tanzania)",https://dataverse.harvard.edu/api/access/datafile/10324464,L3L,Grade_B,960x1440,JPEG,CC0 1.0 Universal (public domain dedication),2026-08-05,10324464,df1825cbd05a2f55285b985f0eb12cd0,urambo_2595.jpg,quality digit 3 = Good quality -> Grade_B,2728.92
B_L3L_10322233.jpg,"Tobacco leaves dataset (Virginia flue-cured, Tanzania)",https://dataverse.harvard.edu/api/access/datafile/10322233,L3L,Grade_B,960x1440,JPEG,CC0 1.0 Universal (public domain dedication),2026-08-05,10322233,b32e69dc997c838804836e1b3e13ad76,manispaa_4088.jpg,quality digit 3 = Good quality -> Grade_B,3466.58
B_L3L_10321878.jpg,"Tobacco leaves dataset (Virginia flue-cured, Tanzania)",https://dataverse.harvard.edu/api/access/datafile/10321878,L3L,Grade_B,960x1440,JPEG,CC0 1.0 Universal (public domain dedication),2026-08-05,10321878,3ded4fc4cc15de4b69d76936c0cdebc6,manispaa_1145.jpg,quality digit 3 = Good quality -> Grade_B,1959.36
B_L3L_10320889.jpg,"Tobacco leaves dataset (Virginia flue-cured, Tanzania)",https://dataverse.harvard.edu/api/access/datafile/10320889,L3L,Grade_B,960x1440,JPEG,CC0 1.0 Universal (public domain dedication),2026-08-05,10320889,19df968ebf322ea3f946e94ae7d3e751,kaliua_7238.jpg,quality digit 3 = Good quality -> Grade_B,3440.79
B_L3L_10324914.jpg,"Tobacco leaves dataset (Virginia flue-cured, Tanzania)",https://dataverse.harvard.edu/api/access/datafile/10324914,L3L,Grade_B,960x1440,JPEG,CC0 1.0 Universal (public domain dedication),2026-08-05,10324914,a0f4563e498251435e26b893a1af666f,uyui_4453.jpg,quality digit 3 = Good quality -> Grade_B,2667.47
B_L3L_10322100.jpg,"Tobacco leaves dataset (Virginia flue-cured, Tanzania)",https://dataverse.harvard.edu/api/access/datafile/10322100,L3L,Grade_B,960x1440,JPEG,CC0 1.0 Universal (public domain dedication),2026-08-05,10322100,8a9cddbaf0e01d50f42559ebacb9e24b,manispaa_1274.jpg,quality digit 3 = Good quality -> Grade_B,1625.65
B_L3L_10326180.jpg,"Tobacco leaves dataset (Virginia flue-cured, Tanzania)",https://dataverse.harvard.edu/api/access/datafile/10326180,L3L,Grade_B,960x1440,JPEG,CC0 1.0 Universal (public domain dedication),2026-08-05,10326180,3a275b8603475852f4a35fd97ddb1c74,uyui_8032.jpg,quality digit 3 = Good quality -> Grade_B,1896.52
B_L3L_10324304.jpg,"Tobacco leaves dataset (Virginia flue-cured, Tanzania)",https://dataverse.harvard.edu/api/access/datafile/10324304,L3L,Grade_B,960x1440,JPEG,CC0 1.0 Universal (public domain dedication),2026-08-05,10324304,be9ea3fb0ff918d57c41bae80cdca067,uyui_10425.jpg,quality digit 3 = Good quality -> Grade_B,2349.92
B_L3L_10321857.jpg,"Tobacco leaves dataset (Virginia flue-cured, Tanzania)",https://dataverse.harvard.edu/api/access/datafile/10321857,L3L,Grade_B,960x1440,JPEG,CC0 1.0 Universal (public domain dedication),2026-08-05,10321857,29098ad2c1ed1b41371ca165bf7fdb36,manispaa_13115.jpg,quality digit 3 = Good quality -> Grade_B,2547.83
B_L3L_10323939.jpg,"Tobacco leaves dataset (Virginia flue-cured, Tanzania)",https://dataverse.harvard.edu/api/access/datafile/10323939,L3L,Grade_B,960x1440,JPEG,CC0 1.0 Universal (public domain dedication),2026-08-05,10323939,8116401012950cc533fb397818806d7c,manispaa_8017.jpg,quality digit 3 = Good quality -> Grade_B,2291.64
B_L3L_10323057.jpg,"Tobacco leaves dataset (Virginia flue-cured, Tanzania)",https://dataverse.harvard.edu/api/access/datafile/10323057,L3L,Grade_B,960x1440,JPEG,CC0 1.0 Universal (public domain dedication),2026-08-05,10323057,7b5003328eccda00b41e84c45e92f415,manispaa_1651.jpg,quality digit 3 = Good quality -> Grade_B,2476.51
B_L3L_10319595.jpg,"Tobacco leaves dataset (Virginia flue-cured, Tanzania)",https://dataverse.harvard.edu/api/access/datafile/10319595,L3L,Grade_B,960x1440,JPEG,CC0 1.0 Universal (public domain dedication),2026-08-05,10319595,657c3084725888bdb834abed9d08e796,kaliua_6668.jpg,quality digit 3 = Good quality -> Grade_B,3300.59
B_L3L_10321405.jpg,"Tobacco leaves dataset (Virginia flue-cured, Tanzania)",https://dataverse.harvard.edu/api/access/datafile/10321405,L3L,Grade_B,960x1440,JPEG,CC0 1.0 Universal (public domain dedication),2026-08-05,10321405,d44225161528b27cac5354fd8c1a398d,manispaa_11147.jpg,quality digit 3 = Good quality -> Grade_B,2887.45
B_L3L_10320673.jpg,"Tobacco leaves dataset (Virginia flue-cured, Tanzania)",https://dataverse.harvard.edu/api/access/datafile/10320673,L3L,Grade_B,960x1440,JPEG,CC0 1.0 Universal (public domain dedication),2026-08-05,10320673,c62e7b70cc4d097546e4f5b5f3cccf49,kaliua_739.jpg,quality digit 3 = Good quality -> Grade_B,2912.5
B_L3L_10326326.jpg,"Tobacco leaves dataset (Virginia flue-cured, Tanzania)",https://dataverse.harvard.edu/api/access/datafile/10326326,L3L,Grade_B,960x1440,JPEG,CC0 1.0 Universal (public domain dedication),2026-08-05,10326326,96591fc6fd5263010d08b98167f744f9,uyui_8108.jpg,quality digit 3 = Good quality -> Grade_B,2309.47
B_L3L_10323144.jpg,"Tobacco leaves dataset (Virginia flue-cured, Tanzania)",https://dataverse.harvard.edu/api/access/datafile/10323144,L3L,Grade_B,960x1440,JPEG,CC0 1.0 Universal (public domain dedication),2026-08-05,10323144,45d4d2fe6490d6f1664f5f536f82c8a8,manispaa_7892.jpg,quality digit 3 = Good quality -> Grade_B,2047.35
B_L3L_10322841.jpg,"Tobacco leaves dataset (Virginia flue-cured, Tanzania)",https://dataverse.harvard.edu/api/access/datafile/10322841,L3L,Grade_B,960x1440,JPEG,CC0 1.0 Universal (public domain dedication),2026-08-05,10322841,8de257889da76a9a2c631853d24c502d,manispaa_1325.jpg,quality digit 3 = Good quality -> Grade_B,1727.88
B_L3L_10325913.jpg,"Tobacco leaves dataset (Virginia flue-cured, Tanzania)",https://dataverse.harvard.edu/api/access/datafile/10325913,L3L,Grade_B,960x1440,JPEG,CC0 1.0 Universal (public domain dedication),2026-08-05,10325913,49c6aed7a8ad14ca7d4935b25e0b3df2,uyui_8199.jpg,quality digit 3 = Good quality -> Grade_B,1840.51
B_L3L_10320627.jpg,"Tobacco leaves dataset (Virginia flue-cured, Tanzania)",https://dataverse.harvard.edu/api/access/datafile/10320627,L3L,Grade_B,960x1440,JPEG,CC0 1.0 Universal (public domain dedication),2026-08-05,10320627,46edd51b680605bebf5096050bd20443,kaliua_7015.jpg,quality digit 3 = Good quality -> Grade_B,2713.96
B_L3L_10326516.jpg,"Tobacco leaves dataset (Virginia flue-cured, Tanzania)",https://dataverse.harvard.edu/api/access/datafile/10326516,L3L,Grade_B,960x1440,JPEG,CC0 1.0 Universal (public domain dedication),2026-08-05,10326516,6e1000d937f75a82cf00528da2aa1c60,uyui_8103.jpg,quality digit 3 = Good quality -> Grade_B,2523.17
B_L3L_10320292.jpg,"Tobacco leaves dataset (Virginia flue-cured, Tanzania)",https://dataverse.harvard.edu/api/access/datafile/10320292,L3L,Grade_B,960x1440,JPEG,CC0 1.0 Universal (public domain dedication),2026-08-05,10320292,22d1dc3e8a7481f8d59d114262f5d223,kaliua_6649.jpg,quality digit 3 = Good quality -> Grade_B,3050.77
B_L3L_10325634.jpg,"Tobacco leaves dataset (Virginia flue-cured, Tanzania)",https://dataverse.harvard.edu/api/access/datafile/10325634,L3L,Grade_B,960x1440,JPEG,CC0 1.0 Universal (public domain dedication),2026-08-05,10325634,725077b7219f9811875e3af41f922568,uyui_4567.jpg,quality digit 3 = Good quality -> Grade_B,1778.43
B_L3L_10322580.jpg,"Tobacco leaves dataset (Virginia flue-cured, Tanzania)",https://dataverse.harvard.edu/api/access/datafile/10322580,L3L,Grade_B,960x1440,JPEG,CC0 1.0 Universal (public domain dedication),2026-08-05,10322580,72b298887143f294231e5bcccc12a264,manispaa_13297.jpg,quality digit 3 = Good quality -> Grade_B,2511.99
B_L3O_10354243.jpg,"Tobacco leaves dataset (Virginia flue-cured, Tanzania)",https://dataverse.harvard.edu/api/access/datafile/10354243,L3O,Grade_B,960x1440,JPEG,CC0 1.0 Universal (public domain dedication),2026-08-05,10354243,a048011af511a36659739d2a357dce65,uyui_1503.jpg,quality digit 3 = Good quality -> Grade_B,1811.11
B_L3O_10351261.jpg,"Tobacco leaves dataset (Virginia flue-cured, Tanzania)",https://dataverse.harvard.edu/api/access/datafile/10351261,L3O,Grade_B,960x1440,JPEG,CC0 1.0 Universal (public domain dedication),2026-08-05,10351261,1959e8dbbaf363188ad48426f2bcf022,kaliua_7592.jpg,quality digit 3 = Good quality -> Grade_B,2613.64
B_L3O_10354127.jpg,"Tobacco leaves dataset (Virginia flue-cured, Tanzania)",https://dataverse.harvard.edu/api/access/datafile/10354127,L3O,Grade_B,960x1440,JPEG,CC0 1.0 Universal (public domain dedication),2026-08-05,10354127,c7d3b9f5ff3a59a12d664c40e1315f6e,uyui_5107.jpg,quality digit 3 = Good quality -> Grade_B,1987.73
B_L3O_10354180.jpg,"Tobacco leaves dataset (Virginia flue-cured, Tanzania)",https://dataverse.harvard.edu/api/access/datafile/10354180,L3O,Grade_B,960x1440,JPEG,CC0 1.0 Universal (public domain dedication),2026-08-05,10354180,94503df99b211a41fb1c13823a6fbd36,uyui_8689.jpg,quality digit 3 = Good quality -> Grade_B,1721.94
B_L3O_10350216.jpg,"Tobacco leaves dataset (Virginia flue-cured, Tanzania)",https://dataverse.harvard.edu/api/access/datafile/10350216,L3O,Grade_B,960x1440,JPEG,CC0 1.0 Universal (public domain dedication),2026-08-05,10350216,824d7ec4aa818dbe1e8bf59e7e236963,kaliua_7795.jpg,quality digit 3 = Good quality -> Grade_B,1769.14
B_L3O_10353412.jpg,"Tobacco leaves dataset (Virginia flue-cured, Tanzania)",https://dataverse.harvard.edu/api/access/datafile/10353412,L3O,Grade_B,960x1440,JPEG,CC0 1.0 Universal (public domain dedication),2026-08-05,10353412,daf11eefef4c35320061bf53467e098e,uyui_14662.jpg,quality digit 3 = Good quality -> Grade_B,3122.75
B_L3O_10353944.jpg,"Tobacco leaves dataset (Virginia flue-cured, Tanzania)",https://dataverse.harvard.edu/api/access/datafile/10353944,L3O,Grade_B,960x1440,JPEG,CC0 1.0 Universal (public domain dedication),2026-08-05,10353944,36218ff0cc802e24daf39cd609d8101d,uyui_11005.jpg,quality digit 3 = Good quality -> Grade_B,2383.73
B_L3O_10354551.jpg,"Tobacco leaves dataset (Virginia flue-cured, Tanzania)",https://dataverse.harvard.edu/api/access/datafile/10354551,L3O,Grade_B,960x1440,JPEG,CC0 1.0 Universal (public domain dedication),2026-08-05,10354551,bb68731bb94399fcabb042970dcb9aec,uyui_4954.jpg,quality digit 3 = Good quality -> Grade_B,1764.11
B_L3O_10353131.jpg,"Tobacco leaves dataset (Virginia flue-cured, Tanzania)",https://dataverse.harvard.edu/api/access/datafile/10353131,L3O,Grade_B,960x1440,JPEG,CC0 1.0 Universal (public domain dedication),2026-08-05,10353131,f99911cc243fe7e391ba71f3b649581d,uyui_11147.jpg,quality digit 3 = Good quality -> Grade_B,2792.64
B_L3O_10353865.jpg,"Tobacco leaves dataset (Virginia flue-cured, Tanzania)",https://dataverse.harvard.edu/api/access/datafile/10353865,L3O,Grade_B,960x1440,JPEG,CC0 1.0 Universal (public domain dedication),2026-08-05,10353865,de7e9647106055de1d6b02f7ef078696,uyui_14613.jpg,quality digit 3 = Good quality -> Grade_B,2774.0
B_L3O_10350023.jpg,"Tobacco leaves dataset (Virginia flue-cured, Tanzania)",https://dataverse.harvard.edu/api/access/datafile/10350023,L3O,Grade_B,960x1440,JPEG,CC0 1.0 Universal (public domain dedication),2026-08-05,10350023,dc1e53bf3a484d2d7abc1543c90ef9c5,manispaa_1768.jpg,quality digit 3 = Good quality -> Grade_B,2101.64
B_L3O_10354869.jpg,"Tobacco leaves dataset (Virginia flue-cured, Tanzania)",https://dataverse.harvard.edu/api/access/datafile/10354869,L3O,Grade_B,960x1440,JPEG,CC0 1.0 Universal (public domain dedication),2026-08-05,10354869,3dcb803721e25138dac64ae2f9636f46,uyui_5063.jpg,quality digit 3 = Good quality -> Grade_B,2327.27
B_L3O_10351641.jpg,"Tobacco leaves dataset (Virginia flue-cured, Tanzania)",https://dataverse.harvard.edu/api/access/datafile/10351641,L3O,Grade_B,960x1440,JPEG,CC0 1.0 Universal (public domain dedication),2026-08-05,10351641,4a38180dcc092f7ea94db704f29a877a,manispaa_8231.jpg,quality digit 3 = Good quality -> Grade_B,2567.48
B_L3O_10351758.jpg,"Tobacco leaves dataset (Virginia flue-cured, Tanzania)",https://dataverse.harvard.edu/api/access/datafile/10351758,L3O,Grade_B,960x1440,JPEG,CC0 1.0 Universal (public domain dedication),2026-08-05,10351758,248f39f512d7e84abc48b3965baf86b1,manispaa_2064.jpg,quality digit 3 = Good quality -> Grade_B,2515.83
B_L3O_10350596.jpg,"Tobacco leaves dataset (Virginia flue-cured, Tanzania)",https://dataverse.harvard.edu/api/access/datafile/10350596,L3O,Grade_B,960x1440,JPEG,CC0 1.0 Universal (public domain dedication),2026-08-05,10350596,eea6a9afc4438154d0ff5996f24d0eaa,kaliua_7572.jpg,quality digit 3 = Good quality -> Grade_B,2447.31
B_L3O_10354903.jpg,"Tobacco leaves dataset (Virginia flue-cured, Tanzania)",https://dataverse.harvard.edu/api/access/datafile/10354903,L3O,Grade_B,960x1440,JPEG,CC0 1.0 Universal (public domain dedication),2026-08-05,10354903,85b01b9627de34aeb4970d25ffc349df,uyui_1648.jpg,quality digit 3 = Good quality -> Grade_B,2555.62
B_L3O_10350650.jpg,"Tobacco leaves dataset (Virginia flue-cured, Tanzania)",https://dataverse.harvard.edu/api/access/datafile/10350650,L3O,Grade_B,960x1440,JPEG,CC0 1.0 Universal (public domain dedication),2026-08-05,10350650,8b8196d7abd495923b8c4348d78fc517,kaliua_4291.jpg,quality digit 3 = Good quality -> Grade_B,2519.17
B_L3O_10350402.jpg,"Tobacco leaves dataset (Virginia flue-cured, Tanzania)",https://dataverse.harvard.edu/api/access/datafile/10350402,L3O,Grade_B,960x1440,JPEG,CC0 1.0 Universal (public domain dedication),2026-08-05,10350402,3ec73e895fdd28bab34f77f3dbe88b64,manispaa_11376.jpg,quality digit 3 = Good quality -> Grade_B,2727.86
B_L3O_10352856.jpg,"Tobacco leaves dataset (Virginia flue-cured, Tanzania)",https://dataverse.harvard.edu/api/access/datafile/10352856,L3O,Grade_B,960x1440,JPEG,CC0 1.0 Universal (public domain dedication),2026-08-05,10352856,050118e7dde0f3f2686d02d2aa9210be,urambo_2821.jpg,quality digit 3 = Good quality -> Grade_B,3399.09
B_L3O_10351959.jpg,"Tobacco leaves dataset (Virginia flue-cured, Tanzania)",https://dataverse.harvard.edu/api/access/datafile/10351959,L3O,Grade_B,960x1440,JPEG,CC0 1.0 Universal (public domain dedication),2026-08-05,10351959,03e2bb30dac7d21d48a68f07e584e40d,manispaa_8531.jpg,quality digit 3 = Good quality -> Grade_B,2181.58
B_L3O_10353329.jpg,"Tobacco leaves dataset (Virginia flue-cured, Tanzania)",https://dataverse.harvard.edu/api/access/datafile/10353329,L3O,Grade_B,960x1440,JPEG,CC0 1.0 Universal (public domain dedication),2026-08-05,10353329,4edafab806853bf75b2d8522260473bd,uyui_14546.jpg,quality digit 3 = Good quality -> Grade_B,2652.73
B_L3O_10350905.jpg,"Tobacco leaves dataset (Virginia flue-cured, Tanzania)",https://dataverse.harvard.edu/api/access/datafile/10350905,L3O,Grade_B,960x1440,JPEG,CC0 1.0 Universal (public domain dedication),2026-08-05,10350905,65a00ea82b5b399dae17df01ea326e4a,kaliua_11912.jpg,quality digit 3 = Good quality -> Grade_B,2584.12
B_L3O_10350156.jpg,"Tobacco leaves dataset (Virginia flue-cured, Tanzania)",https://dataverse.harvard.edu/api/access/datafile/10350156,L3O,Grade_B,960x1440,JPEG,CC0 1.0 Universal (public domain dedication),2026-08-05,10350156,5136a7e1b5a9f54b188bbb0c3911e38e,manispaa_1740.jpg,quality digit 3 = Good quality -> Grade_B,2237.23
B_L3O_10354294.jpg,"Tobacco leaves dataset (Virginia flue-cured, Tanzania)",https://dataverse.harvard.edu/api/access/datafile/10354294,L3O,Grade_B,960x1440,JPEG,CC0 1.0 Universal (public domain dedication),2026-08-05,10354294,4366aedcf5943b60dc9be964bb7b126c,uyui_8678.jpg,quality digit 3 = Good quality -> Grade_B,2043.2
B_L3O_10353024.jpg,"Tobacco leaves dataset (Virginia flue-cured, Tanzania)",https://dataverse.harvard.edu/api/access/datafile/10353024,L3O,Grade_B,960x1440,JPEG,CC0 1.0 Universal (public domain dedication),2026-08-05,10353024,3549d989ebebf49fa288737b050df88c,urambo_2936.jpg,quality digit 3 = Good quality -> Grade_B,2378.2
B_L3O_10351894.jpg,"Tobacco leaves dataset (Virginia flue-cured, Tanzania)",https://dataverse.harvard.edu/api/access/datafile/10351894,L3O,Grade_B,960x1440,JPEG,CC0 1.0 Universal (public domain dedication),2026-08-05,10351894,9a49b6471fe1b2be070c0ed76d0d00ba,manispaa_2197.jpg,quality digit 3 = Good quality -> Grade_B,2863.44
B_L3O_10351833.jpg,"Tobacco leaves dataset (Virginia flue-cured, Tanzania)",https://dataverse.harvard.edu/api/access/datafile/10351833,L3O,Grade_B,960x1440,JPEG,CC0 1.0 Universal (public domain dedication),2026-08-05,10351833,43eb817bb5bc595b44fcffc52a61ec2e,manispaa_8287.jpg,quality digit 3 = Good quality -> Grade_B,2755.38
B_L3O_10350433.jpg,"Tobacco leaves dataset (Virginia flue-cured, Tanzania)",https://dataverse.harvard.edu/api/access/datafile/10350433,L3O,Grade_B,960x1440,JPEG,CC0 1.0 Universal (public domain dedication),2026-08-05,10350433,55ed2ec6f5ef9d3357630946c912e3db,kaliua_7695.jpg,quality digit 3 = Good quality -> Grade_B,2271.54
B_L3O_10349917.jpg,"Tobacco leaves dataset (Virginia flue-cured, Tanzania)",https://dataverse.harvard.edu/api/access/datafile/10349917,L3O,Grade_B,960x1440,JPEG,CC0 1.0 Universal (public domain dedication),2026-08-05,10349917,9553f2d6d47db55ecf36200e58efa3c5,manispaa_11265.jpg,quality digit 3 = Good quality -> Grade_B,2643.32
B_L3O_10350510.jpg,"Tobacco leaves dataset (Virginia flue-cured, Tanzania)",https://dataverse.harvard.edu/api/access/datafile/10350510,L3O,Grade_B,960x1440,JPEG,CC0 1.0 Universal (public domain dedication),2026-08-05,10350510,0c7444e9f79ce98833e7fb0baf01c50a,kaliua_7347.jpg,quality digit 3 = Good quality -> Grade_B,2712.52
B_L3O_10350032.jpg,"Tobacco leaves dataset (Virginia flue-cured, Tanzania)",https://dataverse.harvard.edu/api/access/datafile/10350032,L3O,Grade_B,960x1440,JPEG,CC0 1.0 Universal (public domain dedication),2026-08-05,10350032,1eb9d949d0f7b1f8365bba9fc85be09f,manispaa_11183.jpg,quality digit 3 = Good quality -> Grade_B,2326.16
B_L3O_10353063.jpg,"Tobacco leaves dataset (Virginia flue-cured, Tanzania)",https://dataverse.harvard.edu/api/access/datafile/10353063,L3O,Grade_B,960x1440,JPEG,CC0 1.0 Universal (public domain dedication),2026-08-05,10353063,dbb0539f5b7d75a9dc1bcc0b1664faf0,urambo_5907.jpg,quality digit 3 = Good quality -> Grade_B,4489.96
B_L3O_10354948.jpg,"Tobacco leaves dataset (Virginia flue-cured, Tanzania)",https://dataverse.harvard.edu/api/access/datafile/10354948,L3O,Grade_B,960x1440,JPEG,CC0 1.0 Universal (public domain dedication),2026-08-05,10354948,fe83b9c52b1e3e6a1ba34555dfd77480,uyui_8909.jpg,quality digit 3 = Good quality -> Grade_B,3241.04
B_L3O_10350418.jpg,"Tobacco leaves dataset (Virginia flue-cured, Tanzania)",https://dataverse.harvard.edu/api/access/datafile/10350418,L3O,Grade_B,960x1440,JPEG,CC0 1.0 Universal (public domain dedication),2026-08-05,10350418,130a65a2476f16800ebc3527a8d04d5d,manispaa_1813.jpg,quality digit 3 = Good quality -> Grade_B,2240.41
B_L3O_10350901.jpg,"Tobacco leaves dataset (Virginia flue-cured, Tanzania)",https://dataverse.harvard.edu/api/access/datafile/10350901,L3O,Grade_B,960x1440,JPEG,CC0 1.0 Universal (public domain dedication),2026-08-05,10350901,a90e37eb9a19f0ad0ee2c0d0c15c9999,kaliua_1177.jpg,quality digit 3 = Good quality -> Grade_B,3385.34
B_L3O_10351415.jpg,"Tobacco leaves dataset (Virginia flue-cured, Tanzania)",https://dataverse.harvard.edu/api/access/datafile/10351415,L3O,Grade_B,960x1440,JPEG,CC0 1.0 Universal (public domain dedication),2026-08-05,10351415,0848d23e0ee99a95ccd3c78f3ce12431,manispaa_2216.jpg,quality digit 3 = Good quality -> Grade_B,2792.64
B_L3O_10353346.jpg,"Tobacco leaves dataset (Virginia flue-cured, Tanzania)",https://dataverse.harvard.edu/api/access/datafile/10353346,L3O,Grade_B,960x1440,JPEG,CC0 1.0 Universal (public domain dedication),2026-08-05,10353346,ee46d34e409d3e82ee0389d7be2797e0,uyui_11042.jpg,quality digit 3 = Good quality -> Grade_B,2776.46
B_L3O_10350280.jpg,"Tobacco leaves dataset (Virginia flue-cured, Tanzania)",https://dataverse.harvard.edu/api/access/datafile/10350280,L3O,Grade_B,960x1440,JPEG,CC0 1.0 Universal (public domain dedication),2026-08-05,10350280,3f0833a42722c5c1b29e8ba17147e6ba,kaliua_7768.jpg,quality digit 3 = Good quality -> Grade_B,1653.5
B_L3O_10352865.jpg,"Tobacco leaves dataset (Virginia flue-cured, Tanzania)",https://dataverse.harvard.edu/api/access/datafile/10352865,L3O,Grade_B,960x1440,JPEG,CC0 1.0 Universal (public domain dedication),2026-08-05,10352865,221722c7691d3662c5674f22e04fe0fc,urambo_2711.jpg,quality digit 3 = Good quality -> Grade_B,2743.85
B_L3O_10352324.jpg,"Tobacco leaves dataset (Virginia flue-cured, Tanzania)",https://dataverse.harvard.edu/api/access/datafile/10352324,L3O,Grade_B,960x1440,JPEG,CC0 1.0 Universal (public domain dedication),2026-08-05,10352324,5a83463c6adf31bc29e69928e2bf074d,urambo_2730.jpg,quality digit 3 = Good quality -> Grade_B,2648.32
B_L3O_10349793.jpg,"Tobacco leaves dataset (Virginia flue-cured, Tanzania)",https://dataverse.harvard.edu/api/access/datafile/10349793,L3O,Grade_B,960x1440,JPEG,CC0 1.0 Universal (public domain dedication),2026-08-05,10349793,d5104ba1986fa43aaf80eefc4a7784e9,manispaa_1773.jpg,quality digit 3 = Good quality -> Grade_B,2264.05
B_L3O_10353775.jpg,"Tobacco leaves dataset (Virginia flue-cured, Tanzania)",https://dataverse.harvard.edu/api/access/datafile/10353775,L3O,Grade_B,960x1440,JPEG,CC0 1.0 Universal (public domain dedication),2026-08-05,10353775,af8dd8e5a9d38ce52785de2c52a2c533,uyui_14664.jpg,quality digit 3 = Good quality -> Grade_B,2958.06
B_L3O_10354812.jpg,"Tobacco leaves dataset (Virginia flue-cured, Tanzania)",https://dataverse.harvard.edu/api/access/datafile/10354812,L3O,Grade_B,960x1440,JPEG,CC0 1.0 Universal (public domain dedication),2026-08-05,10354812,3d6a80ba2eeb745a4464ce70800007d5,uyui_4872.jpg,quality digit 3 = Good quality -> Grade_B,2721.13
B_L3O_10351353.jpg,"Tobacco leaves dataset (Virginia flue-cured, Tanzania)",https://dataverse.harvard.edu/api/access/datafile/10351353,L3O,Grade_B,960x1440,JPEG,CC0 1.0 Universal (public domain dedication),2026-08-05,10351353,0c09250a66225fc6bb60efad1d4c64d6,manispaa_8586.jpg,quality digit 3 = Good quality -> Grade_B,2393.89
B_L3O_10352079.jpg,"Tobacco leaves dataset (Virginia flue-cured, Tanzania)",https://dataverse.harvard.edu/api/access/datafile/10352079,L3O,Grade_B,960x1440,JPEG,CC0 1.0 Universal (public domain dedication),2026-08-05,10352079,b550e743e302b244f4a799982d7c945a,manispaa_8324.jpg,quality digit 3 = Good quality -> Grade_B,1766.78
B_L3O_10352216.jpg,"Tobacco leaves dataset (Virginia flue-cured, Tanzania)",https://dataverse.harvard.edu/api/access/datafile/10352216,L3O,Grade_B,960x1440,JPEG,CC0 1.0 Universal (public domain dedication),2026-08-05,10352216,100430745a494c2ad98a0f3dad7ca17a,manispaa_4784.jpg,quality digit 3 = Good quality -> Grade_B,1966.41
B_L3O_10351075.jpg,"Tobacco leaves dataset (Virginia flue-cured, Tanzania)",https://dataverse.harvard.edu/api/access/datafile/10351075,L3O,Grade_B,960x1440,JPEG,CC0 1.0 Universal (public domain dedication),2026-08-05,10351075,be2ab27dff6cea1fe9884f98f1985125,kaliua_1156.jpg,quality digit 3 = Good quality -> Grade_B,2791.57
B_L3O_10353507.jpg,"Tobacco leaves dataset (Virginia flue-cured, Tanzania)",https://dataverse.harvard.edu/api/access/datafile/10353507,L3O,Grade_B,960x1440,JPEG,CC0 1.0 Universal (public domain dedication),2026-08-05,10353507,868331f16ab639b8c753bd7ac158e8e0,uyui_14729.jpg,quality digit 3 = Good quality -> Grade_B,2649.27
B_L3O_10355030.jpg,"Tobacco leaves dataset (Virginia flue-cured, Tanzania)",https://dataverse.harvard.edu/api/access/datafile/10355030,L3O,Grade_B,960x1440,JPEG,CC0 1.0 Universal (public domain dedication),2026-08-05,10355030,0b894f9e16fad3f176ca54d7022ae10f,uyui_8910.jpg,quality digit 3 = Good quality -> Grade_B,3158.03
B_L3O_10349543.jpg,"Tobacco leaves dataset (Virginia flue-cured, Tanzania)",https://dataverse.harvard.edu/api/access/datafile/10349543,L3O,Grade_B,960x1440,JPEG,CC0 1.0 Universal (public domain dedication),2026-08-05,10349543,c56be1c9d402a411c01a14e5ce904373,manispaa_1788.jpg,quality digit 3 = Good quality -> Grade_B,2043.78
B_L3O_10350974.jpg,"Tobacco leaves dataset (Virginia flue-cured, Tanzania)",https://dataverse.harvard.edu/api/access/datafile/10350974,L3O,Grade_B,960x1440,JPEG,CC0 1.0 Universal (public domain dedication),2026-08-05,10350974,a7f2b4be8a0b75a9216d4221f3fcbdd3,kaliua_4298.jpg,quality digit 3 = Good quality -> Grade_B,2937.99
B_L3O_10349623.jpg,"Tobacco leaves dataset (Virginia flue-cured, Tanzania)",https://dataverse.harvard.edu/api/access/datafile/10349623,L3O,Grade_B,960x1440,JPEG,CC0 1.0 Universal (public domain dedication),2026-08-05,10349623,2716b2ec3550778107f4b1136914ad47,manispaa_11222.jpg,quality digit 3 = Good quality -> Grade_B,2431.89
B_L3O_10353591.jpg,"Tobacco leaves dataset (Virginia flue-cured, Tanzania)",https://dataverse.harvard.edu/api/access/datafile/10353591,L3O,Grade_B,960x1440,JPEG,CC0 1.0 Universal (public domain dedication),2026-08-05,10353591,451b80bc95c5e9b247a38901a421a23b,uyui_1432.jpg,quality digit 3 = Good quality -> Grade_B,1911.28
B_L3O_10353577.jpg,"Tobacco leaves dataset (Virginia flue-cured, Tanzania)",https://dataverse.harvard.edu/api/access/datafile/10353577,L3O,Grade_B,960x1440,JPEG,CC0 1.0 Universal (public domain dedication),2026-08-05,10353577,c221c9852d6258aa9a645ce2b947cc0a,uyui_14685.jpg,quality digit 3 = Good quality -> Grade_B,2460.37
B_L3O_10354981.jpg,"Tobacco leaves dataset (Virginia flue-cured, Tanzania)",https://dataverse.harvard.edu/api/access/datafile/10354981,L3O,Grade_B,960x1440,JPEG,CC0 1.0 Universal (public domain dedication),2026-08-05,10354981,b78f6a0f27df9deb7a1fecc7609414d6,uyui_8863.jpg,quality digit 3 = Good quality -> Grade_B,2746.0
B_L3O_10353031.jpg,"Tobacco leaves dataset (Virginia flue-cured, Tanzania)",https://dataverse.harvard.edu/api/access/datafile/10353031,L3O,Grade_B,960x1440,JPEG,CC0 1.0 Universal (public domain dedication),2026-08-05,10353031,6dfb079507e266aba7e5406586b814f5,uyui_10720.jpg,quality digit 3 = Good quality -> Grade_B,3260.69
B_L3O_10354267.jpg,"Tobacco leaves dataset (Virginia flue-cured, Tanzania)",https://dataverse.harvard.edu/api/access/datafile/10354267,L3O,Grade_B,960x1440,JPEG,CC0 1.0 Universal (public domain dedication),2026-08-05,10354267,36557c828a1c173d52fdcf717e609cb5,uyui_4755.jpg,quality digit 3 = Good quality -> Grade_B,2805.91
B_L3O_10352582.jpg,"Tobacco leaves dataset (Virginia flue-cured, Tanzania)",https://dataverse.harvard.edu/api/access/datafile/10352582,L3O,Grade_B,960x1440,JPEG,CC0 1.0 Universal (public domain dedication),2026-08-05,10352582,07cbf99d1eca6cb94ae9aa4af6a4182a,uyui_10709.jpg,quality digit 3 = Good quality -> Grade_B,3186.53
B_L3O_10351932.jpg,"Tobacco leaves dataset (Virginia flue-cured, Tanzania)",https://dataverse.harvard.edu/api/access/datafile/10351932,L3O,Grade_B,960x1440,JPEG,CC0 1.0 Universal (public domain dedication),2026-08-05,10351932,1c53b7fae7e8b43f69f43d12cc650f0c,manispaa_8267.jpg,quality digit 3 = Good quality -> Grade_B,2666.52
B_L3O_10349596.jpg,"Tobacco leaves dataset (Virginia flue-cured, Tanzania)",https://dataverse.harvard.edu/api/access/datafile/10349596,L3O,Grade_B,960x1440,JPEG,CC0 1.0 Universal (public domain dedication),2026-08-05,10349596,aa2647d2cea10176ffe494a414f02b6f,manispaa_13540.jpg,quality digit 3 = Good quality -> Grade_B,2557.73
B_L3O_10352486.jpg,"Tobacco leaves dataset (Virginia flue-cured, Tanzania)",https://dataverse.harvard.edu/api/access/datafile/10352486,L3O,Grade_B,960x1440,JPEG,CC0 1.0 Universal (public domain dedication),2026-08-05,10352486,66f2151c685778c065017217b0d10fc1,urambo_4664.jpg,quality digit 3 = Good quality -> Grade_B,3322.11
B_L3O_10353118.jpg,"Tobacco leaves dataset (Virginia flue-cured, Tanzania)",https://dataverse.harvard.edu/api/access/datafile/10353118,L3O,Grade_B,960x1440,JPEG,CC0 1.0 Universal (public domain dedication),2026-08-05,10353118,8b325a53799bb3935af4ed1d305c9d6b,uyui_14680.jpg,quality digit 3 = Good quality -> Grade_B,2569.51
B_L3O_10354684.jpg,"Tobacco leaves dataset (Virginia flue-cured, Tanzania)",https://dataverse.harvard.edu/api/access/datafile/10354684,L3O,Grade_B,960x1440,JPEG,CC0 1.0 Universal (public domain dedication),2026-08-05,10354684,7e030ba9f2216499c069f447f86be595,uyui_1778.jpg,quality digit 3 = Good quality -> Grade_B,2273.82
B_L3O_10350008.jpg,"Tobacco leaves dataset (Virginia flue-cured, Tanzania)",https://dataverse.harvard.edu/api/access/datafile/10350008,L3O,Grade_B,960x1440,JPEG,CC0 1.0 Universal (public domain dedication),2026-08-05,10350008,0987f1284d6aac13f9b869790c578b9f,kaliua_7752.jpg,quality digit 3 = Good quality -> Grade_B,2068.92
B_L3O_10353843.jpg,"Tobacco leaves dataset (Virginia flue-cured, Tanzania)",https://dataverse.harvard.edu/api/access/datafile/10353843,L3O,Grade_B,960x1440,JPEG,CC0 1.0 Universal (public domain dedication),2026-08-05,10353843,134d31937e47895940c59a1a11d9e34f,uyui_10949.jpg,quality digit 3 = Good quality -> Grade_B,2987.83
B_L3O_10353567.jpg,"Tobacco leaves dataset (Virginia flue-cured, Tanzania)",https://dataverse.harvard.edu/api/access/datafile/10353567,L3O,Grade_B,960x1440,JPEG,CC0 1.0 Universal (public domain dedication),2026-08-05,10353567,2134e3388fc16b9f1b36eab80b881dad,uyui_11059.jpg,quality digit 3 = Good quality -> Grade_B,2460.35
B_L3O_10353574.jpg,"Tobacco leaves dataset (Virginia flue-cured, Tanzania)",https://dataverse.harvard.edu/api/access/datafile/10353574,L3O,Grade_B,960x1440,JPEG,CC0 1.0 Universal (public domain dedication),2026-08-05,10353574,290bc1869d89dadcd1d0693402ca9134,uyui_14698.jpg,quality digit 3 = Good quality -> Grade_B,2720.75
B_L3O_10352516.jpg,"Tobacco leaves dataset (Virginia flue-cured, Tanzania)",https://dataverse.harvard.edu/api/access/datafile/10352516,L3O,Grade_B,960x1440,JPEG,CC0 1.0 Universal (public domain dedication),2026-08-05,10352516,cc875cea26e470513fb303356e3b82bd,uyui_10681.jpg,quality digit 3 = Good quality -> Grade_B,3392.14
B_L3O_10351037.jpg,"Tobacco leaves dataset (Virginia flue-cured, Tanzania)",https://dataverse.harvard.edu/api/access/datafile/10351037,L3O,Grade_B,960x1440,JPEG,CC0 1.0 Universal (public domain dedication),2026-08-05,10351037,6d4e9135bee616a5b3b97eabbddb304b,kaliua_1079.jpg,quality digit 3 = Good quality -> Grade_B,3517.71
B_L3O_10354942.jpg,"Tobacco leaves dataset (Virginia flue-cured, Tanzania)",https://dataverse.harvard.edu/api/access/datafile/10354942,L3O,Grade_B,960x1440,JPEG,CC0 1.0 Universal (public domain dedication),2026-08-05,10354942,11d74179a52b3bb85b91addab3f4ba87,uyui_8885.jpg,quality digit 3 = Good quality -> Grade_B,3011.67
B_L3O_10350952.jpg,"Tobacco leaves dataset (Virginia flue-cured, Tanzania)",https://dataverse.harvard.edu/api/access/datafile/10350952,L3O,Grade_B,960x1440,JPEG,CC0 1.0 Universal (public domain dedication),2026-08-05,10350952,9219c6ff02dae73832181b5c5697fa81,kaliua_11929.jpg,quality digit 3 = Good quality -> Grade_B,2363.05
B_L3O_10352690.jpg,"Tobacco leaves dataset (Virginia flue-cured, Tanzania)",https://dataverse.harvard.edu/api/access/datafile/10352690,L3O,Grade_B,960x1440,JPEG,CC0 1.0 Universal (public domain dedication),2026-08-05,10352690,de4bbf1cdc56e9851d5f5d5147597f91,uyui_10853.jpg,quality digit 3 = Good quality -> Grade_B,3079.0
B_L3O_10350603.jpg,"Tobacco leaves dataset (Virginia flue-cured, Tanzania)",https://dataverse.harvard.edu/api/access/datafile/10350603,L3O,Grade_B,960x1440,JPEG,CC0 1.0 Universal (public domain dedication),2026-08-05,10350603,f68131b8749e7190c4af34532283e794,kaliua_7428.jpg,quality digit 3 = Good quality -> Grade_B,2439.45
B_L3O_10349832.jpg,"Tobacco leaves dataset (Virginia flue-cured, Tanzania)",https://dataverse.harvard.edu/api/access/datafile/10349832,L3O,Grade_B,960x1440,JPEG,CC0 1.0 Universal (public domain dedication),2026-08-05,10349832,5178daf1c2c40aff8a8fe10f0d33f9f7,kaliua_7691.jpg,quality digit 3 = Good quality -> Grade_B,2672.35
B_L3O_10354843.jpg,"Tobacco leaves dataset (Virginia flue-cured, Tanzania)",https://dataverse.harvard.edu/api/access/datafile/10354843,L3O,Grade_B,960x1440,JPEG,CC0 1.0 Universal (public domain dedication),2026-08-05,10354843,c75073c5e09dfb9d46b61fd7fd61be16,uyui_1516.jpg,quality digit 3 = Good quality -> Grade_B,1890.03
B_L3O_10350732.jpg,"Tobacco leaves dataset (Virginia flue-cured, Tanzania)",https://dataverse.harvard.edu/api/access/datafile/10350732,L3O,Grade_B,960x1440,JPEG,CC0 1.0 Universal (public domain dedication),2026-08-05,10350732,8237bba3e621b6aace83b138c5c7f687,kaliua_7595.jpg,quality digit 3 = Good quality -> Grade_B,2975.39
B_L3O_10353815.jpg,"Tobacco leaves dataset (Virginia flue-cured, Tanzania)",https://dataverse.harvard.edu/api/access/datafile/10353815,L3O,Grade_B,960x1440,JPEG,CC0 1.0 Universal (public domain dedication),2026-08-05,10353815,49f9ea1844899a6bff58d15df8cffeaf,uyui_10990.jpg,quality digit 3 = Good quality -> Grade_B,2739.08
B_L3O_10352359.jpg,"Tobacco leaves dataset (Virginia flue-cured, Tanzania)",https://dataverse.harvard.edu/api/access/datafile/10352359,L3O,Grade_B,960x1440,JPEG,CC0 1.0 Universal (public domain dedication),2026-08-05,10352359,55972be7fb175d5833afe6a34c26aa45,uyui_10754.jpg,quality digit 3 = Good quality -> Grade_B,2926.64
B_L3O_10351902.jpg,"Tobacco leaves dataset (Virginia flue-cured, Tanzania)",https://dataverse.harvard.edu/api/access/datafile/10351902,L3O,Grade_B,960x1440,JPEG,CC0 1.0 Universal (public domain dedication),2026-08-05,10351902,d68625e73645b787f8e521ba7267d313,manispaa_2235.jpg,quality digit 3 = Good quality -> Grade_B,2460.4
B_L3O_10350089.jpg,"Tobacco leaves dataset (Virginia flue-cured, Tanzania)",https://dataverse.harvard.edu/api/access/datafile/10350089,L3O,Grade_B,960x1440,JPEG,CC0 1.0 Universal (public domain dedication),2026-08-05,10350089,2fac7590364fc5cca16acf2cff711419,kaliua_7701.jpg,quality digit 3 = Good quality -> Grade_B,2860.59
B_L3O_10353709.jpg,"Tobacco leaves dataset (Virginia flue-cured, Tanzania)",https://dataverse.harvard.edu/api/access/datafile/10353709,L3O,Grade_B,960x1440,JPEG,CC0 1.0 Universal (public domain dedication),2026-08-05,10353709,e1618e0bffdef5d897ee52df3cd4d7a3,uyui_14675.jpg,quality digit 3 = Good quality -> Grade_B,2711.87
B_L3O_10351850.jpg,"Tobacco leaves dataset (Virginia flue-cured, Tanzania)",https://dataverse.harvard.edu/api/access/datafile/10351850,L3O,Grade_B,960x1440,JPEG,CC0 1.0 Universal (public domain dedication),2026-08-05,10351850,76ccecf229c0df1dbe69401eada34ea2,manispaa_2248.jpg,quality digit 3 = Good quality -> Grade_B,2739.29
B_L3O_10353027.jpg,"Tobacco leaves dataset (Virginia flue-cured, Tanzania)",https://dataverse.harvard.edu/api/access/datafile/10353027,L3O,Grade_B,960x1440,JPEG,CC0 1.0 Universal (public domain dedication),2026-08-05,10353027,b0ace490edf5f14e5a281c6a535fdc30,uyui_10839.jpg,quality digit 3 = Good quality -> Grade_B,3221.88
B_L3O_10351302.jpg,"Tobacco leaves dataset (Virginia flue-cured, Tanzania)",https://dataverse.harvard.edu/api/access/datafile/10351302,L3O,Grade_B,960x1440,JPEG,CC0 1.0 Universal (public domain dedication),2026-08-05,10351302,ac8f9ebf795baaa5b677bd5ad0a6fa78,kaliua_1179.jpg,quality digit 3 = Good quality -> Grade_B,2970.38
B_L3O_10353532.jpg,"Tobacco leaves dataset (Virginia flue-cured, Tanzania)",https://dataverse.harvard.edu/api/access/datafile/10353532,L3O,Grade_B,960x1440,JPEG,CC0 1.0 Universal (public domain dedication),2026-08-05,10353532,f3135f4be22523873f31fa124bb004d2,uyui_10909.jpg,quality digit 3 = Good quality -> Grade_B,2702.09
B_L3O_10350660.jpg,"Tobacco leaves dataset (Virginia flue-cured, Tanzania)",https://dataverse.harvard.edu/api/access/datafile/10350660,L3O,Grade_B,960x1440,JPEG,CC0 1.0 Universal (public domain dedication),2026-08-05,10350660,54e5d56c010e2c1b4121155d0b9dff59,kaliua_7358.jpg,quality digit 3 = Good quality -> Grade_B,3334.0
B_L3O_10350573.jpg,"Tobacco leaves dataset (Virginia flue-cured, Tanzania)",https://dataverse.harvard.edu/api/access/datafile/10350573,L3O,Grade_B,960x1440,JPEG,CC0 1.0 Universal (public domain dedication),2026-08-05,10350573,8b7d9a3fc57003dfffe9d89ef6cecde5,kaliua_7571.jpg,quality digit 3 = Good quality -> Grade_B,2666.77
B_L3O_10349719.jpg,"Tobacco leaves dataset (Virginia flue-cured, Tanzania)",https://dataverse.harvard.edu/api/access/datafile/10349719,L3O,Grade_B,960x1440,JPEG,CC0 1.0 Universal (public domain dedication),2026-08-05,10349719,cb951646b14177403d7b213b40f3fea3,manispaa_1809.jpg,quality digit 3 = Good quality -> Grade_B,1854.17
B_L3O_10352821.jpg,"Tobacco leaves dataset (Virginia flue-cured, Tanzania)",https://dataverse.harvard.edu/api/access/datafile/10352821,L3O,Grade_B,960x1440,JPEG,CC0 1.0 Universal (public domain dedication),2026-08-05,10352821,7046e50d0437b0687143779ab097aeda,uyui_10803.jpg,quality digit 3 = Good quality -> Grade_B,2934.98
B_L3O_10353133.jpg,"Tobacco leaves dataset (Virginia flue-cured, Tanzania)",https://dataverse.harvard.edu/api/access/datafile/10353133,L3O,Grade_B,960x1440,JPEG,CC0 1.0 Universal (public domain dedication),2026-08-05,10353133,1bf173f6e8c64393be073f07a19efa0f,uyui_1440.jpg,quality digit 3 = Good quality -> Grade_B,1642.7
B_L3O_10350629.jpg,"Tobacco leaves dataset (Virginia flue-cured, Tanzania)",https://dataverse.harvard.edu/api/access/datafile/10350629,L3O,Grade_B,960x1440,JPEG,CC0 1.0 Universal (public domain dedication),2026-08-05,10350629,f84a5f50aa223fd78cf99df48ff105b6,kaliua_11974.jpg,quality digit 3 = Good quality -> Grade_B,2810.33
B_L3O_10350949.jpg,"Tobacco leaves dataset (Virginia flue-cured, Tanzania)",https://dataverse.harvard.edu/api/access/datafile/10350949,L3O,Grade_B,960x1440,JPEG,CC0 1.0 Universal (public domain dedication),2026-08-05,10350949,611984835d696abf424421592bba03b1,kaliua_7586.jpg,quality digit 3 = Good quality -> Grade_B,2377.64
B_L3O_10351275.jpg,"Tobacco leaves dataset (Virginia flue-cured, Tanzania)",https://dataverse.harvard.edu/api/access/datafile/10351275,L3O,Grade_B,960x1440,JPEG,CC0 1.0 Universal (public domain dedication),2026-08-05,10351275,1725babc7d0df786e02ba2221cfb2a04,kaliua_11802.jpg,quality digit 3 = Good quality -> Grade_B,2490.0
B_L3O_10349856.jpg,"Tobacco leaves dataset (Virginia flue-cured, Tanzania)",https://dataverse.harvard.edu/api/access/datafile/10349856,L3O,Grade_B,960x1440,JPEG,CC0 1.0 Universal (public domain dedication),2026-08-05,10349856,5d4fef04c43bfd724963e705cdcd9f33,manispaa_11352.jpg,quality digit 3 = Good quality -> Grade_B,2897.42
B_L3O_10351057.jpg,"Tobacco leaves dataset (Virginia flue-cured, Tanzania)",https://dataverse.harvard.edu/api/access/datafile/10351057,L3O,Grade_B,960x1440,JPEG,CC0 1.0 Universal (public domain dedication),2026-08-05,10351057,619ae5574c1420e81646c38ce15db9c1,kaliua_1088.jpg,quality digit 3 = Good quality -> Grade_B,3732.51
B_L3O_10352240.jpg,"Tobacco leaves dataset (Virginia flue-cured, Tanzania)",https://dataverse.harvard.edu/api/access/datafile/10352240,L3O,Grade_B,960x1440,JPEG,CC0 1.0 Universal (public domain dedication),2026-08-05,10352240,dbaf3a80926a7f2e180004156270c55d,manispaa_2000.jpg,quality digit 3 = Good quality -> Grade_B,2555.66
B_L3O_10349784.jpg,"Tobacco leaves dataset (Virginia flue-cured, Tanzania)",https://dataverse.harvard.edu/api/access/datafile/10349784,L3O,Grade_B,960x1440,JPEG,CC0 1.0 Universal (public domain dedication),2026-08-05,10349784,6ae09adc10dd36d080b1af8b6f1a671d,kaliua_7764.jpg,quality digit 3 = Good quality -> Grade_B,2511.76
B_L3O_10353483.jpg,"Tobacco leaves dataset (Virginia flue-cured, Tanzania)",https://dataverse.harvard.edu/api/access/datafile/10353483,L3O,Grade_B,960x1440,JPEG,CC0 1.0 Universal (public domain dedication),2026-08-05,10353483,9f557105c43f94d876e2130c36cdbf07,uyui_14615.jpg,quality digit 3 = Good quality -> Grade_B,3169.99
B_L3O_10353286.jpg,"Tobacco leaves dataset (Virginia flue-cured, Tanzania)",https://dataverse.harvard.edu/api/access/datafile/10353286,L3O,Grade_B,960x1440,JPEG,CC0 1.0 Universal (public domain dedication),2026-08-05,10353286,39cba104aa8a2fda593d25e19e8fb585,uyui_11216.jpg,quality digit 3 = Good quality -> Grade_B,3272.13
B_L3O_10354096.jpg,"Tobacco leaves dataset (Virginia flue-cured, Tanzania)",https://dataverse.harvard.edu/api/access/datafile/10354096,L3O,Grade_B,960x1440,JPEG,CC0 1.0 Universal (public domain dedication),2026-08-05,10354096,5568ec6a69324ae4f4a7ac6a1e019d9f,uyui_4869.jpg,quality digit 3 = Good quality -> Grade_B,2725.41
B_L3O_10350389.jpg,"Tobacco leaves dataset (Virginia flue-cured, Tanzania)",https://dataverse.harvard.edu/api/access/datafile/10350389,L3O,Grade_B,960x1440,JPEG,CC0 1.0 Universal (public domain dedication),2026-08-05,10350389,6c9e91cc6e992bb7416c3e1dfd17db05,kaliua_7726.jpg,quality digit 3 = Good quality -> Grade_B,2456.41
B_L3O_10354055.jpg,"Tobacco leaves dataset (Virginia flue-cured, Tanzania)",https://dataverse.harvard.edu/api/access/datafile/10354055,L3O,Grade_B,960x1440,JPEG,CC0 1.0 Universal (public domain dedication),2026-08-05,10354055,b4ad6983b1883a2aad79828968266238,uyui_1759.jpg,quality digit 3 = Good quality -> Grade_B,2691.3
B_L3O_10352767.jpg,"Tobacco leaves dataset (Virginia flue-cured, Tanzania)",https://dataverse.harvard.edu/api/access/datafile/10352767,L3O,Grade_B,960x1440,JPEG,CC0 1.0 Universal (public domain dedication),2026-08-05,10352767,cf3eba475b417d2689fb895cd8c579c1,urambo_2830.jpg,quality digit 3 = Good quality -> Grade_B,3449.89
B_L3O_10353379.jpg,"Tobacco leaves dataset (Virginia flue-cured, Tanzania)",https://dataverse.harvard.edu/api/access/datafile/10353379,L3O,Grade_B,960x1440,JPEG,CC0 1.0 Universal (public domain dedication),2026-08-05,10353379,84a200e0f22e810f68f47132427aab06,uyui_11086.jpg,quality digit 3 = Good quality -> Grade_B,2337.43
B_L3O_10353511.jpg,"Tobacco leaves dataset (Virginia flue-cured, Tanzania)",https://dataverse.harvard.edu/api/access/datafile/10353511,L3O,Grade_B,960x1440,JPEG,CC0 1.0 Universal (public domain dedication),2026-08-05,10353511,1767097f2aa9b4a5189333ae50f2cb4e,uyui_14735.jpg,quality digit 3 = Good quality -> Grade_B,2756.55
B_L3O_10354166.jpg,"Tobacco leaves dataset (Virginia flue-cured, Tanzania)",https://dataverse.harvard.edu/api/access/datafile/10354166,L3O,Grade_B,960x1440,JPEG,CC0 1.0 Universal (public domain dedication),2026-08-05,10354166,35557a6b3416d577e9efdb048e405be8,uyui_4959.jpg,quality digit 3 = Good quality -> Grade_B,1700.12
B_L3O_10353233.jpg,"Tobacco leaves dataset (Virginia flue-cured, Tanzania)",https://dataverse.harvard.edu/api/access/datafile/10353233,L3O,Grade_B,960x1440,JPEG,CC0 1.0 Universal (public domain dedication),2026-08-05,10353233,b5db6d03a5eb66cfdc68b27d1b0d41a9,uyui_1473.jpg,quality digit 3 = Good quality -> Grade_B,1702.75
B_L3O_10350171.jpg,"Tobacco leaves dataset (Virginia flue-cured, Tanzania)",https://dataverse.harvard.edu/api/access/datafile/10350171,L3O,Grade_B,960x1440,JPEG,CC0 1.0 Universal (public domain dedication),2026-08-05,10350171,d7f36253ed075392795f49d1b421d354,manispaa_11174.jpg,quality digit 3 = Good quality -> Grade_B,2121.45
B_L3O_10350708.jpg,"Tobacco leaves dataset (Virginia flue-cured, Tanzania)",https://dataverse.harvard.edu/api/access/datafile/10350708,L3O,Grade_B,960x1440,JPEG,CC0 1.0 Universal (public domain dedication),2026-08-05,10350708,c1b045e6ca4c968df5392bc89e84de62,kaliua_11944.jpg,quality digit 3 = Good quality -> Grade_B,2705.63
B_L3O_10353477.jpg,"Tobacco leaves dataset (Virginia flue-cured, Tanzania)",https://dataverse.harvard.edu/api/access/datafile/10353477,L3O,Grade_B,960x1440,JPEG,CC0 1.0 Universal (public domain dedication),2026-08-05,10353477,857641c3231d7dbc2b0a34a12d1dc147,uyui_11110.jpg,quality digit 3 = Good quality -> Grade_B,3261.13
B_L3O_10350135.jpg,"Tobacco leaves dataset (Virginia flue-cured, Tanzania)",https://dataverse.harvard.edu/api/access/datafile/10350135,L3O,Grade_B,960x1440,JPEG,CC0 1.0 Universal (public domain dedication),2026-08-05,10350135,6137d45045046f9553eacc73a1f0604b,manispaa_11313.jpg,quality digit 3 = Good quality -> Grade_B,3154.92
B_L3O_10352820.jpg,"Tobacco leaves dataset (Virginia flue-cured, Tanzania)",https://dataverse.harvard.edu/api/access/datafile/10352820,L3O,Grade_B,960x1440,JPEG,CC0 1.0 Universal (public domain dedication),2026-08-05,10352820,12e4ef96b01fbe73931c2770ca9db170,urambo_2620.jpg,quality digit 3 = Good quality -> Grade_B,2449.85
B_L3O_10353651.jpg,"Tobacco leaves dataset (Virginia flue-cured, Tanzania)",https://dataverse.harvard.edu/api/access/datafile/10353651,L3O,Grade_B,960x1440,JPEG,CC0 1.0 Universal (public domain dedication),2026-08-05,10353651,42aaaa050579805a064f3316f63b6f6d,uyui_11251.jpg,quality digit 3 = Good quality -> Grade_B,3060.45
B_L3O_10351825.jpg,"Tobacco leaves dataset (Virginia flue-cured, Tanzania)",https://dataverse.harvard.edu/api/access/datafile/10351825,L3O,Grade_B,960x1440,JPEG,CC0 1.0 Universal (public domain dedication),2026-08-05,10351825,eefe0d4664683ef01bc35723a7290eed,manispaa_2232.jpg,quality digit 3 = Good quality -> Grade_B,2876.04
B_L3O_10349819.jpg,"Tobacco leaves dataset (Virginia flue-cured, Tanzania)",https://dataverse.harvard.edu/api/access/datafile/10349819,L3O,Grade_B,960x1440,JPEG,CC0 1.0 Universal (public domain dedication),2026-08-05,10349819,3ebdae21106973307f7b1a33304f9148,manispaa_1852.jpg,quality digit 3 = Good quality -> Grade_B,1622.18
B_L3O_10350046.jpg,"Tobacco leaves dataset (Virginia flue-cured, Tanzania)",https://dataverse.harvard.edu/api/access/datafile/10350046,L3O,Grade_B,960x1440,JPEG,CC0 1.0 Universal (public domain dedication),2026-08-05,10350046,9143cecd466753a716c2fe1b058902a0,manispaa_13543.jpg,quality digit 3 = Good quality -> Grade_B,2452.17
B_L3O_10352190.jpg,"Tobacco leaves dataset (Virginia flue-cured, Tanzania)",https://dataverse.harvard.edu/api/access/datafile/10352190,L3O,Grade_B,960x1440,JPEG,CC0 1.0 Universal (public domain dedication),2026-08-05,10352190,9568b73075d3d0b42f10128fd06f94c7,manispaa_8549.jpg,quality digit 3 = Good quality -> Grade_B,2254.14
B_L3O_10349593.jpg,"Tobacco leaves dataset (Virginia flue-cured, Tanzania)",https://dataverse.harvard.edu/api/access/datafile/10349593,L3O,Grade_B,960x1440,JPEG,CC0 1.0 Universal (public domain dedication),2026-08-05,10349593,8fac9e4ff0ebd293b599339d0b91f0e9,manispaa_1767.jpg,quality digit 3 = Good quality -> Grade_B,2068.76
B_L3O_10355049.jpg,"Tobacco leaves dataset (Virginia flue-cured, Tanzania)",https://dataverse.harvard.edu/api/access/datafile/10355049,L3O,Grade_B,960x1440,JPEG,CC0 1.0 Universal (public domain dedication),2026-08-05,10355049,7cf5cca857705323d90b2b5a975d533a,uyui_8905.jpg,quality digit 3 = Good quality -> Grade_B,3219.84
B_L3O_10354960.jpg,"Tobacco leaves dataset (Virginia flue-cured, Tanzania)",https://dataverse.harvard.edu/api/access/datafile/10354960,L3O,Grade_B,960x1440,JPEG,CC0 1.0 Universal (public domain dedication),2026-08-05,10354960,5c773dc3a0173a18bfaaac2cfcaf027a,uyui_8795.jpg,quality digit 3 = Good quality -> Grade_B,3291.68
B_L3O_10350941.jpg,"Tobacco leaves dataset (Virginia flue-cured, Tanzania)",https://dataverse.harvard.edu/api/access/datafile/10350941,L3O,Grade_B,960x1440,JPEG,CC0 1.0 Universal (public domain dedication),2026-08-05,10350941,12faf961d1b3eeb66d3e39b35060179a,kaliua_12004.jpg,quality digit 3 = Good quality -> Grade_B,2345.69
B_L3O_10353153.jpg,"Tobacco leaves dataset (Virginia flue-cured, Tanzania)",https://dataverse.harvard.edu/api/access/datafile/10353153,L3O,Grade_B,960x1440,JPEG,CC0 1.0 Universal (public domain dedication),2026-08-05,10353153,a8acbc9e8b9509b2e8956a2ec52602de,uyui_11069.jpg,quality digit 3 = Good quality -> Grade_B,2411.22
B_L3O_10352748.jpg,"Tobacco leaves dataset (Virginia flue-cured, Tanzania)",https://dataverse.harvard.edu/api/access/datafile/10352748,L3O,Grade_B,960x1440,JPEG,CC0 1.0 Universal (public domain dedication),2026-08-05,10352748,598150a191a8cd2b147d488834681dee,urambo_2895.jpg,quality digit 3 = Good quality -> Grade_B,3286.21
B_L3O_10351033.jpg,"Tobacco leaves dataset (Virginia flue-cured, Tanzania)",https://dataverse.harvard.edu/api/access/datafile/10351033,L3O,Grade_B,960x1440,JPEG,CC0 1.0 Universal (public domain dedication),2026-08-05,10351033,10feff276a3cea2594264bde2f28f652,kaliua_11980.jpg,quality digit 3 = Good quality -> Grade_B,3202.58
B_L3O_10353046.jpg,"Tobacco leaves dataset (Virginia flue-cured, Tanzania)",https://dataverse.harvard.edu/api/access/datafile/10353046,L3O,Grade_B,960x1440,JPEG,CC0 1.0 Universal (public domain dedication),2026-08-05,10353046,920d25934d231c19adb3307a0972b01a,urambo_5876.jpg,quality digit 3 = Good quality -> Grade_B,3830.29
B_L3O_10351744.jpg,"Tobacco leaves dataset (Virginia flue-cured, Tanzania)",https://dataverse.harvard.edu/api/access/datafile/10351744,L3O,Grade_B,960x1440,JPEG,CC0 1.0 Universal (public domain dedication),2026-08-05,10351744,f1b78f4c5ca94a3b48ad56bbc18983c1,manispaa_4772.jpg,quality digit 3 = Good quality -> Grade_B,2129.32
B_L3O_10354608.jpg,"Tobacco leaves dataset (Virginia flue-cured, Tanzania)",https://dataverse.harvard.edu/api/access/datafile/10354608,L3O,Grade_B,960x1440,JPEG,CC0 1.0 Universal (public domain dedication),2026-08-05,10354608,0b869365f3443542e04b1bb45b937179,uyui_1674.jpg,quality digit 3 = Good quality -> Grade_B,2913.35
B_L3O_10353179.jpg,"Tobacco leaves dataset (Virginia flue-cured, Tanzania)",https://dataverse.harvard.edu/api/access/datafile/10353179,L3O,Grade_B,960x1440,JPEG,CC0 1.0 Universal (public domain dedication),2026-08-05,10353179,36b1d1f8457441840a8b7fc7cefe8cfe,uyui_11007.jpg,quality digit 3 = Good quality -> Grade_B,2959.35
B_L3O_10353112.jpg,"Tobacco leaves dataset (Virginia flue-cured, Tanzania)",https://dataverse.harvard.edu/api/access/datafile/10353112,L3O,Grade_B,960x1440,JPEG,CC0 1.0 Universal (public domain dedication),2026-08-05,10353112,90a2d98fff022469a325b40c2135533b,uyui_11076.jpg,quality digit 3 = Good quality -> Grade_B,2723.12
B_L3O_10349758.jpg,"Tobacco leaves dataset (Virginia flue-cured, Tanzania)",https://dataverse.harvard.edu/api/access/datafile/10349758,L3O,Grade_B,960x1440,JPEG,CC0 1.0 Universal (public domain dedication),2026-08-05,10349758,67e10c4bd2def094c63c5c8cf34c66dd,kaliua_7711.jpg,quality digit 3 = Good quality -> Grade_B,2251.87
B_L3O_10353543.jpg,"Tobacco leaves dataset (Virginia flue-cured, Tanzania)",https://dataverse.harvard.edu/api/access/datafile/10353543,L3O,Grade_B,960x1440,JPEG,CC0 1.0 Universal (public domain dedication),2026-08-05,10353543,ae244d05d7e3e7f6ee52bfe9cdb150c2,uyui_14655.jpg,quality digit 3 = Good quality -> Grade_B,3398.06
B_L3O_10349941.jpg,"Tobacco leaves dataset (Virginia flue-cured, Tanzania)",https://dataverse.harvard.edu/api/access/datafile/10349941,L3O,Grade_B,960x1440,JPEG,CC0 1.0 Universal (public domain dedication),2026-08-05,10349941,aa461de22fa208c95433e86d891f45f7,kaliua_7739.jpg,quality digit 3 = Good quality -> Grade_B,1682.4
B_L3O_10354374.jpg,"Tobacco leaves dataset (Virginia flue-cured, Tanzania)",https://dataverse.harvard.edu/api/access/datafile/10354374,L3O,Grade_B,960x1440,JPEG,CC0 1.0 Universal (public domain dedication),2026-08-05,10354374,175eda8006b5226ac0b7431cb15c87a5,uyui_1762.jpg,quality digit 3 = Good quality -> Grade_B,2242.34
B_L3O_10350253.jpg,"Tobacco leaves dataset (Virginia flue-cured, Tanzania)",https://dataverse.harvard.edu/api/access/datafile/10350253,L3O,Grade_B,960x1440,JPEG,CC0 1.0 Universal (public domain dedication),2026-08-05,10350253,b016ea06b92e0bc50384698ff15ee978,manispaa_11387.jpg,quality digit 3 = Good quality -> Grade_B,2792.59
B_L3O_10350341.jpg,"Tobacco leaves dataset (Virginia flue-cured, Tanzania)",https://dataverse.harvard.edu/api/access/datafile/10350341,L3O,Grade_B,960x1440,JPEG,CC0 1.0 Universal (public domain dedication),2026-08-05,10350341,e9c0ee2adb84a3c9289ad28b0bd9d9b0,kaliua_7652.jpg,quality digit 3 = Good quality -> Grade_B,2236.3
B_L3O_10351173.jpg,"Tobacco leaves dataset (Virginia flue-cured, Tanzania)",https://dataverse.harvard.edu/api/access/datafile/10351173,L3O,Grade_B,960x1440,JPEG,CC0 1.0 Universal (public domain dedication),2026-08-05,10351173,46b543f186c7798aa84804fa5b0ab0fb,kaliua_11903.jpg,quality digit 3 = Good quality -> Grade_B,2498.52
B_L3O_10354900.jpg,"Tobacco leaves dataset (Virginia flue-cured, Tanzania)",https://dataverse.harvard.edu/api/access/datafile/10354900,L3O,Grade_B,960x1440,JPEG,CC0 1.0 Universal (public domain dedication),2026-08-05,10354900,a78a364b104d7d82da53e2f109df1544,uyui_1530.jpg,quality digit 3 = Good quality -> Grade_B,1745.15
B_L3O_10349985.jpg,"Tobacco leaves dataset (Virginia flue-cured, Tanzania)",https://dataverse.harvard.edu/api/access/datafile/10349985,L3O,Grade_B,960x1440,JPEG,CC0 1.0 Universal (public domain dedication),2026-08-05,10349985,31f2b25610701a4feff22e824fa8949f,kaliua_7712.jpg,quality digit 3 = Good quality -> Grade_B,2293.86
B_L3O_10354862.jpg,"Tobacco leaves dataset (Virginia flue-cured, Tanzania)",https://dataverse.harvard.edu/api/access/datafile/10354862,L3O,Grade_B,960x1440,JPEG,CC0 1.0 Universal (public domain dedication),2026-08-05,10354862,359fd59e00594041b8ca5409884b2ae6,uyui_1700.jpg,quality digit 3 = Good quality -> Grade_B,2533.0
B_L3O_10353625.jpg,"Tobacco leaves dataset (Virginia flue-cured, Tanzania)",https://dataverse.harvard.edu/api/access/datafile/10353625,L3O,Grade_B,960x1440,JPEG,CC0 1.0 Universal (public domain dedication),2026-08-05,10353625,b01ac87d78c93bdd3011bafc7544f277,uyui_14717.jpg,quality digit 3 = Good quality -> Grade_B,3288.33
B_L3O_10351449.jpg,"Tobacco leaves dataset (Virginia flue-cured, Tanzania)",https://dataverse.harvard.edu/api/access/datafile/10351449,L3O,Grade_B,960x1440,JPEG,CC0 1.0 Universal (public domain dedication),2026-08-05,10351449,2b357a9c43f49afeabb4d77a75fa46af,manispaa_8483.jpg,quality digit 3 = Good quality -> Grade_B,2886.91
B_L3O_10352962.jpg,"Tobacco leaves dataset (Virginia flue-cured, Tanzania)",https://dataverse.harvard.edu/api/access/datafile/10352962,L3O,Grade_B,960x1440,JPEG,CC0 1.0 Universal (public domain dedication),2026-08-05,10352962,20239d3515ea2ff150da3f7c649f27c6,urambo_5929.jpg,quality digit 3 = Good quality -> Grade_B,2710.01
B_L3O_10354118.jpg,"Tobacco leaves dataset (Virginia flue-cured, Tanzania)",https://dataverse.harvard.edu/api/access/datafile/10354118,L3O,Grade_B,960x1440,JPEG,CC0 1.0 Universal (public domain dedication),2026-08-05,10354118,5ddd8b99a83fc002d4f6f1c39173f066,uyui_1552.jpg,quality digit 3 = Good quality -> Grade_B,1808.54
B_L3O_10352360.jpg,"Tobacco leaves dataset (Virginia flue-cured, Tanzania)",https://dataverse.harvard.edu/api/access/datafile/10352360,L3O,Grade_B,960x1440,JPEG,CC0 1.0 Universal (public domain dedication),2026-08-05,10352360,824fee44a98755a8ddab1dc6478b89f8,uyui_10657.jpg,quality digit 3 = Good quality -> Grade_B,3072.73
B_L3O_10351998.jpg,"Tobacco leaves dataset (Virginia flue-cured, Tanzania)",https://dataverse.harvard.edu/api/access/datafile/10351998,L3O,Grade_B,960x1440,JPEG,CC0 1.0 Universal (public domain dedication),2026-08-05,10351998,79018011db7d55bae3063649dba3be5b,manispaa_2112.jpg,quality digit 3 = Good quality -> Grade_B,3073.13
B_L3O_10351545.jpg,"Tobacco leaves dataset (Virginia flue-cured, Tanzania)",https://dataverse.harvard.edu/api/access/datafile/10351545,L3O,Grade_B,960x1440,JPEG,CC0 1.0 Universal (public domain dedication),2026-08-05,10351545,126f0cf7df16f6a5f44763f652b14734,manispaa_2016.jpg,quality digit 3 = Good quality -> Grade_B,2285.13
B_L3O_10354445.jpg,"Tobacco leaves dataset (Virginia flue-cured, Tanzania)",https://dataverse.harvard.edu/api/access/datafile/10354445,L3O,Grade_B,960x1440,JPEG,CC0 1.0 Universal (public domain dedication),2026-08-05,10354445,d3122d4f68f5407b45eeb80d6591684c,uyui_1758.jpg,quality digit 3 = Good quality -> Grade_B,2388.59
B_L3O_10351381.jpg,"Tobacco leaves dataset (Virginia flue-cured, Tanzania)",https://dataverse.harvard.edu/api/access/datafile/10351381,L3O,Grade_B,960x1440,JPEG,CC0 1.0 Universal (public domain dedication),2026-08-05,10351381,e6a21a5b1ba5b1208373829ec06cf0bb,manispaa_8534.jpg,quality digit 3 = Good quality -> Grade_B,2396.32
B_L3O_10353947.jpg,"Tobacco leaves dataset (Virginia flue-cured, Tanzania)",https://dataverse.harvard.edu/api/access/datafile/10353947,L3O,Grade_B,960x1440,JPEG,CC0 1.0 Universal (public domain dedication),2026-08-05,10353947,372f4f8f4b52971059ab53572b2bfcee,uyui_14732.jpg,quality digit 3 = Good quality -> Grade_B,2756.27
B_L3O_10352166.jpg,"Tobacco leaves dataset (Virginia flue-cured, Tanzania)",https://dataverse.harvard.edu/api/access/datafile/10352166,L3O,Grade_B,960x1440,JPEG,CC0 1.0 Universal (public domain dedication),2026-08-05,10352166,f959fa0e9c34d1792db092ea5e8d5e52,manispaa_4780.jpg,quality digit 3 = Good quality -> Grade_B,1852.94
B_L3O_10351785.jpg,"Tobacco leaves dataset (Virginia flue-cured, Tanzania)",https://dataverse.harvard.edu/api/access/datafile/10351785,L3O,Grade_B,960x1440,JPEG,CC0 1.0 Universal (public domain dedication),2026-08-05,10351785,4816cdb186b3b506de66b321b4b08554,manispaa_8608.jpg,quality digit 3 = Good quality -> Grade_B,2285.53
B_L3O_10353490.jpg,"Tobacco leaves dataset (Virginia flue-cured, Tanzania)",https://dataverse.harvard.edu/api/access/datafile/10353490,L3O,Grade_B,960x1440,JPEG,CC0 1.0 Universal (public domain dedication),2026-08-05,10353490,1f031b1036478149b40b9f5e8d97ad61,uyui_14548.jpg,quality digit 3 = Good quality -> Grade_B,3013.91
B_L3O_10352077.jpg,"Tobacco leaves dataset (Virginia flue-cured, Tanzania)",https://dataverse.harvard.edu/api/access/datafile/10352077,L3O,Grade_B,960x1440,JPEG,CC0 1.0 Universal (public domain dedication),2026-08-05,10352077,8ca7754b7838c581a23b6f7fa10117bf,manispaa_2253.jpg,quality digit 3 = Good quality -> Grade_B,2908.01
B_L3O_10349891.jpg,"Tobacco leaves dataset (Virginia flue-cured, Tanzania)",https://dataverse.harvard.edu/api/access/datafile/10349891,L3O,Grade_B,960x1440,JPEG,CC0 1.0 Universal (public domain dedication),2026-08-05,10349891,d3a7ed584d6e827ba0816a4088cd796a,manispaa_11327.jpg,quality digit 3 = Good quality -> Grade_B,3066.16
B_L3O_10350342.jpg,"Tobacco leaves dataset (Virginia flue-cured, Tanzania)",https://dataverse.harvard.edu/api/access/datafile/10350342,L3O,Grade_B,960x1440,JPEG,CC0 1.0 Universal (public domain dedication),2026-08-05,10350342,ef3235d86bd854c30a9f54fbb9b4da34,kaliua_9276.jpg,quality digit 3 = Good quality -> Grade_B,3296.65
B_L3O_10351542.jpg,"Tobacco leaves dataset (Virginia flue-cured, Tanzania)",https://dataverse.harvard.edu/api/access/datafile/10351542,L3O,Grade_B,960x1440,JPEG,CC0 1.0 Universal (public domain dedication),2026-08-05,10351542,780336d2ad37183d7b457b90d8a77023,manispaa_4864.jpg,quality digit 3 = Good quality -> Grade_B,2418.95
B_L3O_10350119.jpg,"Tobacco leaves dataset (Virginia flue-cured, Tanzania)",https://dataverse.harvard.edu/api/access/datafile/10350119,L3O,Grade_B,960x1440,JPEG,CC0 1.0 Universal (public domain dedication),2026-08-05,10350119,3b337a37c0feb4efaf4b68d65d572638,manispaa_1876.jpg,quality digit 3 = Good quality -> Grade_B,2635.45
B_L3O_10355067.jpg,"Tobacco leaves dataset (Virginia flue-cured, Tanzania)",https://dataverse.harvard.edu/api/access/datafile/10355067,L3O,Grade_B,960x1440,JPEG,CC0 1.0 Universal (public domain dedication),2026-08-05,10355067,6dae423afc8c14936b49adc35386421b,uyui_8881.jpg,quality digit 3 = Good quality -> Grade_B,3134.7
B_L3O_10349745.jpg,"Tobacco leaves dataset (Virginia flue-cured, Tanzania)",https://dataverse.harvard.edu/api/access/datafile/10349745,L3O,Grade_B,960x1440,JPEG,CC0 1.0 Universal (public domain dedication),2026-08-05,10349745,e4d047750697cc504c7510e834c1d88a,kaliua_7650.jpg,quality digit 3 = Good quality -> Grade_B,1970.62
B_L3O_10350995.jpg,"Tobacco leaves dataset (Virginia flue-cured, Tanzania)",https://dataverse.harvard.edu/api/access/datafile/10350995,L3O,Grade_B,960x1440,JPEG,CC0 1.0 Universal (public domain dedication),2026-08-05,10350995,c6a3bcbf5bc301caf5e19cdcc71eef82,kaliua_7451.jpg,quality digit 3 = Good quality -> Grade_B,2786.43
B_L3O_10353222.jpg,"Tobacco leaves dataset (Virginia flue-cured, Tanzania)",https://dataverse.harvard.edu/api/access/datafile/10353222,L3O,Grade_B,960x1440,JPEG,CC0 1.0 Universal (public domain dedication),2026-08-05,10353222,4b06f8c0bd0f2e795fcb54ff9313746a,uyui_11299.jpg,quality digit 3 = Good quality -> Grade_B,3282.03
B_L3O_10353546.jpg,"Tobacco leaves dataset (Virginia flue-cured, Tanzania)",https://dataverse.harvard.edu/api/access/datafile/10353546,L3O,Grade_B,960x1440,JPEG,CC0 1.0 Universal (public domain dedication),2026-08-05,10353546,069dde3013fcb648cf1760f90b4788bc,uyui_11010.jpg,quality digit 3 = Good quality -> Grade_B,2373.02
B_L3O_10349509.jpg,"Tobacco leaves dataset (Virginia flue-cured, Tanzania)",https://dataverse.harvard.edu/api/access/datafile/10349509,L3O,Grade_B,960x1440,JPEG,CC0 1.0 Universal (public domain dedication),2026-08-05,10349509,50479925f3bcb9cbfd131cc1bfae5fe6,kaliua_7800.jpg,quality digit 3 = Good quality -> Grade_B,2416.38
B_L3O_10351742.jpg,"Tobacco leaves dataset (Virginia flue-cured, Tanzania)",https://dataverse.harvard.edu/api/access/datafile/10351742,L3O,Grade_B,960x1440,JPEG,CC0 1.0 Universal (public domain dedication),2026-08-05,10351742,b6c1e06572a79b79b61cfa54530d391f,manispaa_2098.jpg,quality digit 3 = Good quality -> Grade_B,4838.69
B_L3O_10351149.jpg,"Tobacco leaves dataset (Virginia flue-cured, Tanzania)",https://dataverse.harvard.edu/api/access/datafile/10351149,L3O,Grade_B,960x1440,JPEG,CC0 1.0 Universal (public domain dedication),2026-08-05,10351149,a3fd3a3b89a89f76b0a2c886c34aa071,kaliua_11982.jpg,quality digit 3 = Good quality -> Grade_B,2847.83
B_L3O_10352703.jpg,"Tobacco leaves dataset (Virginia flue-cured, Tanzania)",https://dataverse.harvard.edu/api/access/datafile/10352703,L3O,Grade_B,960x1440,JPEG,CC0 1.0 Universal (public domain dedication),2026-08-05,10352703,09ff7fc9b99e053aa771b6b0d757a20f,uyui_10864.jpg,quality digit 3 = Good quality -> Grade_B,3014.14
B_L3O_10354395.jpg,"Tobacco leaves dataset (Virginia flue-cured, Tanzania)",https://dataverse.harvard.edu/api/access/datafile/10354395,L3O,Grade_B,960x1440,JPEG,CC0 1.0 Universal (public domain dedication),2026-08-05,10354395,c701c8a5a2430e357ab09d7d4e8fd64a,uyui_4749.jpg,quality digit 3 = Good quality -> Grade_B,3150.62
B_L3O_10350354.jpg,"Tobacco leaves dataset (Virginia flue-cured, Tanzania)",https://dataverse.harvard.edu/api/access/datafile/10350354,L3O,Grade_B,960x1440,JPEG,CC0 1.0 Universal (public domain dedication),2026-08-05,10350354,85009a73ac4ca91ac937396d232e9dfd,kaliua_7781.jpg,quality digit 3 = Good quality -> Grade_B,2244.92
B_L3O_10349711.jpg,"Tobacco leaves dataset (Virginia flue-cured, Tanzania)",https://dataverse.harvard.edu/api/access/datafile/10349711,L3O,Grade_B,960x1440,JPEG,CC0 1.0 Universal (public domain dedication),2026-08-05,10349711,43e7646ec8643d151aa868c20aa77807,kaliua_7770.jpg,quality digit 3 = Good quality -> Grade_B,1821.21
B_L3O_10353335.jpg,"Tobacco leaves dataset (Virginia flue-cured, Tanzania)",https://dataverse.harvard.edu/api/access/datafile/10353335,L3O,Grade_B,960x1440,JPEG,CC0 1.0 Universal (public domain dedication),2026-08-05,10353335,24d75dbdc888b8e007db06680663e30a,uyui_14588.jpg,quality digit 3 = Good quality -> Grade_B,2363.55
B_L3O_10355026.jpg,"Tobacco leaves dataset (Virginia flue-cured, Tanzania)",https://dataverse.harvard.edu/api/access/datafile/10355026,L3O,Grade_B,960x1440,JPEG,CC0 1.0 Universal (public domain dedication),2026-08-05,10355026,1746bb8d1c4fe5b4d5233ef76c693e94,uyui_8818.jpg,quality digit 3 = Good quality -> Grade_B,3810.64
B_L3O_10354472.jpg,"Tobacco leaves dataset (Virginia flue-cured, Tanzania)",https://dataverse.harvard.edu/api/access/datafile/10354472,L3O,Grade_B,960x1440,JPEG,CC0 1.0 Universal (public domain dedication),2026-08-05,10354472,a293dad76e1cf86ac7c0dbbbfa660e39,uyui_1784.jpg,quality digit 3 = Good quality -> Grade_B,2149.17
B_L3O_10352247.jpg,"Tobacco leaves dataset (Virginia flue-cured, Tanzania)",https://dataverse.harvard.edu/api/access/datafile/10352247,L3O,Grade_B,960x1440,JPEG,CC0 1.0 Universal (public domain dedication),2026-08-05,10352247,34364b83e439faa45e75d1d5bd3f73b8,manispaa_8518.jpg,quality digit 3 = Good quality -> Grade_B,2196.54
B_L3O_10349585.jpg,"Tobacco leaves dataset (Virginia flue-cured, Tanzania)",https://dataverse.harvard.edu/api/access/datafile/10349585,L3O,Grade_B,960x1440,JPEG,CC0 1.0 Universal (public domain dedication),2026-08-05,10349585,8db810898a81fcac0b5dd42d8f0df407,manispaa_1854.jpg,quality digit 3 = Good quality -> Grade_B,1893.8
B_L3O_10352306.jpg,"Tobacco leaves dataset (Virginia flue-cured, Tanzania)",https://dataverse.harvard.edu/api/access/datafile/10352306,L3O,Grade_B,960x1440,JPEG,CC0 1.0 Universal (public domain dedication),2026-08-05,10352306,f9a311845e572e7a3da7728e3235dd22,urambo_2934.jpg,quality digit 3 = Good quality -> Grade_B,2693.79
B_L3O_10350224.jpg,"Tobacco leaves dataset (Virginia flue-cured, Tanzania)",https://dataverse.harvard.edu/api/access/datafile/10350224,L3O,Grade_B,960x1440,JPEG,CC0 1.0 Universal (public domain dedication),2026-08-05,10350224,4028fe6629b217cf2d675c6bf81e47ab,manispaa_13564.jpg,quality digit 3 = Good quality -> Grade_B,2445.65
B_L3O_10352180.jpg,"Tobacco leaves dataset (Virginia flue-cured, Tanzania)",https://dataverse.harvard.edu/api/access/datafile/10352180,L3O,Grade_B,960x1440,JPEG,CC0 1.0 Universal (public domain dedication),2026-08-05,10352180,c4f76a5b8b3751f9ca1e807518872f2e,manispaa_8507.jpg,quality digit 3 = Good quality -> Grade_B,2743.19
B_L3O_10350250.jpg,"Tobacco leaves dataset (Virginia flue-cured, Tanzania)",https://dataverse.harvard.edu/api/access/datafile/10350250,L3O,Grade_B,960x1440,JPEG,CC0 1.0 Universal (public domain dedication),2026-08-05,10350250,2f03d86bbc416215db856917f432b1a9,manispaa_13555.jpg,quality digit 3 = Good quality -> Grade_B,3116.79
B_L3O_10352597.jpg,"Tobacco leaves dataset (Virginia flue-cured, Tanzania)",https://dataverse.harvard.edu/api/access/datafile/10352597,L3O,Grade_B,960x1440,JPEG,CC0 1.0 Universal (public domain dedication),2026-08-05,10352597,ef23b498bd0fe9cc6169228cd2ab0fce,urambo_5933.jpg,quality digit 3 = Good quality -> Grade_B,5581.24
B_L3O_10350218.jpg,"Tobacco leaves dataset (Virginia flue-cured, Tanzania)",https://dataverse.harvard.edu/api/access/datafile/10350218,L3O,Grade_B,960x1440,JPEG,CC0 1.0 Universal (public domain dedication),2026-08-05,10350218,041980967f30bdd74cfc866aaa948fbf,manispaa_1952.jpg,quality digit 3 = Good quality -> Grade_B,1709.63
B_L3O_10354730.jpg,"Tobacco leaves dataset (Virginia flue-cured, Tanzania)",https://dataverse.harvard.edu/api/access/datafile/10354730,L3O,Grade_B,960x1440,JPEG,CC0 1.0 Universal (public domain dedication),2026-08-05,10354730,bc4655d18332bdf24bb669a15516e137,uyui_8730.jpg,quality digit 3 = Good quality -> Grade_B,2060.01
B_L3O_10351093.jpg,"Tobacco leaves dataset (Virginia flue-cured, Tanzania)",https://dataverse.harvard.edu/api/access/datafile/10351093,L3O,Grade_B,960x1440,JPEG,CC0 1.0 Universal (public domain dedication),2026-08-05,10351093,47407b0c84c80ffde41dbadbb0be7e49,kaliua_1216.jpg,quality digit 3 = Good quality -> Grade_B,3289.8
B_L3O_10353328.jpg,"Tobacco leaves dataset (Virginia flue-cured, Tanzania)",https://dataverse.harvard.edu/api/access/datafile/10353328,L3O,Grade_B,960x1440,JPEG,CC0 1.0 Universal (public domain dedication),2026-08-05,10353328,27bba5945d4e38b27b8adc5fc76d3e23,uyui_11060.jpg,quality digit 3 = Good quality -> Grade_B,2389.84
B_L3O_10354504.jpg,"Tobacco leaves dataset (Virginia flue-cured, Tanzania)",https://dataverse.harvard.edu/api/access/datafile/10354504,L3O,Grade_B,960x1440,JPEG,CC0 1.0 Universal (public domain dedication),2026-08-05,10354504,379a30389fd8979ce41384ab2116b860,uyui_4923.jpg,quality digit 3 = Good quality -> Grade_B,1846.0
B_L3O_10350953.jpg,"Tobacco leaves dataset (Virginia flue-cured, Tanzania)",https://dataverse.harvard.edu/api/access/datafile/10350953,L3O,Grade_B,960x1440,JPEG,CC0 1.0 Universal (public domain dedication),2026-08-05,10350953,04ff6ebaa01fcb067d81b637a01618cf,kaliua_7482.jpg,quality digit 3 = Good quality -> Grade_B,2859.24
B_L3O_10354968.jpg,"Tobacco leaves dataset (Virginia flue-cured, Tanzania)",https://dataverse.harvard.edu/api/access/datafile/10354968,L3O,Grade_B,960x1440,JPEG,CC0 1.0 Universal (public domain dedication),2026-08-05,10354968,43cc7d687a18d59068973d0f2d830833,uyui_8908.jpg,quality digit 3 = Good quality -> Grade_B,3395.33
B_L3O_10349950.jpg,"Tobacco leaves dataset (Virginia flue-cured, Tanzania)",https://dataverse.harvard.edu/api/access/datafile/10349950,L3O,Grade_B,960x1440,JPEG,CC0 1.0 Universal (public domain dedication),2026-08-05,10349950,e52cccb3933d0fc67985087f48908d83,kaliua_7782.jpg,quality digit 3 = Good quality -> Grade_B,1722.26
B_L3O_10352177.jpg,"Tobacco leaves dataset (Virginia flue-cured, Tanzania)",https://dataverse.harvard.edu/api/access/datafile/10352177,L3O,Grade_B,960x1440,JPEG,CC0 1.0 Universal (public domain dedication),2026-08-05,10352177,42ef38c589cde6fc9aaec83d3d95cc40,manispaa_8541.jpg,quality digit 3 = Good quality -> Grade_B,2063.77
B_L3O_10354908.jpg,"Tobacco leaves dataset (Virginia flue-cured, Tanzania)",https://dataverse.harvard.edu/api/access/datafile/10354908,L3O,Grade_B,960x1440,JPEG,CC0 1.0 Universal (public domain dedication),2026-08-05,10354908,efb0effe2e797b19b82641f8501776c5,uyui_5096.jpg,quality digit 3 = Good quality -> Grade_B,2477.16
B_L3O_10350228.jpg,"Tobacco leaves dataset (Virginia flue-cured, Tanzania)",https://dataverse.harvard.edu/api/access/datafile/10350228,L3O,Grade_B,960x1440,JPEG,CC0 1.0 Universal (public domain dedication),2026-08-05,10350228,d31355afe12be0542faa694a219d1b13,kaliua_7686.jpg,quality digit 3 = Good quality -> Grade_B,1754.6
B_L3O_10351548.jpg,"Tobacco leaves dataset (Virginia flue-cured, Tanzania)",https://dataverse.harvard.edu/api/access/datafile/10351548,L3O,Grade_B,960x1440,JPEG,CC0 1.0 Universal (public domain dedication),2026-08-05,10351548,acd2a5ccaae99055c2aa639d864ac2a9,manispaa_4839.jpg,quality digit 3 = Good quality -> Grade_B,2259.71
B_L3O_10349811.jpg,"Tobacco leaves dataset (Virginia flue-cured, Tanzania)",https://dataverse.harvard.edu/api/access/datafile/10349811,L3O,Grade_B,960x1440,JPEG,CC0 1.0 Universal (public domain dedication),2026-08-05,10349811,df60153a8c4b552d6d33c71417563999,manispaa_13534.jpg,quality digit 3 = Good quality -> Grade_B,2850.2
B_L3O_10353517.jpg,"Tobacco leaves dataset (Virginia flue-cured, Tanzania)",https://dataverse.harvard.edu/api/access/datafile/10353517,L3O,Grade_B,960x1440,JPEG,CC0 1.0 Universal (public domain dedication),2026-08-05,10353517,abbd97f92ef8f011bc95be47aea79d0b,uyui_14709.jpg,quality digit 3 = Good quality -> Grade_B,3088.44
B_L3O_10350764.jpg,"Tobacco leaves dataset (Virginia flue-cured, Tanzania)",https://dataverse.harvard.edu/api/access/datafile/10350764,L3O,Grade_B,960x1440,JPEG,CC0 1.0 Universal (public domain dedication),2026-08-05,10350764,d08e215363c062cfcab158e4f1d2e37d,kaliua_1232.jpg,quality digit 3 = Good quality -> Grade_B,3278.66
B_L3O_10354152.jpg,"Tobacco leaves dataset (Virginia flue-cured, Tanzania)",https://dataverse.harvard.edu/api/access/datafile/10354152,L3O,Grade_B,960x1440,JPEG,CC0 1.0 Universal (public domain dedication),2026-08-05,10354152,c50e6bab3fceea94a52a965c54a56cab,uyui_5135.jpg,quality digit 3 = Good quality -> Grade_B,2301.82
B_L3O_10354373.jpg,"Tobacco leaves dataset (Virginia flue-cured, Tanzania)",https://dataverse.harvard.edu/api/access/datafile/10354373,L3O,Grade_B,960x1440,JPEG,CC0 1.0 Universal (public domain dedication),2026-08-05,10354373,5e76b35265a07d7648355a99a9c326c8,uyui_4933.jpg,quality digit 3 = Good quality -> Grade_B,2153.37
B_L3O_10349713.jpg,"Tobacco leaves dataset (Virginia flue-cured, Tanzania)",https://dataverse.harvard.edu/api/access/datafile/10349713,L3O,Grade_B,960x1440,JPEG,CC0 1.0 Universal (public domain dedication),2026-08-05,10349713,095e5c1df22ba71883e626026b16a0b4,manispaa_1934.jpg,quality digit 3 = Good quality -> Grade_B,1981.89
B_L3O_10349844.jpg,"Tobacco leaves dataset (Virginia flue-cured, Tanzania)",https://dataverse.harvard.edu/api/access/datafile/10349844,L3O,Grade_B,960x1440,JPEG,CC0 1.0 Universal (public domain dedication),2026-08-05,10349844,2002ff5137bbd57436baad7efbd38833,manispaa_11380.jpg,quality digit 3 = Good quality -> Grade_B,3184.83
B_L3O_10354176.jpg,"Tobacco leaves dataset (Virginia flue-cured, Tanzania)",https://dataverse.harvard.edu/api/access/datafile/10354176,L3O,Grade_B,960x1440,JPEG,CC0 1.0 Universal (public domain dedication),2026-08-05,10354176,92244754e74dd147ecb8838c8d165f4d,uyui_8625.jpg,quality digit 3 = Good quality -> Grade_B,2052.0
B_L3O_10352777.jpg,"Tobacco leaves dataset (Virginia flue-cured, Tanzania)",https://dataverse.harvard.edu/api/access/datafile/10352777,L3O,Grade_B,960x1440,JPEG,CC0 1.0 Universal (public domain dedication),2026-08-05,10352777,c801a7de74b15a513094731b8887a6fd,uyui_10867.jpg,quality digit 3 = Good quality -> Grade_B,3373.12
B_L3O_10352950.jpg,"Tobacco leaves dataset (Virginia flue-cured, Tanzania)",https://dataverse.harvard.edu/api/access/datafile/10352950,L3O,Grade_B,960x1440,JPEG,CC0 1.0 Universal (public domain dedication),2026-08-05,10352950,ac989233564dc9b3567820e71d5fa498,uyui_10729.jpg,quality digit 3 = Good quality -> Grade_B,3471.66
B_L3O_10354545.jpg,"Tobacco leaves dataset (Virginia flue-cured, Tanzania)",https://dataverse.harvard.edu/api/access/datafile/10354545,L3O,Grade_B,960x1440,JPEG,CC0 1.0 Universal (public domain dedication),2026-08-05,10354545,8fe2ba4628e22a7a7560edc4ffd536a5,uyui_5131.jpg,quality digit 3 = Good quality -> Grade_B,2196.58
B_L3O_10354256.jpg,"Tobacco leaves dataset (Virginia flue-cured, Tanzania)",https://dataverse.harvard.edu/api/access/datafile/10354256,L3O,Grade_B,960x1440,JPEG,CC0 1.0 Universal (public domain dedication),2026-08-05,10354256,474252eb510204aefdba89bdf86c4d02,uyui_4812.jpg,quality digit 3 = Good quality -> Grade_B,2961.88
B_L3O_10350388.jpg,"Tobacco leaves dataset (Virginia flue-cured, Tanzania)",https://dataverse.harvard.edu/api/access/datafile/10350388,L3O,Grade_B,960x1440,JPEG,CC0 1.0 Universal (public domain dedication),2026-08-05,10350388,2ca0be6195c42543780fcc215c5093d3,manispaa_1793.jpg,quality digit 3 = Good quality -> Grade_B,1861.95
B_L3O_10350649.jpg,"Tobacco leaves dataset (Virginia flue-cured, Tanzania)",https://dataverse.harvard.edu/api/access/datafile/10350649,L3O,Grade_B,960x1440,JPEG,CC0 1.0 Universal (public domain dedication),2026-08-05,10350649,492dca9f2c73c0e4c94224e2d73ca66d,kaliua_4320.jpg,quality digit 3 = Good quality -> Grade_B,2631.36
B_L3O_10354931.jpg,"Tobacco leaves dataset (Virginia flue-cured, Tanzania)",https://dataverse.harvard.edu/api/access/datafile/10354931,L3O,Grade_B,960x1440,JPEG,CC0 1.0 Universal (public domain dedication),2026-08-05,10354931,5cb848a61e9173e7b9dd7e1f109e3e5e,uyui_5061.jpg,quality digit 3 = Good quality -> Grade_B,2218.37
B_L3O_10353268.jpg,"Tobacco leaves dataset (Virginia flue-cured, Tanzania)",https://dataverse.harvard.edu/api/access/datafile/10353268,L3O,Grade_B,960x1440,JPEG,CC0 1.0 Universal (public domain dedication),2026-08-05,10353268,77cd8e80d0469c5fdf007cb3373d7c09,uyui_10923.jpg,quality digit 3 = Good quality -> Grade_B,2226.44
B_L3O_10354890.jpg,"Tobacco leaves dataset (Virginia flue-cured, Tanzania)",https://dataverse.harvard.edu/api/access/datafile/10354890,L3O,Grade_B,960x1440,JPEG,CC0 1.0 Universal (public domain dedication),2026-08-05,10354890,8cd5b8e497f3304ca30bbb47e285c6c3,uyui_4781.jpg,quality digit 3 = Good quality -> Grade_B,3234.22
B_L3O_10354830.jpg,"Tobacco leaves dataset (Virginia flue-cured, Tanzania)",https://dataverse.harvard.edu/api/access/datafile/10354830,L3O,Grade_B,960x1440,JPEG,CC0 1.0 Universal (public domain dedication),2026-08-05,10354830,f7c8b256ad2af32bf1d8d9e7c1320d2d,uyui_1535.jpg,quality digit 3 = Good quality -> Grade_B,1819.32
B_L3O_10351728.jpg,"Tobacco leaves dataset (Virginia flue-cured, Tanzania)",https://dataverse.harvard.edu/api/access/datafile/10351728,L3O,Grade_B,960x1440,JPEG,CC0 1.0 Universal (public domain dedication),2026-08-05,10351728,f324d7be6f32484f08fa0b55c5f10244,manispaa_8237.jpg,quality digit 3 = Good quality -> Grade_B,2355.74
B_L3O_10352557.jpg,"Tobacco leaves dataset (Virginia flue-cured, Tanzania)",https://dataverse.harvard.edu/api/access/datafile/10352557,L3O,Grade_B,960x1440,JPEG,CC0 1.0 Universal (public domain dedication),2026-08-05,10352557,fe0490c0e46ed61228cd616a2d935483,uyui_10640.jpg,quality digit 3 = Good quality -> Grade_B,3278.98
B_L3O_10351813.jpg,"Tobacco leaves dataset (Virginia flue-cured, Tanzania)",https://dataverse.harvard.edu/api/access/datafile/10351813,L3O,Grade_B,960x1440,JPEG,CC0 1.0 Universal (public domain dedication),2026-08-05,10351813,ecb2632fa637a06a0f777804e0036291,manispaa_8486.jpg,quality digit 3 = Good quality -> Grade_B,2743.55
B_L3O_10353029.jpg,"Tobacco leaves dataset (Virginia flue-cured, Tanzania)",https://dataverse.harvard.edu/api/access/datafile/10353029,L3O,Grade_B,960x1440,JPEG,CC0 1.0 Universal (public domain dedication),2026-08-05,10353029,8811689fb915f4ec7b2cad65d8fe39af,urambo_5999.jpg,quality digit 3 = Good quality -> Grade_B,4824.87
B_L3O_10351293.jpg,"Tobacco leaves dataset (Virginia flue-cured, Tanzania)",https://dataverse.harvard.edu/api/access/datafile/10351293,L3O,Grade_B,960x1440,JPEG,CC0 1.0 Universal (public domain dedication),2026-08-05,10351293,c48d5858e4d857d978e9d034ac3e30c4,kaliua_7399.jpg,quality digit 3 = Good quality -> Grade_B,2542.69
B_L3O_10351120.jpg,"Tobacco leaves dataset (Virginia flue-cured, Tanzania)",https://dataverse.harvard.edu/api/access/datafile/10351120,L3O,Grade_B,960x1440,JPEG,CC0 1.0 Universal (public domain dedication),2026-08-05,10351120,d74f15a87f92430b1460ee204356f39b,kaliua_7576.jpg,quality digit 3 = Good quality -> Grade_B,2246.38
B_L3O_10351564.jpg,"Tobacco leaves dataset (Virginia flue-cured, Tanzania)",https://dataverse.harvard.edu/api/access/datafile/10351564,L3O,Grade_B,960x1440,JPEG,CC0 1.0 Universal (public domain dedication),2026-08-05,10351564,52866d9c5a01d9a99bcef3769c3c05fb,manispaa_2028.jpg,quality digit 3 = Good quality -> Grade_B,2290.9
B_L3O_10349644.jpg,"Tobacco leaves dataset (Virginia flue-cured, Tanzania)",https://dataverse.harvard.edu/api/access/datafile/10349644,L3O,Grade_B,960x1440,JPEG,CC0 1.0 Universal (public domain dedication),2026-08-05,10349644,498d083c69d3d12cb030bd01f76ca401,kaliua_7627.jpg,quality digit 3 = Good quality -> Grade_B,2042.63
B_L3O_10352473.jpg,"Tobacco leaves dataset (Virginia flue-cured, Tanzania)",https://dataverse.harvard.edu/api/access/datafile/10352473,L3O,Grade_B,960x1440,JPEG,CC0 1.0 Universal (public domain dedication),2026-08-05,10352473,88c86a6d1be7d7126165b6f34d665f20,uyui_10656.jpg,quality digit 3 = Good quality -> Grade_B,3007.09
B_L3O_10350011.jpg,"Tobacco leaves dataset (Virginia flue-cured, Tanzania)",https://dataverse.harvard.edu/api/access/datafile/10350011,L3O,Grade_B,960x1440,JPEG,CC0 1.0 Universal (public domain dedication),2026-08-05,10350011,79a51403d066d74dd85e45dc0bc92404,kaliua_7705.jpg,quality digit 3 = Good quality -> Grade_B,2641.85
B_L3O_10351176.jpg,"Tobacco leaves dataset (Virginia flue-cured, Tanzania)",https://dataverse.harvard.edu/api/access/datafile/10351176,L3O,Grade_B,960x1440,JPEG,CC0 1.0 Universal (public domain dedication),2026-08-05,10351176,5baed3c496e0cc398e2a7417732f3c02,kaliua_7496.jpg,quality digit 3 = Good quality -> Grade_B,3223.71
B_L3O_10352063.jpg,"Tobacco leaves dataset (Virginia flue-cured, Tanzania)",https://dataverse.harvard.edu/api/access/datafile/10352063,L3O,Grade_B,960x1440,JPEG,CC0 1.0 Universal (public domain dedication),2026-08-05,10352063,3955481dd682b0a6940195e29510f2db,manispaa_2269.jpg,quality digit 3 = Good quality -> Grade_B,2896.01
B_L3O_10350641.jpg,"Tobacco leaves dataset (Virginia flue-cured, Tanzania)",https://dataverse.harvard.edu/api/access/datafile/10350641,L3O,Grade_B,960x1440,JPEG,CC0 1.0 Universal (public domain dedication),2026-08-05,10350641,221288eeb395e6cb2db085e1f1aa6ca7,kaliua_11794.jpg,quality digit 3 = Good quality -> Grade_B,2609.03
B_L3O_10350460.jpg,"Tobacco leaves dataset (Virginia flue-cured, Tanzania)",https://dataverse.harvard.edu/api/access/datafile/10350460,L3O,Grade_B,960x1440,JPEG,CC0 1.0 Universal (public domain dedication),2026-08-05,10350460,652fc0742a9e7ac511981386bf0bd58f,kaliua_7426.jpg,quality digit 3 = Good quality -> Grade_B,2704.68
B_L3O_10354313.jpg,"Tobacco leaves dataset (Virginia flue-cured, Tanzania)",https://dataverse.harvard.edu/api/access/datafile/10354313,L3O,Grade_B,960x1440,JPEG,CC0 1.0 Universal (public domain dedication),2026-08-05,10354313,76c31a06ac49ae716bee881f854e07b8,uyui_5056.jpg,quality digit 3 = Good quality -> Grade_B,1963.31
B_L3O_10351774.jpg,"Tobacco leaves dataset (Virginia flue-cured, Tanzania)",https://dataverse.harvard.edu/api/access/datafile/10351774,L3O,Grade_B,960x1440,JPEG,CC0 1.0 Universal (public domain dedication),2026-08-05,10351774,57ec5545441185207fa7f2d1c96a909f,manispaa_8362.jpg,quality digit 3 = Good quality -> Grade_B,1902.78
B_L3O_10350861.jpg,"Tobacco leaves dataset (Virginia flue-cured, Tanzania)",https://dataverse.harvard.edu/api/access/datafile/10350861,L3O,Grade_B,960x1440,JPEG,CC0 1.0 Universal (public domain dedication),2026-08-05,10350861,9532c42cefacecc0cb8c842e09febbfb,kaliua_11962.jpg,quality digit 3 = Good quality -> Grade_B,3139.25
B_L3O_10354400.jpg,"Tobacco leaves dataset (Virginia flue-cured, Tanzania)",https://dataverse.harvard.edu/api/access/datafile/10354400,L3O,Grade_B,960x1440,JPEG,CC0 1.0 Universal (public domain dedication),2026-08-05,10354400,2671985c2acacb16485d4f055d313a07,uyui_4909.jpg,quality digit 3 = Good quality -> Grade_B,1541.29
B_L3O_10352974.jpg,"Tobacco leaves dataset (Virginia flue-cured, Tanzania)",https://dataverse.harvard.edu/api/access/datafile/10352974,L3O,Grade_B,960x1440,JPEG,CC0 1.0 Universal (public domain dedication),2026-08-05,10352974,41b69410e92313e51ec530b608d0cd09,urambo_2750.jpg,quality digit 3 = Good quality -> Grade_B,2957.18
B_L3O_10350019.jpg,"Tobacco leaves dataset (Virginia flue-cured, Tanzania)",https://dataverse.harvard.edu/api/access/datafile/10350019,L3O,Grade_B,960x1440,JPEG,CC0 1.0 Universal (public domain dedication),2026-08-05,10350019,4f848a0e8300fde7530ca04a43f6b282,kaliua_7742.jpg,quality digit 3 = Good quality -> Grade_B,2253.15
B_L3O_10350370.jpg,"Tobacco leaves dataset (Virginia flue-cured, Tanzania)",https://dataverse.harvard.edu/api/access/datafile/10350370,L3O,Grade_B,960x1440,JPEG,CC0 1.0 Universal (public domain dedication),2026-08-05,10350370,f492703ad69b242a2281cb859e02f783,kaliua_7655.jpg,quality digit 3 = Good quality -> Grade_B,2251.51
B_L3O_10351830.jpg,"Tobacco leaves dataset (Virginia flue-cured, Tanzania)",https://dataverse.harvard.edu/api/access/datafile/10351830,L3O,Grade_B,960x1440,JPEG,CC0 1.0 Universal (public domain dedication),2026-08-05,10351830,e3c56e98b4c218a16badccc36daa8033,manispaa_8500.jpg,quality digit 3 = Good quality -> Grade_B,3114.06
B_L3O_10354546.jpg,"Tobacco leaves dataset (Virginia flue-cured, Tanzania)",https://dataverse.harvard.edu/api/access/datafile/10354546,L3O,Grade_B,960x1440,JPEG,CC0 1.0 Universal (public domain dedication),2026-08-05,10354546,a8c2b219b0b44ccbaf0e5e0e7c8ba6d8,uyui_8739.jpg,quality digit 3 = Good quality -> Grade_B,2162.64
B_L3O_10350798.jpg,"Tobacco leaves dataset (Virginia flue-cured, Tanzania)",https://dataverse.harvard.edu/api/access/datafile/10350798,L3O,Grade_B,960x1440,JPEG,CC0 1.0 Universal (public domain dedication),2026-08-05,10350798,aabe95402d2eca75fd0e40c21a2fcf72,kaliua_11938.jpg,quality digit 3 = Good quality -> Grade_B,1992.42
B_L3O_10352118.jpg,"Tobacco leaves dataset (Virginia flue-cured, Tanzania)",https://dataverse.harvard.edu/api/access/datafile/10352118,L3O,Grade_B,960x1440,JPEG,CC0 1.0 Universal (public domain dedication),2026-08-05,10352118,4527abd38df116b9513dce8c26c2696c,manispaa_8559.jpg,quality digit 3 = Good quality -> Grade_B,2247.35
B_L3O_10352623.jpg,"Tobacco leaves dataset (Virginia flue-cured, Tanzania)",https://dataverse.harvard.edu/api/access/datafile/10352623,L3O,Grade_B,960x1440,JPEG,CC0 1.0 Universal (public domain dedication),2026-08-05,10352623,7962d20ed656a75a83be38e22cfaab3f,urambo_2756.jpg,quality digit 3 = Good quality -> Grade_B,2816.92
B_L3O_10353228.jpg,"Tobacco leaves dataset (Virginia flue-cured, Tanzania)",https://dataverse.harvard.edu/api/access/datafile/10353228,L3O,Grade_B,960x1440,JPEG,CC0 1.0 Universal (public domain dedication),2026-08-05,10353228,8544a2b088bc5387557dcc65a3d500cb,uyui_14592.jpg,quality digit 3 = Good quality -> Grade_B,2994.07
B_L3O_10351655.jpg,"Tobacco leaves dataset (Virginia flue-cured, Tanzania)",https://dataverse.harvard.edu/api/access/datafile/10351655,L3O,Grade_B,960x1440,JPEG,CC0 1.0 Universal (public domain dedication),2026-08-05,10351655,850c86dbfe081c269250df60de39cfa1,urambo_2616.jpg,quality digit 3 = Good quality -> Grade_B,2909.79
B_L3O_10351232.jpg,"Tobacco leaves dataset (Virginia flue-cured, Tanzania)",https://dataverse.harvard.edu/api/access/datafile/10351232,L3O,Grade_B,960x1440,JPEG,CC0 1.0 Universal (public domain dedication),2026-08-05,10351232,84087ca0d76829a929c28b77727d1240,kaliua_11848.jpg,quality digit 3 = Good quality -> Grade_B,2278.67
B_L3O_10351930.jpg,"Tobacco leaves dataset (Virginia flue-cured, Tanzania)",https://dataverse.harvard.edu/api/access/datafile/10351930,L3O,Grade_B,960x1440,JPEG,CC0 1.0 Universal (public domain dedication),2026-08-05,10351930,67f3852343ab00374ce75c13c891c21a,manispaa_2184.jpg,quality digit 3 = Good quality -> Grade_B,3012.14
B_L3O_10351433.jpg,"Tobacco leaves dataset (Virginia flue-cured, Tanzania)",https://dataverse.harvard.edu/api/access/datafile/10351433,L3O,Grade_B,960x1440,JPEG,CC0 1.0 Universal (public domain dedication),2026-08-05,10351433,45f5b3026056c2afbbf2877372ed2d67,manispaa_2310.jpg,quality digit 3 = Good quality -> Grade_B,3053.55
B_L3O_10354905.jpg,"Tobacco leaves dataset (Virginia flue-cured, Tanzania)",https://dataverse.harvard.edu/api/access/datafile/10354905,L3O,Grade_B,960x1440,JPEG,CC0 1.0 Universal (public domain dedication),2026-08-05,10354905,6ef7d11c46c2cb1b01d2ebf783aded03,uyui_1726.jpg,quality digit 3 = Good quality -> Grade_B,2641.29
B_L3O_10351970.jpg,"Tobacco leaves dataset (Virginia flue-cured, Tanzania)",https://dataverse.harvard.edu/api/access/datafile/10351970,L3O,Grade_B,960x1440,JPEG,CC0 1.0 Universal (public domain dedication),2026-08-05,10351970,9f277623414bb4600a53c1ebb049defe,manispaa_8242.jpg,quality digit 3 = Good quality -> Grade_B,2518.93
B_L3O_10354460.jpg,"Tobacco leaves dataset (Virginia flue-cured, Tanzania)",https://dataverse.harvard.edu/api/access/datafile/10354460,L3O,Grade_B,960x1440,JPEG,CC0 1.0 Universal (public domain dedication),2026-08-05,10354460,4fba4c09c10874dbef93f3cfa35c9430,uyui_1524.jpg,quality digit 3 = Good quality -> Grade_B,1736.08
B_L3O_10350103.jpg,"Tobacco leaves dataset (Virginia flue-cured, Tanzania)",https://dataverse.harvard.edu/api/access/datafile/10350103,L3O,Grade_B,960x1440,JPEG,CC0 1.0 Universal (public domain dedication),2026-08-05,10350103,c0e264835e4ef0a95fcf11c8216e2d8f,manispaa_1937.jpg,quality digit 3 = Good quality -> Grade_B,2130.27
B_L3O_10349923.jpg,"Tobacco leaves dataset (Virginia flue-cured, Tanzania)",https://dataverse.harvard.edu/api/access/datafile/10349923,L3O,Grade_B,960x1440,JPEG,CC0 1.0 Universal (public domain dedication),2026-08-05,10349923,c09453f7868ff41eb10f0dd109aee19b,manispaa_13624.jpg,quality digit 3 = Good quality -> Grade_B,2862.85
B_L3O_10350769.jpg,"Tobacco leaves dataset (Virginia flue-cured, Tanzania)",https://dataverse.harvard.edu/api/access/datafile/10350769,L3O,Grade_B,960x1440,JPEG,CC0 1.0 Universal (public domain dedication),2026-08-05,10350769,ff6baed22000857f89daf7d2a51e2978,kaliua_11761.jpg,quality digit 3 = Good quality -> Grade_B,2145.78
B_L3O_10350481.jpg,"Tobacco leaves dataset (Virginia flue-cured, Tanzania)",https://dataverse.harvard.edu/api/access/datafile/10350481,L3O,Grade_B,960x1440,JPEG,CC0 1.0 Universal (public domain dedication),2026-08-05,10350481,cfd4d1892795f914d0a6c2197378c612,kaliua_7443.jpg,quality digit 3 = Good quality -> Grade_B,2918.99
B_L3O_10352694.jpg,"Tobacco leaves dataset (Virginia flue-cured, Tanzania)",https://dataverse.harvard.edu/api/access/datafile/10352694,L3O,Grade_B,960x1440,JPEG,CC0 1.0 Universal (public domain dedication),2026-08-05,10352694,31042c4d1db0bdb2a856db21a18405ea,urambo_2913.jpg,quality digit 3 = Good quality -> Grade_B,2657.95
B_L3O_10352797.jpg,"Tobacco leaves dataset (Virginia flue-cured, Tanzania)",https://dataverse.harvard.edu/api/access/datafile/10352797,L3O,Grade_B,960x1440,JPEG,CC0 1.0 Universal (public domain dedication),2026-08-05,10352797,d513b10925ba75e735566fde24b6fa5a,urambo_2755.jpg,quality digit 3 = Good quality -> Grade_B,2617.58
B_L3O_10354725.jpg,"Tobacco leaves dataset (Virginia flue-cured, Tanzania)",https://dataverse.harvard.edu/api/access/datafile/10354725,L3O,Grade_B,960x1440,JPEG,CC0 1.0 Universal (public domain dedication),2026-08-05,10354725,39f2fc9215697cf2e68aaef8e2cd5c82,uyui_4786.jpg,quality digit 3 = Good quality -> Grade_B,3210.24
B_L3O_10354939.jpg,"Tobacco leaves dataset (Virginia flue-cured, Tanzania)",https://dataverse.harvard.edu/api/access/datafile/10354939,L3O,Grade_B,960x1440,JPEG,CC0 1.0 Universal (public domain dedication),2026-08-05,10354939,190464a45c5ad564b54e04ab6194b38e,uyui_8817.jpg,quality digit 3 = Good quality -> Grade_B,3812.73
B_L3O_10351892.jpg,"Tobacco leaves dataset (Virginia flue-cured, Tanzania)",https://dataverse.harvard.edu/api/access/datafile/10351892,L3O,Grade_B,960x1440,JPEG,CC0 1.0 Universal (public domain dedication),2026-08-05,10351892,f1ba5fa27a9a45ac6e31e79f32997329,manispaa_4809.jpg,quality digit 3 = Good quality -> Grade_B,1774.34
B_L3O_10349665.jpg,"Tobacco leaves dataset (Virginia flue-cured, Tanzania)",https://dataverse.harvard.edu/api/access/datafile/10349665,L3O,Grade_B,960x1440,JPEG,CC0 1.0 Universal (public domain dedication),2026-08-05,10349665,d3033673455a98431a1066a08bcbb7fa,kaliua_7642.jpg,quality digit 3 = Good quality -> Grade_B,2237.02
B_L3O_10353372.jpg,"Tobacco leaves dataset (Virginia flue-cured, Tanzania)",https://dataverse.harvard.edu/api/access/datafile/10353372,L3O,Grade_B,960x1440,JPEG,CC0 1.0 Universal (public domain dedication),2026-08-05,10353372,73b44e9072dcf2b82d811db79bb60616,uyui_1452.jpg,quality digit 3 = Good quality -> Grade_B,2229.83
B_L3O_10350635.jpg,"Tobacco leaves dataset (Virginia flue-cured, Tanzania)",https://dataverse.harvard.edu/api/access/datafile/10350635,L3O,Grade_B,960x1440,JPEG,CC0 1.0 Universal (public domain dedication),2026-08-05,10350635,2328f83fc6a9b8a1d21d0de8433a325b,kaliua_11800.jpg,quality digit 3 = Good quality -> Grade_B,2495.3
B_L3O_10349527.jpg,"Tobacco leaves dataset (Virginia flue-cured, Tanzania)",https://dataverse.harvard.edu/api/access/datafile/10349527,L3O,Grade_B,960x1440,JPEG,CC0 1.0 Universal (public domain dedication),2026-08-05,10349527,d841a30dc2e1704139c8fc9cdf84a5c0,manispaa_13632.jpg,quality digit 3 = Good quality -> Grade_B,2978.69
B_L3O_10349883.jpg,"Tobacco leaves dataset (Virginia flue-cured, Tanzania)",https://dataverse.harvard.edu/api/access/datafile/10349883,L3O,Grade_B,960x1440,JPEG,CC0 1.0 Universal (public domain dedication),2026-08-05,10349883,308cec8cc4b398c76256b3ad3eb6108b,kaliua_7797.jpg,quality digit 3 = Good quality -> Grade_B,2206.06
B_L3O_10351508.jpg,"Tobacco leaves dataset (Virginia flue-cured, Tanzania)",https://dataverse.harvard.edu/api/access/datafile/10351508,L3O,Grade_B,960x1440,JPEG,CC0 1.0 Universal (public domain dedication),2026-08-05,10351508,a101839a6656c8eb081d4d1f2ca31277,manispaa_4874.jpg,quality digit 3 = Good quality -> Grade_B,1748.76
B_L3O_10353283.jpg,"Tobacco leaves dataset (Virginia flue-cured, Tanzania)",https://dataverse.harvard.edu/api/access/datafile/10353283,L3O,Grade_B,960x1440,JPEG,CC0 1.0 Universal (public domain dedication),2026-08-05,10353283,1229424ebce043386cbcfe89d4d44e0a,uyui_10964.jpg,quality digit 3 = Good quality -> Grade_B,2962.4
B_L3O_10351440.jpg,"Tobacco leaves dataset (Virginia flue-cured, Tanzania)",https://dataverse.harvard.edu/api/access/datafile/10351440,L3O,Grade_B,960x1440,JPEG,CC0 1.0 Universal (public domain dedication),2026-08-05,10351440,32d3fdcbde1d0d99f32f482ccfc2b0c6,manispaa_8289.jpg,quality digit 3 = Good quality -> Grade_B,2696.38
B_L3O_10351553.jpg,"Tobacco leaves dataset (Virginia flue-cured, Tanzania)",https://dataverse.harvard.edu/api/access/datafile/10351553,L3O,Grade_B,960x1440,JPEG,CC0 1.0 Universal (public domain dedication),2026-08-05,10351553,9978a829e37e9b2a9cc4f6917c2f1d15,manispaa_2293.jpg,quality digit 3 = Good quality -> Grade_B,2696.91
B_L3O_10350527.jpg,"Tobacco leaves dataset (Virginia flue-cured, Tanzania)",https://dataverse.harvard.edu/api/access/datafile/10350527,L3O,Grade_B,960x1440,JPEG,CC0 1.0 Universal (public domain dedication),2026-08-05,10350527,7350c4d5aa059894ac1d5fd78c30d454,kaliua_7444.jpg,quality digit 3 = Good quality -> Grade_B,2551.41
B_L3O_10353723.jpg,"Tobacco leaves dataset (Virginia flue-cured, Tanzania)",https://dataverse.harvard.edu/api/access/datafile/10353723,L3O,Grade_B,960x1440,JPEG,CC0 1.0 Universal (public domain dedication),2026-08-05,10353723,a4173f1fcff7dc8022f8338d0563f49e,uyui_14745.jpg,quality digit 3 = Good quality -> Grade_B,2367.49
B_L3O_10350193.jpg,"Tobacco leaves dataset (Virginia flue-cured, Tanzania)",https://dataverse.harvard.edu/api/access/datafile/10350193,L3O,Grade_B,960x1440,JPEG,CC0 1.0 Universal (public domain dedication),2026-08-05,10350193,4d187deb34539d718d05963f63012f94,manispaa_1723.jpg,quality digit 3 = Good quality -> Grade_B,1782.01
B_L3O_10353545.jpg,"Tobacco leaves dataset (Virginia flue-cured, Tanzania)",https://dataverse.harvard.edu/api/access/datafile/10353545,L3O,Grade_B,960x1440,JPEG,CC0 1.0 Universal (public domain dedication),2026-08-05,10353545,06a2dcbfd71da0ac790c71cd40df52f6,uyui_14573.jpg,quality digit 3 = Good quality -> Grade_B,2707.5
B_L3O_10352273.jpg,"Tobacco leaves dataset (Virginia flue-cured, Tanzania)",https://dataverse.harvard.edu/api/access/datafile/10352273,L3O,Grade_B,960x1440,JPEG,CC0 1.0 Universal (public domain dedication),2026-08-05,10352273,7f152b3229dd416f757766c468c38ea9,urambo_2637.jpg,quality digit 3 = Good quality -> Grade_B,3054.46
B_L3O_10351986.jpg,"Tobacco leaves dataset (Virginia flue-cured, Tanzania)",https://dataverse.harvard.edu/api/access/datafile/10351986,L3O,Grade_B,960x1440,JPEG,CC0 1.0 Universal (public domain dedication),2026-08-05,10351986,ff4bcfb47352de9b171774c4645eef42,manispaa_1985.jpg,quality digit 3 = Good quality -> Grade_B,2402.68
B_L3O_10352569.jpg,"Tobacco leaves dataset (Virginia flue-cured, Tanzania)",https://dataverse.harvard.edu/api/access/datafile/10352569,L3O,Grade_B,960x1440,JPEG,CC0 1.0 Universal (public domain dedication),2026-08-05,10352569,dd4bcedc00654b190389ce3fd0f7f09e,urambo_2721.jpg,quality digit 3 = Good quality -> Grade_B,3413.79
B_L3O_10350083.jpg,"Tobacco leaves dataset (Virginia flue-cured, Tanzania)",https://dataverse.harvard.edu/api/access/datafile/10350083,L3O,Grade_B,960x1440,JPEG,CC0 1.0 Universal (public domain dedication),2026-08-05,10350083,96e33c31df381e7a3bb4a90512eb0bb7,manispaa_11197.jpg,quality digit 3 = Good quality -> Grade_B,2369.73
B_L3O_10353038.jpg,"Tobacco leaves dataset (Virginia flue-cured, Tanzania)",https://dataverse.harvard.edu/api/access/datafile/10353038,L3O,Grade_B,960x1440,JPEG,CC0 1.0 Universal (public domain dedication),2026-08-05,10353038,c01d921e237fe9551424305d2e2dc95b,uyui_10820.jpg,quality digit 3 = Good quality -> Grade_B,2876.05
B_L3O_10351352.jpg,"Tobacco leaves dataset (Virginia flue-cured, Tanzania)",https://dataverse.harvard.edu/api/access/datafile/10351352,L3O,Grade_B,960x1440,JPEG,CC0 1.0 Universal (public domain dedication),2026-08-05,10351352,57daf08a4b0acc2fb4fb20da23016322,manispaa_8332.jpg,quality digit 3 = Good quality -> Grade_B,2222.25
B_L3O_10354287.jpg,"Tobacco leaves dataset (Virginia flue-cured, Tanzania)",https://dataverse.harvard.edu/api/access/datafile/10354287,L3O,Grade_B,960x1440,JPEG,CC0 1.0 Universal (public domain dedication),2026-08-05,10354287,47bc6fd5fdecca7134d7aebc40f43d4d,uyui_5125.jpg,quality digit 3 = Good quality -> Grade_B,2224.53
B_L3O_10353930.jpg,"Tobacco leaves dataset (Virginia flue-cured, Tanzania)",https://dataverse.harvard.edu/api/access/datafile/10353930,L3O,Grade_B,960x1440,JPEG,CC0 1.0 Universal (public domain dedication),2026-08-05,10353930,527ff5863108452e86bf0e0250e98275,uyui_11047.jpg,quality digit 3 = Good quality -> Grade_B,2476.46
B_L3O_10352629.jpg,"Tobacco leaves dataset (Virginia flue-cured, Tanzania)",https://dataverse.harvard.edu/api/access/datafile/10352629,L3O,Grade_B,960x1440,JPEG,CC0 1.0 Universal (public domain dedication),2026-08-05,10352629,ddc7622cddc0d9b485c7e6397a77dece,urambo_2950.jpg,quality digit 3 = Good quality -> Grade_B,3411.64
B_L3O_10352566.jpg,"Tobacco leaves dataset (Virginia flue-cured, Tanzania)",https://dataverse.harvard.edu/api/access/datafile/10352566,L3O,Grade_B,960x1440,JPEG,CC0 1.0 Universal (public domain dedication),2026-08-05,10352566,9496ba455be447b3a8ef48b94c0c7e06,uyui_10711.jpg,quality digit 3 = Good quality -> Grade_B,3292.19
B_L3O_10352925.jpg,"Tobacco leaves dataset (Virginia flue-cured, Tanzania)",https://dataverse.harvard.edu/api/access/datafile/10352925,L3O,Grade_B,960x1440,JPEG,CC0 1.0 Universal (public domain dedication),2026-08-05,10352925,7b08950edf15d9b3c4666656a7f715a3,urambo_2617.jpg,quality digit 3 = Good quality -> Grade_B,2399.66
B_L3O_10349614.jpg,"Tobacco leaves dataset (Virginia flue-cured, Tanzania)",https://dataverse.harvard.edu/api/access/datafile/10349614,L3O,Grade_B,960x1440,JPEG,CC0 1.0 Universal (public domain dedication),2026-08-05,10349614,7e28932041b3004d53650bc06ec7273d,manispaa_11361.jpg,quality digit 3 = Good quality -> Grade_B,2999.97
B_L3O_10351397.jpg,"Tobacco leaves dataset (Virginia flue-cured, Tanzania)",https://dataverse.harvard.edu/api/access/datafile/10351397,L3O,Grade_B,960x1440,JPEG,CC0 1.0 Universal (public domain dedication),2026-08-05,10351397,2856721596693d6873afba357450deda,manispaa_8581.jpg,quality digit 3 = Good quality -> Grade_B,2270.43
B_L3O_10353154.jpg,"Tobacco leaves dataset (Virginia flue-cured, Tanzania)",https://dataverse.harvard.edu/api/access/datafile/10353154,L3O,Grade_B,960x1440,JPEG,CC0 1.0 Universal (public domain dedication),2026-08-05,10353154,57cbdc603d9bc343ab4022d9b66570ea,uyui_10960.jpg,quality digit 3 = Good quality -> Grade_B,2763.14
B_L3O_10351736.jpg,"Tobacco leaves dataset (Virginia flue-cured, Tanzania)",https://dataverse.harvard.edu/api/access/datafile/10351736,L3O,Grade_B,960x1440,JPEG,CC0 1.0 Universal (public domain dedication),2026-08-05,10351736,781bca13478851e8a1bdd0a385b62efb,manispaa_2069.jpg,quality digit 3 = Good quality -> Grade_B,2240.51
B_L3O_10353035.jpg,"Tobacco leaves dataset (Virginia flue-cured, Tanzania)",https://dataverse.harvard.edu/api/access/datafile/10353035,L3O,Grade_B,960x1440,JPEG,CC0 1.0 Universal (public domain dedication),2026-08-05,10353035,eaedd5cb70294acc4cc309ce729aad4a,urambo_2656.jpg,quality digit 3 = Good quality -> Grade_B,2689.46
B_L3O_10349502.jpg,"Tobacco leaves dataset (Virginia flue-cured, Tanzania)",https://dataverse.harvard.edu/api/access/datafile/10349502,L3O,Grade_B,960x1440,JPEG,CC0 1.0 Universal (public domain dedication),2026-08-05,10349502,638ce5cc905a46d455b3cfa3ff1330df,manispaa_13584.jpg,quality digit 3 = Good quality -> Grade_B,2900.93
B_L3O_10355013.jpg,"Tobacco leaves dataset (Virginia flue-cured, Tanzania)",https://dataverse.harvard.edu/api/access/datafile/10355013,L3O,Grade_B,960x1440,JPEG,CC0 1.0 Universal (public domain dedication),2026-08-05,10355013,03e98e13cd49c3403619618a75a14c73,uyui_8798.jpg,quality digit 3 = Good quality -> Grade_B,3631.82
B_L3O_10351762.jpg,"Tobacco leaves dataset (Virginia flue-cured, Tanzania)",https://dataverse.harvard.edu/api/access/datafile/10351762,L3O,Grade_B,960x1440,JPEG,CC0 1.0 Universal (public domain dedication),2026-08-05,10351762,e9fab1c94683fec36bd426b98851adbd,manispaa_8508.jpg,quality digit 3 = Good quality -> Grade_B,3089.93
B_L3O_10350252.jpg,"Tobacco leaves dataset (Virginia flue-cured, Tanzania)",https://dataverse.harvard.edu/api/access/datafile/10350252,L3O,Grade_B,960x1440,JPEG,CC0 1.0 Universal (public domain dedication),2026-08-05,10350252,1819969620b645f1ac9db0d66ee5d97b,manispaa_11289.jpg,quality digit 3 = Good quality -> Grade_B,2755.21
B_L3O_10352462.jpg,"Tobacco leaves dataset (Virginia flue-cured, Tanzania)",https://dataverse.harvard.edu/api/access/datafile/10352462,L3O,Grade_B,960x1440,JPEG,CC0 1.0 Universal (public domain dedication),2026-08-05,10352462,699abcd28883df8dbe325e60284c9caf,urambo_2733.jpg,quality digit 3 = Good quality -> Grade_B,2374.23
B_L3O_10351867.jpg,"Tobacco leaves dataset (Virginia flue-cured, Tanzania)",https://dataverse.harvard.edu/api/access/datafile/10351867,L3O,Grade_B,960x1440,JPEG,CC0 1.0 Universal (public domain dedication),2026-08-05,10351867,68e8402fe1723f2d92d9e4493beb33c6,manispaa_2274.jpg,quality digit 3 = Good quality -> Grade_B,3095.81
B_L3O_10350063.jpg,"Tobacco leaves dataset (Virginia flue-cured, Tanzania)",https://dataverse.harvard.edu/api/access/datafile/10350063,L3O,Grade_B,960x1440,JPEG,CC0 1.0 Universal (public domain dedication),2026-08-05,10350063,c7882d74a4717354ecc6d6e488bcd9a4,manispaa_1746.jpg,quality digit 3 = Good quality -> Grade_B,2089.52
B_L3O_10349936.jpg,"Tobacco leaves dataset (Virginia flue-cured, Tanzania)",https://dataverse.harvard.edu/api/access/datafile/10349936,L3O,Grade_B,960x1440,JPEG,CC0 1.0 Universal (public domain dedication),2026-08-05,10349936,bac24429ef58a1d2f1b7b0d7a78c072b,kaliua_9291.jpg,quality digit 3 = Good quality -> Grade_B,2344.75
B_L3O_10351411.jpg,"Tobacco leaves dataset (Virginia flue-cured, Tanzania)",https://dataverse.harvard.edu/api/access/datafile/10351411,L3O,Grade_B,960x1440,JPEG,CC0 1.0 Universal (public domain dedication),2026-08-05,10351411,32c8ffe6625444bacda8c2c0a96fb5e3,manispaa_2211.jpg,quality digit 3 = Good quality -> Grade_B,2806.47
B_L3O_10353203.jpg,"Tobacco leaves dataset (Virginia flue-cured, Tanzania)",https://dataverse.harvard.edu/api/access/datafile/10353203,L3O,Grade_B,960x1440,JPEG,CC0 1.0 Universal (public domain dedication),2026-08-05,10353203,6fd4664f403c4329e5a27ec5c5d281e0,uyui_14549.jpg,quality digit 3 = Good quality -> Grade_B,3203.79
B_L3O_10354880.jpg,"Tobacco leaves dataset (Virginia flue-cured, Tanzania)",https://dataverse.harvard.edu/api/access/datafile/10354880,L3O,Grade_B,960x1440,JPEG,CC0 1.0 Universal (public domain dedication),2026-08-05,10354880,5357b40334d163296e73295544b6ea60,uyui_5060.jpg,quality digit 3 = Good quality -> Grade_B,2264.21
B_L3O_10352212.jpg,"Tobacco leaves dataset (Virginia flue-cured, Tanzania)",https://dataverse.harvard.edu/api/access/datafile/10352212,L3O,Grade_B,960x1440,JPEG,CC0 1.0 Universal (public domain dedication),2026-08-05,10352212,d0f0871f17d9954b8e2ddf7fa974d217,manispaa_8461.jpg,quality digit 3 = Good quality -> Grade_B,2055.49
B_L3O_10350263.jpg,"Tobacco leaves dataset (Virginia flue-cured, Tanzania)",https://dataverse.harvard.edu/api/access/datafile/10350263,L3O,Grade_B,960x1440,JPEG,CC0 1.0 Universal (public domain dedication),2026-08-05,10350263,a76a2f655d85b32005e006905c28a44a,manispaa_1786.jpg,quality digit 3 = Good quality -> Grade_B,1770.76
B_L3O_10351699.jpg,"Tobacco leaves dataset (Virginia flue-cured, Tanzania)",https://dataverse.harvard.edu/api/access/datafile/10351699,L3O,Grade_B,960x1440,JPEG,CC0 1.0 Universal (public domain dedication),2026-08-05,10351699,ffd342c92990869c818273f45b4e46ef,manispaa_8376.jpg,quality digit 3 = Good quality -> Grade_B,2103.74
B_L3O_10354529.jpg,"Tobacco leaves dataset (Virginia flue-cured, Tanzania)",https://dataverse.harvard.edu/api/access/datafile/10354529,L3O,Grade_B,960x1440,JPEG,CC0 1.0 Universal (public domain dedication),2026-08-05,10354529,63bfba85c3a676b47792cd08f347ce2d,uyui_8683.jpg,quality digit 3 = Good quality -> Grade_B,2058.75
B_L3O_10350762.jpg,"Tobacco leaves dataset (Virginia flue-cured, Tanzania)",https://dataverse.harvard.edu/api/access/datafile/10350762,L3O,Grade_B,960x1440,JPEG,CC0 1.0 Universal (public domain dedication),2026-08-05,10350762,44ebf4a311997a8e87fdcde62c5487e4,kaliua_1241.jpg,quality digit 3 = Good quality -> Grade_B,3164.15
B_L3O_10352521.jpg,"Tobacco leaves dataset (Virginia flue-cured, Tanzania)",https://dataverse.harvard.edu/api/access/datafile/10352521,L3O,Grade_B,960x1440,JPEG,CC0 1.0 Universal (public domain dedication),2026-08-05,10352521,7f09e33eb05cb4fef42510b6fc44c0e1,uyui_10819.jpg,quality digit 3 = Good quality -> Grade_B,3386.41
B_L3O_10353829.jpg,"Tobacco leaves dataset (Virginia flue-cured, Tanzania)",https://dataverse.harvard.edu/api/access/datafile/10353829,L3O,Grade_B,960x1440,JPEG,CC0 1.0 Universal (public domain dedication),2026-08-05,10353829,5123477131a9896d2b743e7319c64630,uyui_14699.jpg,quality digit 3 = Good quality -> Grade_B,3362.37
B_L3O_10349601.jpg,"Tobacco leaves dataset (Virginia flue-cured, Tanzania)",https://dataverse.harvard.edu/api/access/datafile/10349601,L3O,Grade_B,960x1440,JPEG,CC0 1.0 Universal (public domain dedication),2026-08-05,10349601,722ba606b127d001705f1a78d6a680df,manispaa_13635.jpg,quality digit 3 = Good quality -> Grade_B,3128.43
B_L3O_10352504.jpg,"Tobacco leaves dataset (Virginia flue-cured, Tanzania)",https://dataverse.harvard.edu/api/access/datafile/10352504,L3O,Grade_B,960x1440,JPEG,CC0 1.0 Universal (public domain dedication),2026-08-05,10352504,d471cbfe1d08b959e1a3209543fdb70e,urambo_2764.jpg,quality digit 3 = Good quality -> Grade_B,3067.4
B_L3O_10351951.jpg,"Tobacco leaves dataset (Virginia flue-cured, Tanzania)",https://dataverse.harvard.edu/api/access/datafile/10351951,L3O,Grade_B,960x1440,JPEG,CC0 1.0 Universal (public domain dedication),2026-08-05,10351951,d054d82d1ea60cdc9ea3f07e6683d26b,manispaa_4823.jpg,quality digit 3 = Good quality -> Grade_B,1974.2
B_L3O_10349990.jpg,"Tobacco leaves dataset (Virginia flue-cured, Tanzania)",https://dataverse.harvard.edu/api/access/datafile/10349990,L3O,Grade_B,960x1440,JPEG,CC0 1.0 Universal (public domain dedication),2026-08-05,10349990,86edca40ac6da068b474fedc187f14f2,manispaa_1923.jpg,quality digit 3 = Good quality -> Grade_B,1903.41
B_L3O_10354795.jpg,"Tobacco leaves dataset (Virginia flue-cured, Tanzania)",https://dataverse.harvard.edu/api/access/datafile/10354795,L3O,Grade_B,960x1440,JPEG,CC0 1.0 Universal (public domain dedication),2026-08-05,10354795,0c9cb876d08738ff293804b4706ccd44,uyui_1709.jpg,quality digit 3 = Good quality -> Grade_B,2722.83
B_L3O_10351684.jpg,"Tobacco leaves dataset (Virginia flue-cured, Tanzania)",https://dataverse.harvard.edu/api/access/datafile/10351684,L3O,Grade_B,960x1440,JPEG,CC0 1.0 Universal (public domain dedication),2026-08-05,10351684,931c2203db1db659ec7768bd46c06fd1,manispaa_2284.jpg,quality digit 3 = Good quality -> Grade_B,2948.24
B_L3O_10354714.jpg,"Tobacco leaves dataset (Virginia flue-cured, Tanzania)",https://dataverse.harvard.edu/api/access/datafile/10354714,L3O,Grade_B,960x1440,JPEG,CC0 1.0 Universal (public domain dedication),2026-08-05,10354714,f59c2ad3a5f78c9c56c0188e99b4ea02,uyui_1645.jpg,quality digit 3 = Good quality -> Grade_B,2545.83
B_L3O_10350332.jpg,"Tobacco leaves dataset (Virginia flue-cured, Tanzania)",https://dataverse.harvard.edu/api/access/datafile/10350332,L3O,Grade_B,960x1440,JPEG,CC0 1.0 Universal (public domain dedication),2026-08-05,10350332,cf80e3577652752385545d110df7beb8,kaliua_9320.jpg,quality digit 3 = Good quality -> Grade_B,2833.56
B_L3O_10351543.jpg,"Tobacco leaves dataset (Virginia flue-cured, Tanzania)",https://dataverse.harvard.edu/api/access/datafile/10351543,L3O,Grade_B,960x1440,JPEG,CC0 1.0 Universal (public domain dedication),2026-08-05,10351543,b9ad19c24d66b611bdb681f24a1097f1,manispaa_2126.jpg,quality digit 3 = Good quality -> Grade_B,2975.0
B_L3O_10350524.jpg,"Tobacco leaves dataset (Virginia flue-cured, Tanzania)",https://dataverse.harvard.edu/api/access/datafile/10350524,L3O,Grade_B,960x1440,JPEG,CC0 1.0 Universal (public domain dedication),2026-08-05,10350524,d0db97b60571379b471cc771fbb744a8,kaliua_1180.jpg,quality digit 3 = Good quality -> Grade_B,2965.14
B_L3O_10352874.jpg,"Tobacco leaves dataset (Virginia flue-cured, Tanzania)",https://dataverse.harvard.edu/api/access/datafile/10352874,L3O,Grade_B,960x1440,JPEG,CC0 1.0 Universal (public domain dedication),2026-08-05,10352874,a45f5e82c28970948f530c4edf5def31,urambo_4672.jpg,quality digit 3 = Good quality -> Grade_B,3469.62
B_L3O_10352369.jpg,"Tobacco leaves dataset (Virginia flue-cured, Tanzania)",https://dataverse.harvard.edu/api/access/datafile/10352369,L3O,Grade_B,960x1440,JPEG,CC0 1.0 Universal (public domain dedication),2026-08-05,10352369,1f6962be15ae543c1385a63bf997e35b,urambo_5904.jpg,quality digit 3 = Good quality -> Grade_B,5569.53
B_L3O_10352451.jpg,"Tobacco leaves dataset (Virginia flue-cured, Tanzania)",https://dataverse.harvard.edu/api/access/datafile/10352451,L3O,Grade_B,960x1440,JPEG,CC0 1.0 Universal (public domain dedication),2026-08-05,10352451,1f479a01424c9b53670e81f721db611d,urambo_5922.jpg,quality digit 3 = Good quality -> Grade_B,4789.69
B_L3O_10352373.jpg,"Tobacco leaves dataset (Virginia flue-cured, Tanzania)",https://dataverse.harvard.edu/api/access/datafile/10352373,L3O,Grade_B,960x1440,JPEG,CC0 1.0 Universal (public domain dedication),2026-08-05,10352373,2425faac44ce47afd8248e08519b9aee,urambo_4682.jpg,quality digit 3 = Good quality -> Grade_B,4247.26
B_L3O_10353453.jpg,"Tobacco leaves dataset (Virginia flue-cured, Tanzania)",https://dataverse.harvard.edu/api/access/datafile/10353453,L3O,Grade_B,960x1440,JPEG,CC0 1.0 Universal (public domain dedication),2026-08-05,10353453,44bd4f7e701f6359d61e7f9ba918974d,uyui_11140.jpg,quality digit 3 = Good quality -> Grade_B,3054.96
B_L3O_10352652.jpg,"Tobacco leaves dataset (Virginia flue-cured, Tanzania)",https://dataverse.harvard.edu/api/access/datafile/10352652,L3O,Grade_B,960x1440,JPEG,CC0 1.0 Universal (public domain dedication),2026-08-05,10352652,df8ce4b4652c15d7a931b568fda5ce0a,urambo_2618.jpg,quality digit 3 = Good quality -> Grade_B,2544.98
B_L3O_10350849.jpg,"Tobacco leaves dataset (Virginia flue-cured, Tanzania)",https://dataverse.harvard.edu/api/access/datafile/10350849,L3O,Grade_B,960x1440,JPEG,CC0 1.0 Universal (public domain dedication),2026-08-05,10350849,07df61c0dd8f8f2e359ccf780a8faa82,kaliua_1155.jpg,quality digit 3 = Good quality -> Grade_B,2708.01
B_L3O_10350037.jpg,"Tobacco leaves dataset (Virginia flue-cured, Tanzania)",https://dataverse.harvard.edu/api/access/datafile/10350037,L3O,Grade_B,960x1440,JPEG,CC0 1.0 Universal (public domain dedication),2026-08-05,10350037,19bc3d31a72a4cff76b537edce5427a8,manispaa_13650.jpg,quality digit 3 = Good quality -> Grade_B,1835.3
B_L3O_10354078.jpg,"Tobacco leaves dataset (Virginia flue-cured, Tanzania)",https://dataverse.harvard.edu/api/access/datafile/10354078,L3O,Grade_B,960x1440,JPEG,CC0 1.0 Universal (public domain dedication),2026-08-05,10354078,f337b8cdf57f2f0886d57ee647711d07,uyui_5102.jpg,quality digit 3 = Good quality -> Grade_B,2301.27
B_L3O_10351487.jpg,"Tobacco leaves dataset (Virginia flue-cured, Tanzania)",https://dataverse.harvard.edu/api/access/datafile/10351487,L3O,Grade_B,960x1440,JPEG,CC0 1.0 Universal (public domain dedication),2026-08-05,10351487,7f81d5ae23d6130449bd8cab33dfe3a7,manispaa_8294.jpg,quality digit 3 = Good quality -> Grade_B,2803.56
B_L3O_10352409.jpg,"Tobacco leaves dataset (Virginia flue-cured, Tanzania)",https://dataverse.harvard.edu/api/access/datafile/10352409,L3O,Grade_B,960x1440,JPEG,CC0 1.0 Universal (public domain dedication),2026-08-05,10352409,4b1f7289f9956996f84da1d817fad752,uyui_10689.jpg,quality digit 3 = Good quality -> Grade_B,2671.18
B_L3O_10350721.jpg,"Tobacco leaves dataset (Virginia flue-cured, Tanzania)",https://dataverse.harvard.edu/api/access/datafile/10350721,L3O,Grade_B,960x1440,JPEG,CC0 1.0 Universal (public domain dedication),2026-08-05,10350721,6afcd1119dc74973ab75236c2743e81e,kaliua_11820.jpg,quality digit 3 = Good quality -> Grade_B,2436.69
B_L3O_10354205.jpg,"Tobacco leaves dataset (Virginia flue-cured, Tanzania)",https://dataverse.harvard.edu/api/access/datafile/10354205,L3O,Grade_B,960x1440,JPEG,CC0 1.0 Universal (public domain dedication),2026-08-05,10354205,9a8874d1709938922aed29593e94e2ce,uyui_5153.jpg,quality digit 3 = Good quality -> Grade_B,1953.45
B_L3O_10352001.jpg,"Tobacco leaves dataset (Virginia flue-cured, Tanzania)",https://dataverse.harvard.edu/api/access/datafile/10352001,L3O,Grade_B,960x1440,JPEG,CC0 1.0 Universal (public domain dedication),2026-08-05,10352001,0e3d758e138438d53cb8fba4dafb2a24,manispaa_2370.jpg,quality digit 3 = Good quality -> Grade_B,2509.48
B_L3O_10354272.jpg,"Tobacco leaves dataset (Virginia flue-cured, Tanzania)",https://dataverse.harvard.edu/api/access/datafile/10354272,L3O,Grade_B,960x1440,JPEG,CC0 1.0 Universal (public domain dedication),2026-08-05,10354272,b2f577578a969af5a935303780f77727,uyui_1699.jpg,quality digit 3 = Good quality -> Grade_B,2639.83
B_L3O_10350623.jpg,"Tobacco leaves dataset (Virginia flue-cured, Tanzania)",https://dataverse.harvard.edu/api/access/datafile/10350623,L3O,Grade_B,960x1440,JPEG,CC0 1.0 Universal (public domain dedication),2026-08-05,10350623,ee3fad74a1d1c5cad43fad1be5ded5c5,kaliua_1149.jpg,quality digit 3 = Good quality -> Grade_B,2690.5
B_L3O_10353189.jpg,"Tobacco leaves dataset (Virginia flue-cured, Tanzania)",https://dataverse.harvard.edu/api/access/datafile/10353189,L3O,Grade_B,960x1440,JPEG,CC0 1.0 Universal (public domain dedication),2026-08-05,10353189,ca038e372e418643dc1cfde8dfdac85b,uyui_11306.jpg,quality digit 3 = Good quality -> Grade_B,2972.31
B_L3O_10350894.jpg,"Tobacco leaves dataset (Virginia flue-cured, Tanzania)",https://dataverse.harvard.edu/api/access/datafile/10350894,L3O,Grade_B,960x1440,JPEG,CC0 1.0 Universal (public domain dedication),2026-08-05,10350894,17aea20fb7d37b540f41b7fce100c607,kaliua_4336.jpg,quality digit 3 = Good quality -> Grade_B,2737.88
B_L3O_10354561.jpg,"Tobacco leaves dataset (Virginia flue-cured, Tanzania)",https://dataverse.harvard.edu/api/access/datafile/10354561,L3O,Grade_B,960x1440,JPEG,CC0 1.0 Universal (public domain dedication),2026-08-05,10354561,fdb7bf19237b543d2e972d62f313f619,uyui_1623.jpg,quality digit 3 = Good quality -> Grade_B,2397.94
B_L3O_10353755.jpg,"Tobacco leaves dataset (Virginia flue-cured, Tanzania)",https://dataverse.harvard.edu/api/access/datafile/10353755,L3O,Grade_B,960x1440,JPEG,CC0 1.0 Universal (public domain dedication),2026-08-05,10353755,32908ceadd15c167deb93a77354c2693,uyui_1421.jpg,quality digit 3 = Good quality -> Grade_B,1991.01
B_L3O_10353698.jpg,"Tobacco leaves dataset (Virginia flue-cured, Tanzania)",https://dataverse.harvard.edu/api/access/datafile/10353698,L3O,Grade_B,960x1440,JPEG,CC0 1.0 Universal (public domain dedication),2026-08-05,10353698,019bbb855b0cf037c5f6be791b645108,uyui_14654.jpg,quality digit 3 = Good quality -> Grade_B,3026.2
B_L3O_10350870.jpg,"Tobacco leaves dataset (Virginia flue-cured, Tanzania)",https://dataverse.harvard.edu/api/access/datafile/10350870,L3O,Grade_B,960x1440,JPEG,CC0 1.0 Universal (public domain dedication),2026-08-05,10350870,5b8e73fec917e358549c291d3460dfa2,kaliua_7541.jpg,quality digit 3 = Good quality -> Grade_B,2683.91
B_L3O_10352949.jpg,"Tobacco leaves dataset (Virginia flue-cured, Tanzania)",https://dataverse.harvard.edu/api/access/datafile/10352949,L3O,Grade_B,960x1440,JPEG,CC0 1.0 Universal (public domain dedication),2026-08-05,10352949,9daea4cd1301fe082dbead3705be1362,urambo_2754.jpg,quality digit 3 = Good quality -> Grade_B,2751.65
B_L3OF_10328716.jpg,"Tobacco leaves dataset (Virginia flue-cured, Tanzania)",https://dataverse.harvard.edu/api/access/datafile/10328716,L3OF,Grade_B,960x1440,JPEG,CC0 1.0 Universal (public domain dedication),2026-08-05,10328716,e798180d4ae45dc813674f4586ad04bc,Pro-Capture One 06814.jpg,quality digit 3 = Good quality -> Grade_B,3301.42
B_L3OF_10327469.jpg,"Tobacco leaves dataset (Virginia flue-cured, Tanzania)",https://dataverse.harvard.edu/api/access/datafile/10327469,L3OF,Grade_B,960x1440,JPEG,CC0 1.0 Universal (public domain dedication),2026-08-05,10327469,076a7e200dbe72b1072ad641cad0225e,kaliua_4399.jpg,quality digit 3 = Good quality -> Grade_B,2313.29
B_L3OF_10327258.jpg,"Tobacco leaves dataset (Virginia flue-cured, Tanzania)",https://dataverse.harvard.edu/api/access/datafile/10327258,L3OF,Grade_B,960x1440,JPEG,CC0 1.0 Universal (public domain dedication),2026-08-05,10327258,cfaa9a4d33b7ed421b815820995ff7c8,manispaa_13831.jpg,quality digit 3 = Good quality -> Grade_B,1989.75
B_L3OF_10329641.jpg,"Tobacco leaves dataset (Virginia flue-cured, Tanzania)",https://dataverse.harvard.edu/api/access/datafile/10329641,L3OF,Grade_B,960x1440,JPEG,CC0 1.0 Universal (public domain dedication),2026-08-05,10329641,9b7ae29376280c09526878efc6b3e54d,urambo_4810.jpg,quality digit 3 = Good quality -> Grade_B,3843.92
B_L3OF_10328596.jpg,"Tobacco leaves dataset (Virginia flue-cured, Tanzania)",https://dataverse.harvard.edu/api/access/datafile/10328596,L3OF,Grade_B,960x1440,JPEG,CC0 1.0 Universal (public domain dedication),2026-08-05,10328596,20935b20aa1cbc24f29a22ae28cee3e1,manispaa_8717.jpg,quality digit 3 = Good quality -> Grade_B,2373.55
B_L3OF_10332531.jpg,"Tobacco leaves dataset (Virginia flue-cured, Tanzania)",https://dataverse.harvard.edu/api/access/datafile/10332531,L3OF,Grade_B,960x1440,JPEG,CC0 1.0 Universal (public domain dedication),2026-08-05,10332531,3ee563b93fb8d874031687ff94314d52,uyui_5296.jpg,quality digit 3 = Good quality -> Grade_B,2293.93
B_L3OF_10328688.jpg,"Tobacco leaves dataset (Virginia flue-cured, Tanzania)",https://dataverse.harvard.edu/api/access/datafile/10328688,L3OF,Grade_B,960x1440,JPEG,CC0 1.0 Universal (public domain dedication),2026-08-05,10328688,f53b074ef4ddc9ebe4d187f113f57388,urambo_1069.jpg,quality digit 3 = Good quality -> Grade_B,3203.91
B_L3OF_10327369.jpg,"Tobacco leaves dataset (Virginia flue-cured, Tanzania)",https://dataverse.harvard.edu/api/access/datafile/10327369,L3OF,Grade_B,960x1440,JPEG,CC0 1.0 Universal (public domain dedication),2026-08-05,10327369,59da20a86c20244236e547defd034f95,manispaa_4963.jpg,quality digit 3 = Good quality -> Grade_B,3897.85
B_L3OF_10328572.jpg,"Tobacco leaves dataset (Virginia flue-cured, Tanzania)",https://dataverse.harvard.edu/api/access/datafile/10328572,L3OF,Grade_B,960x1440,JPEG,CC0 1.0 Universal (public domain dedication),2026-08-05,10328572,1a68c7fd42d6f45daa9db8315d19c50a,urambo_1039.jpg,quality digit 3 = Good quality -> Grade_B,2857.95
B_L3OF_10330158.jpg,"Tobacco leaves dataset (Virginia flue-cured, Tanzania)",https://dataverse.harvard.edu/api/access/datafile/10330158,L3OF,Grade_B,960x1440,JPEG,CC0 1.0 Universal (public domain dedication),2026-08-05,10330158,13915060c176c853a9e206f509ea229c,urambo_6093.jpg,quality digit 3 = Good quality -> Grade_B,5826.29
B_L3OF_10333010.jpg,"Tobacco leaves dataset (Virginia flue-cured, Tanzania)",https://dataverse.harvard.edu/api/access/datafile/10333010,L3OF,Grade_B,960x1440,JPEG,CC0 1.0 Universal (public domain dedication),2026-08-05,10333010,6f18d2eb854b3ca5ef7836b5ab6174c9,uyui_9172.jpg,quality digit 3 = Good quality -> Grade_B,3522.94
B_L3OF_10332092.jpg,"Tobacco leaves dataset (Virginia flue-cured, Tanzania)",https://dataverse.harvard.edu/api/access/datafile/10332092,L3OF,Grade_B,960x1440,JPEG,CC0 1.0 Universal (public domain dedication),2026-08-05,10332092,d7665fc3b41e63688c7b523e717a5b1f,uyui_1962.jpg,quality digit 3 = Good quality -> Grade_B,2025.85
B_L3OF_10328957.jpg,"Tobacco leaves dataset (Virginia flue-cured, Tanzania)",https://dataverse.harvard.edu/api/access/datafile/10328957,L3OF,Grade_B,960x1440,JPEG,CC0 1.0 Universal (public domain dedication),2026-08-05,10328957,90f36dd7c749c4981001ba6cf8637ef3,manispaa_8728.jpg,quality digit 3 = Good quality -> Grade_B,2288.38
B_L3OF_10327549.jpg,"Tobacco leaves dataset (Virginia flue-cured, Tanzania)",https://dataverse.harvard.edu/api/access/datafile/10327549,L3OF,Grade_B,960x1440,JPEG,CC0 1.0 Universal (public domain dedication),2026-08-05,10327549,da9c88b3b2569208eef8034474d93804,kaliua_4358.jpg,quality digit 3 = Good quality -> Grade_B,2458.87
B_L3OF_10329287.jpg,"Tobacco leaves dataset (Virginia flue-cured, Tanzania)",https://dataverse.harvard.edu/api/access/datafile/10329287,L3OF,Grade_B,960x1440,JPEG,CC0 1.0 Universal (public domain dedication),2026-08-05,10329287,c8ca0e30b127b934e37c4281d4a712cb,Pro-Capture One 08230.jpg,quality digit 3 = Good quality -> Grade_B,1900.36
B_L3OF_10327479.jpg,"Tobacco leaves dataset (Virginia flue-cured, Tanzania)",https://dataverse.harvard.edu/api/access/datafile/10327479,L3OF,Grade_B,960x1440,JPEG,CC0 1.0 Universal (public domain dedication),2026-08-05,10327479,b8244f4bc6486b23d6cc1508cc7c9c32,kaliua_12102.jpg,quality digit 3 = Good quality -> Grade_B,2968.76
B_L3OF_10326990.jpg,"Tobacco leaves dataset (Virginia flue-cured, Tanzania)",https://dataverse.harvard.edu/api/access/datafile/10326990,L3OF,Grade_B,960x1440,JPEG,CC0 1.0 Universal (public domain dedication),2026-08-05,10326990,c1e64d570e837b121385713879be44aa,kaliua_4408.jpg,quality digit 3 = Good quality -> Grade_B,2330.76
B_L3OF_10329863.jpg,"Tobacco leaves dataset (Virginia flue-cured, Tanzania)",https://dataverse.harvard.edu/api/access/datafile/10329863,L3OF,Grade_B,960x1440,JPEG,CC0 1.0 Universal (public domain dedication),2026-08-05,10329863,292a4f6a65911381f85647287888fda7,urambo_1309.jpg,quality digit 3 = Good quality -> Grade_B,3892.25
B_L3OF_10332911.jpg,"Tobacco leaves dataset (Virginia flue-cured, Tanzania)",https://dataverse.harvard.edu/api/access/datafile/10332911,L3OF,Grade_B,960x1440,JPEG,CC0 1.0 Universal (public domain dedication),2026-08-05,10332911,cfd6c1c938ee98239dbeb68c554197bb,uyui_1925.jpg,quality digit 3 = Good quality -> Grade_B,1977.95
B_L3OF_10332668.jpg,"Tobacco leaves dataset (Virginia flue-cured, Tanzania)",https://dataverse.harvard.edu/api/access/datafile/10332668,L3OF,Grade_B,960x1440,JPEG,CC0 1.0 Universal (public domain dedication),2026-08-05,10332668,c13fd5dd8990e99d77e904618e29ffd3,uyui_2197.jpg,quality digit 3 = Good quality -> Grade_B,2268.26
B_L3OF_10329696.jpg,"Tobacco leaves dataset (Virginia flue-cured, Tanzania)",https://dataverse.harvard.edu/api/access/datafile/10329696,L3OF,Grade_B,960x1440,JPEG,CC0 1.0 Universal (public domain dedication),2026-08-05,10329696,0a178233f16729c1009f639f858b06b2,urambo_1357.jpg,quality digit 3 = Good quality -> Grade_B,2452.88
B_L3OF_10330107.jpg,"Tobacco leaves dataset (Virginia flue-cured, Tanzania)",https://dataverse.harvard.edu/api/access/datafile/10330107,L3OF,Grade_B,960x1440,JPEG,CC0 1.0 Universal (public domain dedication),2026-08-05,10330107,82c721a1ec35f2942c87007605641c08,urambo_6041.jpg,quality digit 3 = Good quality -> Grade_B,3942.95
B_L3OF_10329527.jpg,"Tobacco leaves dataset (Virginia flue-cured, Tanzania)",https://dataverse.harvard.edu/api/access/datafile/10329527,L3OF,Grade_B,960x1440,JPEG,CC0 1.0 Universal (public domain dedication),2026-08-05,10329527,70d9af1bce4ee58c0a14ebc98b245a1f,urambo_1327.jpg,quality digit 3 = Good quality -> Grade_B,3082.7
B_L3OF_10327320.jpg,"Tobacco leaves dataset (Virginia flue-cured, Tanzania)",https://dataverse.harvard.edu/api/access/datafile/10327320,L3OF,Grade_B,960x1440,JPEG,CC0 1.0 Universal (public domain dedication),2026-08-05,10327320,f17f2e8e965702d18daa797a27f9ec55,kaliua_7822.jpg,quality digit 3 = Good quality -> Grade_B,3012.93
B_L3OF_10332472.jpg,"Tobacco leaves dataset (Virginia flue-cured, Tanzania)",https://dataverse.harvard.edu/api/access/datafile/10332472,L3OF,Grade_B,960x1440,JPEG,CC0 1.0 Universal (public domain dedication),2026-08-05,10332472,fd5e462f6226e367cf4d11b410947dc7,uyui_5313.jpg,quality digit 3 = Good quality -> Grade_B,1755.81
B_L3OF_10327267.jpg,"Tobacco leaves dataset (Virginia flue-cured, Tanzania)",https://dataverse.harvard.edu/api/access/datafile/10327267,L3OF,Grade_B,960x1440,JPEG,CC0 1.0 Universal (public domain dedication),2026-08-05,10327267,a220bd21b0ec08dd4315c46b02b16d6b,kaliua_4367.jpg,quality digit 3 = Good quality -> Grade_B,2939.03
B_L3OF_10328786.jpg,"Tobacco leaves dataset (Virginia flue-cured, Tanzania)",https://dataverse.harvard.edu/api/access/datafile/10328786,L3OF,Grade_B,960x1440,JPEG,CC0 1.0 Universal (public domain dedication),2026-08-05,10328786,dd6a49b3106f7dd1a54f21540e8af578,Pro-Capture One 06297.jpg,quality digit 3 = Good quality -> Grade_B,2632.84
B_L3OF_10329151.jpg,"Tobacco leaves dataset (Virginia flue-cured, Tanzania)",https://dataverse.harvard.edu/api/access/datafile/10329151,L3OF,Grade_B,960x1440,JPEG,CC0 1.0 Universal (public domain dedication),2026-08-05,10329151,eb33076d0e61c885fc79bcb2351cd767,urambo_1135.jpg,quality digit 3 = Good quality -> Grade_B,2383.4
B_L3OF_10332808.jpg,"Tobacco leaves dataset (Virginia flue-cured, Tanzania)",https://dataverse.harvard.edu/api/access/datafile/10332808,L3OF,Grade_B,960x1440,JPEG,CC0 1.0 Universal (public domain dedication),2026-08-05,10332808,e3364760abcfa77624b15696d0cdcea1,uyui_14869.jpg,quality digit 3 = Good quality -> Grade_B,2994.77
B_L3OF_10329728.jpg,"Tobacco leaves dataset (Virginia flue-cured, Tanzania)",https://dataverse.harvard.edu/api/access/datafile/10329728,L3OF,Grade_B,960x1440,JPEG,CC0 1.0 Universal (public domain dedication),2026-08-05,10329728,fb1cb7fc3c2b8d67b0d3888bfb6fe08a,urambo_882.jpg,quality digit 3 = Good quality -> Grade_B,3179.88
B_L3OF_10329480.jpg,"Tobacco leaves dataset (Virginia flue-cured, Tanzania)",https://dataverse.harvard.edu/api/access/datafile/10329480,L3OF,Grade_B,960x1440,JPEG,CC0 1.0 Universal (public domain dedication),2026-08-05,10329480,c0f318f08f9fbc0dfb24746f63eb1900,urambo_1299.jpg,quality digit 3 = Good quality -> Grade_B,2910.14
B_L3OF_10326935.jpg,"Tobacco leaves dataset (Virginia flue-cured, Tanzania)",https://dataverse.harvard.edu/api/access/datafile/10326935,L3OF,Grade_B,960x1440,JPEG,CC0 1.0 Universal (public domain dedication),2026-08-05,10326935,69e2ad6e44a9c6077af180a43b695cb9,kaliua_4444.jpg,quality digit 3 = Good quality -> Grade_B,961.5
B_L3OF_10329764.jpg,"Tobacco leaves dataset (Virginia flue-cured, Tanzania)",https://dataverse.harvard.edu/api/access/datafile/10329764,L3OF,Grade_B,960x1440,JPEG,CC0 1.0 Universal (public domain dedication),2026-08-05,10329764,28ed04954670a36321313f50892a8d06,urambo_1460.jpg,quality digit 3 = Good quality -> Grade_B,2974.16
B_L3OF_10328628.jpg,"Tobacco leaves dataset (Virginia flue-cured, Tanzania)",https://dataverse.harvard.edu/api/access/datafile/10328628,L3OF,Grade_B,960x1440,JPEG,CC0 1.0 Universal (public domain dedication),2026-08-05,10328628,e04cdc5055d611e42d049db9d6da7024,urambo_1041.jpg,quality digit 3 = Good quality -> Grade_B,3123.4
B_L3OF_10329457.jpg,"Tobacco leaves dataset (Virginia flue-cured, Tanzania)",https://dataverse.harvard.edu/api/access/datafile/10329457,L3OF,Grade_B,960x1440,JPEG,CC0 1.0 Universal (public domain dedication),2026-08-05,10329457,7644eeeafccb5e711aec27a973679ddd,urambo_1335.jpg,quality digit 3 = Good quality -> Grade_B,3069.16
B_L3OF_10329798.jpg,"Tobacco leaves dataset (Virginia flue-cured, Tanzania)",https://dataverse.harvard.edu/api/access/datafile/10329798,L3OF,Grade_B,960x1440,JPEG,CC0 1.0 Universal (public domain dedication),2026-08-05,10329798,f044d072f744cd222ca9712070ff3920,urambo_1368.jpg,quality digit 3 = Good quality -> Grade_B,2497.25
B_L3OF_10329997.jpg,"Tobacco leaves dataset (Virginia flue-cured, Tanzania)",https://dataverse.harvard.edu/api/access/datafile/10329997,L3OF,Grade_B,960x1440,JPEG,CC0 1.0 Universal (public domain dedication),2026-08-05,10329997,a16b858a17c422d47efbe5b6a3cc0d05,urambo_4771.jpg,quality digit 3 = Good quality -> Grade_B,3667.98
B_L3OF_10329770.jpg,"Tobacco leaves dataset (Virginia flue-cured, Tanzania)",https://dataverse.harvard.edu/api/access/datafile/10329770,L3OF,Grade_B,960x1440,JPEG,CC0 1.0 Universal (public domain dedication),2026-08-05,10329770,dc1c7db25b836f9d2be41b93f1049d1a,urambo_4698.jpg,quality digit 3 = Good quality -> Grade_B,2919.15
B_L3OF_10328750.jpg,"Tobacco leaves dataset (Virginia flue-cured, Tanzania)",https://dataverse.harvard.edu/api/access/datafile/10328750,L3OF,Grade_B,960x1440,JPEG,CC0 1.0 Universal (public domain dedication),2026-08-05,10328750,e5a55d44f2355f05d9392fadc8ff811c,manispaa_8730.jpg,quality digit 3 = Good quality -> Grade_B,2257.19
B_L3OF_10332527.jpg,"Tobacco leaves dataset (Virginia flue-cured, Tanzania)",https://dataverse.harvard.edu/api/access/datafile/10332527,L3OF,Grade_B,960x1440,JPEG,CC0 1.0 Universal (public domain dedication),2026-08-05,10332527,61a5ea35f8b8ae4a0895ace03ff33e41,uyui_5307.jpg,quality digit 3 = Good quality -> Grade_B,1521.7
B_L3OF_10327523.jpg,"Tobacco leaves dataset (Virginia flue-cured, Tanzania)",https://dataverse.harvard.edu/api/access/datafile/10327523,L3OF,Grade_B,960x1440,JPEG,CC0 1.0 Universal (public domain dedication),2026-08-05,10327523,35479d1d5997e79c71110e0a5949e10c,kaliua_12107.jpg,quality digit 3 = Good quality -> Grade_B,3862.79
B_L3OF_10329229.jpg,"Tobacco leaves dataset (Virginia flue-cured, Tanzania)",https://dataverse.harvard.edu/api/access/datafile/10329229,L3OF,Grade_B,960x1440,JPEG,CC0 1.0 Universal (public domain dedication),2026-08-05,10329229,c3653abd40c0cda88d27a7d47382b807,Pro-Capture One 06924.jpg,quality digit 3 = Good quality -> Grade_B,3582.87
B_L3OF_10332565.jpg,"Tobacco leaves dataset (Virginia flue-cured, Tanzania)",https://dataverse.harvard.edu/api/access/datafile/10332565,L3OF,Grade_B,960x1440,JPEG,CC0 1.0 Universal (public domain dedication),2026-08-05,10332565,63a6fcef3a55680fd4237c6fbc52af68,uyui_14917.jpg,quality digit 3 = Good quality -> Grade_B,2604.49
B_L3OF_10329341.jpg,"Tobacco leaves dataset (Virginia flue-cured, Tanzania)",https://dataverse.harvard.edu/api/access/datafile/10329341,L3OF,Grade_B,960x1440,JPEG,CC0 1.0 Universal (public domain dedication),2026-08-05,10329341,8533a873b4b2016830ae70c5a0b8e574,Pro-Capture One 06821.jpg,quality digit 3 = Good quality -> Grade_B,3533.34
B_L3OF_10329170.jpg,"Tobacco leaves dataset (Virginia flue-cured, Tanzania)",https://dataverse.harvard.edu/api/access/datafile/10329170,L3OF,Grade_B,960x1440,JPEG,CC0 1.0 Universal (public domain dedication),2026-08-05,10329170,bc726cb7ec829eb547101afe7a5732b3,urambo_1074.jpg,quality digit 3 = Good quality -> Grade_B,2858.02
B_L3OF_10329137.jpg,"Tobacco leaves dataset (Virginia flue-cured, Tanzania)",https://dataverse.harvard.edu/api/access/datafile/10329137,L3OF,Grade_B,960x1440,JPEG,CC0 1.0 Universal (public domain dedication),2026-08-05,10329137,948e41e8b335075e6121498b7f798859,Pro-Capture One 06307.jpg,quality digit 3 = Good quality -> Grade_B,2626.03
B_L3OF_10327290.jpg,"Tobacco leaves dataset (Virginia flue-cured, Tanzania)",https://dataverse.harvard.edu/api/access/datafile/10327290,L3OF,Grade_B,960x1440,JPEG,CC0 1.0 Universal (public domain dedication),2026-08-05,10327290,3ae5d3eda592e65816b9ff5beaf09ad7,kaliua_4413.jpg,quality digit 3 = Good quality -> Grade_B,2275.51
B_L3OF_10328635.jpg,"Tobacco leaves dataset (Virginia flue-cured, Tanzania)",https://dataverse.harvard.edu/api/access/datafile/10328635,L3OF,Grade_B,960x1440,JPEG,CC0 1.0 Universal (public domain dedication),2026-08-05,10328635,2db4eda355f23e3f61e38cc0e03e7966,urambo_1175.jpg,quality digit 3 = Good quality -> Grade_B,2745.24
B_L3OF_10329209.jpg,"Tobacco leaves dataset (Virginia flue-cured, Tanzania)",https://dataverse.harvard.edu/api/access/datafile/10329209,L3OF,Grade_B,960x1440,JPEG,CC0 1.0 Universal (public domain dedication),2026-08-05,10329209,48f5e222faf085e7fa0941215b692b99,manispaa_8689.jpg,quality digit 3 = Good quality -> Grade_B,2072.8
B_L3OF_10329387.jpg,"Tobacco leaves dataset (Virginia flue-cured, Tanzania)",https://dataverse.harvard.edu/api/access/datafile/10329387,L3OF,Grade_B,960x1440,JPEG,CC0 1.0 Universal (public domain dedication),2026-08-05,10329387,7965e9478908cdb9c9b057ecc27cdd65,Pro-Capture One 06313.jpg,quality digit 3 = Good quality -> Grade_B,2824.66
B_L3OF_10332811.jpg,"Tobacco leaves dataset (Virginia flue-cured, Tanzania)",https://dataverse.harvard.edu/api/access/datafile/10332811,L3OF,Grade_B,960x1440,JPEG,CC0 1.0 Universal (public domain dedication),2026-08-05,10332811,084dfc5e20be4ec23f3a6340845d4213,uyui_5291.jpg,quality digit 3 = Good quality -> Grade_B,2059.03
B_L3OF_10329787.jpg,"Tobacco leaves dataset (Virginia flue-cured, Tanzania)",https://dataverse.harvard.edu/api/access/datafile/10329787,L3OF,Grade_B,960x1440,JPEG,CC0 1.0 Universal (public domain dedication),2026-08-05,10329787,6950d318dafda472ac415fd749f3b90b,urambo_4802.jpg,quality digit 3 = Good quality -> Grade_B,3993.58
B_L3OF_10332868.jpg,"Tobacco leaves dataset (Virginia flue-cured, Tanzania)",https://dataverse.harvard.edu/api/access/datafile/10332868,L3OF,Grade_B,960x1440,JPEG,CC0 1.0 Universal (public domain dedication),2026-08-05,10332868,89046b2a5db0a90e76e688b512cdae8b,uyui_2186.jpg,quality digit 3 = Good quality -> Grade_B,2635.53
B_L3OF_10328561.jpg,"Tobacco leaves dataset (Virginia flue-cured, Tanzania)",https://dataverse.harvard.edu/api/access/datafile/10328561,L3OF,Grade_B,960x1440,JPEG,CC0 1.0 Universal (public domain dedication),2026-08-05,10328561,db17fb4fad99230f38690a601b878f95,Pro-Capture One 07873.jpg,quality digit 3 = Good quality -> Grade_B,2950.65
B_L3OF_10326857.jpg,"Tobacco leaves dataset (Virginia flue-cured, Tanzania)",https://dataverse.harvard.edu/api/access/datafile/10326857,L3OF,Grade_B,960x1440,JPEG,CC0 1.0 Universal (public domain dedication),2026-08-05,10326857,20cd2527f6cf75ad1c4963369c797aa4,kaliua_12079.jpg,quality digit 3 = Good quality -> Grade_B,3403.97
B_L3OF_10327257.jpg,"Tobacco leaves dataset (Virginia flue-cured, Tanzania)",https://dataverse.harvard.edu/api/access/datafile/10327257,L3OF,Grade_B,960x1440,JPEG,CC0 1.0 Universal (public domain dedication),2026-08-05,10327257,fee17b20a9193866ef0d4ea728db1267,manispaa_13785.jpg,quality digit 3 = Good quality -> Grade_B,1700.23
B_L3OF_10328940.jpg,"Tobacco leaves dataset (Virginia flue-cured, Tanzania)",https://dataverse.harvard.edu/api/access/datafile/10328940,L3OF,Grade_B,960x1440,JPEG,CC0 1.0 Universal (public domain dedication),2026-08-05,10328940,8f74ae580655d4bae3ea59a41e695b6f,Pro-Capture One 07134.jpg,quality digit 3 = Good quality -> Grade_B,2309.52
B_L3OF_10329044.jpg,"Tobacco leaves dataset (Virginia flue-cured, Tanzania)",https://dataverse.harvard.edu/api/access/datafile/10329044,L3OF,Grade_B,960x1440,JPEG,CC0 1.0 Universal (public domain dedication),2026-08-05,10329044,1a4b0e29d9805a46d07e2d47cd0c2f4a,manispaa_8745.jpg,quality digit 3 = Good quality -> Grade_B,2003.98
B_L3OF_10332627.jpg,"Tobacco leaves dataset (Virginia flue-cured, Tanzania)",https://dataverse.harvard.edu/api/access/datafile/10332627,L3OF,Grade_B,960x1440,JPEG,CC0 1.0 Universal (public domain dedication),2026-08-05,10332627,d0be3847fc29b8288407d6d4c7168770,uyui_5283.jpg,quality digit 3 = Good quality -> Grade_B,1851.68
B_L3OF_10328582.jpg,"Tobacco leaves dataset (Virginia flue-cured, Tanzania)",https://dataverse.harvard.edu/api/access/datafile/10328582,L3OF,Grade_B,960x1440,JPEG,CC0 1.0 Universal (public domain dedication),2026-08-05,10328582,50a0b785328925c08ec868ba0b792e20,Pro-Capture One 06284.jpg,quality digit 3 = Good quality -> Grade_B,2319.27
B_L3OF_10327329.jpg,"Tobacco leaves dataset (Virginia flue-cured, Tanzania)",https://dataverse.harvard.edu/api/access/datafile/10327329,L3OF,Grade_B,960x1440,JPEG,CC0 1.0 Universal (public domain dedication),2026-08-05,10327329,083a0e68e2448f8a91615488d44c0a05,kaliua_4351.jpg,quality digit 3 = Good quality -> Grade_B,2343.45
B_L3OF_10332592.jpg,"Tobacco leaves dataset (Virginia flue-cured, Tanzania)",https://dataverse.harvard.edu/api/access/datafile/10332592,L3OF,Grade_B,960x1440,JPEG,CC0 1.0 Universal (public domain dedication),2026-08-05,10332592,2f866c3369d3c786daf91e91811a7d8b,uyui_1869.jpg,quality digit 3 = Good quality -> Grade_B,1713.91
B_L3OF_10329715.jpg,"Tobacco leaves dataset (Virginia flue-cured, Tanzania)",https://dataverse.harvard.edu/api/access/datafile/10329715,L3OF,Grade_B,960x1440,JPEG,CC0 1.0 Universal (public domain dedication),2026-08-05,10329715,c0b6046cc9ca379b299ff59fc3236001,urambo_2986.jpg,quality digit 3 = Good quality -> Grade_B,3616.16
B_L3OF_10327126.jpg,"Tobacco leaves dataset (Virginia flue-cured, Tanzania)",https://dataverse.harvard.edu/api/access/datafile/10327126,L3OF,Grade_B,960x1440,JPEG,CC0 1.0 Universal (public domain dedication),2026-08-05,10327126,23607d14deb67c9965450a1855e3f197,manispaa_13844.jpg,quality digit 3 = Good quality -> Grade_B,3034.27
B_L3OF_10329349.jpg,"Tobacco leaves dataset (Virginia flue-cured, Tanzania)",https://dataverse.harvard.edu/api/access/datafile/10329349,L3OF,Grade_B,960x1440,JPEG,CC0 1.0 Universal (public domain dedication),2026-08-05,10329349,a1b78da7c59067567e61c041d4b7752d,Pro-Capture One 07341.jpg,quality digit 3 = Good quality -> Grade_B,2818.82
B_L3OF_10329501.jpg,"Tobacco leaves dataset (Virginia flue-cured, Tanzania)",https://dataverse.harvard.edu/api/access/datafile/10329501,L3OF,Grade_B,960x1440,JPEG,CC0 1.0 Universal (public domain dedication),2026-08-05,10329501,a050fc8c01177a20da8b8ecd6519c5be,urambo_876.jpg,quality digit 3 = Good quality -> Grade_B,3308.25
B_L3OF_10329216.jpg,"Tobacco leaves dataset (Virginia flue-cured, Tanzania)",https://dataverse.harvard.edu/api/access/datafile/10329216,L3OF,Grade_B,960x1440,JPEG,CC0 1.0 Universal (public domain dedication),2026-08-05,10329216,b50428b3fb00d6a67753458644d94b76,Pro-Capture One 08190.jpg,quality digit 3 = Good quality -> Grade_B,2286.49
B_L3OF_10330124.jpg,"Tobacco leaves dataset (Virginia flue-cured, Tanzania)",https://dataverse.harvard.edu/api/access/datafile/10330124,L3OF,Grade_B,960x1440,JPEG,CC0 1.0 Universal (public domain dedication),2026-08-05,10330124,77ecc570eb9d480805484f1a60ce5f2a,urambo_6020.jpg,quality digit 3 = Good quality -> Grade_B,4674.52
B_L3OF_10332360.jpg,"Tobacco leaves dataset (Virginia flue-cured, Tanzania)",https://dataverse.harvard.edu/api/access/datafile/10332360,L3OF,Grade_B,960x1440,JPEG,CC0 1.0 Universal (public domain dedication),2026-08-05,10332360,dde6ec50b71faf181bdf4b9deaca43c8,uyui_14940.jpg,quality digit 3 = Good quality -> Grade_B,2635.03
B_L3OF_10332611.jpg,"Tobacco leaves dataset (Virginia flue-cured, Tanzania)",https://dataverse.harvard.edu/api/access/datafile/10332611,L3OF,Grade_B,960x1440,JPEG,CC0 1.0 Universal (public domain dedication),2026-08-05,10332611,22ad8185ddc6ab09b6ad25d3a279bad8,uyui_14872.jpg,quality digit 3 = Good quality -> Grade_B,3209.36
B_L3OF_10328705.jpg,"Tobacco leaves dataset (Virginia flue-cured, Tanzania)",https://dataverse.harvard.edu/api/access/datafile/10328705,L3OF,Grade_B,960x1440,JPEG,CC0 1.0 Universal (public domain dedication),2026-08-05,10328705,bc9659e253347b6a64db6dd57f24d892,Pro-Capture One 06791.jpg,quality digit 3 = Good quality -> Grade_B,3179.6
B_L3OF_10332255.jpg,"Tobacco leaves dataset (Virginia flue-cured, Tanzania)",https://dataverse.harvard.edu/api/access/datafile/10332255,L3OF,Grade_B,960x1440,JPEG,CC0 1.0 Universal (public domain dedication),2026-08-05,10332255,58d94a5811c3fc4747911e3694be0f97,uyui_9053.jpg,quality digit 3 = Good quality -> Grade_B,2996.47
B_L3OF_10327350.jpg,"Tobacco leaves dataset (Virginia flue-cured, Tanzania)",https://dataverse.harvard.edu/api/access/datafile/10327350,L3OF,Grade_B,960x1440,JPEG,CC0 1.0 Universal (public domain dedication),2026-08-05,10327350,75b8d4e2381726d0a4e57b0ddcfeb0d7,kaliua_12215.jpg,quality digit 3 = Good quality -> Grade_B,3000.52
B_L3OF_10329766.jpg,"Tobacco leaves dataset (Virginia flue-cured, Tanzania)",https://dataverse.harvard.edu/api/access/datafile/10329766,L3OF,Grade_B,960x1440,JPEG,CC0 1.0 Universal (public domain dedication),2026-08-05,10329766,793a5fbae21098f3ebad0d2b9c964afd,urambo_803.jpg,quality digit 3 = Good quality -> Grade_B,3066.27
B_L3OF_10332117.jpg,"Tobacco leaves dataset (Virginia flue-cured, Tanzania)",https://dataverse.harvard.edu/api/access/datafile/10332117,L3OF,Grade_B,960x1440,JPEG,CC0 1.0 Universal (public domain dedication),2026-08-05,10332117,7890f0e221bdff00e4bc6d6fecdfd945,uyui_11334.jpg,quality digit 3 = Good quality -> Grade_B,3384.25
B_L3OF_10332691.jpg,"Tobacco leaves dataset (Virginia flue-cured, Tanzania)",https://dataverse.harvard.edu/api/access/datafile/10332691,L3OF,Grade_B,960x1440,JPEG,CC0 1.0 Universal (public domain dedication),2026-08-05,10332691,a352c48c98ce0978097017a51ac112b9,uyui_9000.jpg,quality digit 3 = Good quality -> Grade_B,3096.08
B_L3OF_10328573.jpg,"Tobacco leaves dataset (Virginia flue-cured, Tanzania)",https://dataverse.harvard.edu/api/access/datafile/10328573,L3OF,Grade_B,960x1440,JPEG,CC0 1.0 Universal (public domain dedication),2026-08-05,10328573,f1537cecf93baf26a5330e22510b7ad5,Pro-Capture One 06788.jpg,quality digit 3 = Good quality -> Grade_B,3330.6
B_L3OF_10332678.jpg,"Tobacco leaves dataset (Virginia flue-cured, Tanzania)",https://dataverse.harvard.edu/api/access/datafile/10332678,L3OF,Grade_B,960x1440,JPEG,CC0 1.0 Universal (public domain dedication),2026-08-05,10332678,55431b9a0cae710b19fbc90aec658570,uyui_14951.jpg,quality digit 3 = Good quality -> Grade_B,2606.48
B_L3OF_10332464.jpg,"Tobacco leaves dataset (Virginia flue-cured, Tanzania)",https://dataverse.harvard.edu/api/access/datafile/10332464,L3OF,Grade_B,960x1440,JPEG,CC0 1.0 Universal (public domain dedication),2026-08-05,10332464,0f52d8c52279f306f27a5cb95d66ee37,uyui_5248.jpg,quality digit 3 = Good quality -> Grade_B,2233.08
B_L3OF_10330070.jpg,"Tobacco leaves dataset (Virginia flue-cured, Tanzania)",https://dataverse.harvard.edu/api/access/datafile/10330070,L3OF,Grade_B,960x1440,JPEG,CC0 1.0 Universal (public domain dedication),2026-08-05,10330070,1fbe52b49b590cf02ce329cfcc1751c1,urambo_937.jpg,quality digit 3 = Good quality -> Grade_B,3324.22
B_L3OF_10327051.jpg,"Tobacco leaves dataset (Virginia flue-cured, Tanzania)",https://dataverse.harvard.edu/api/access/datafile/10327051,L3OF,Grade_B,960x1440,JPEG,CC0 1.0 Universal (public domain dedication),2026-08-05,10327051,9376d0f29afe51b4cd57b0e3d13be00b,manispaa_13699.jpg,quality digit 3 = Good quality -> Grade_B,2339.57
B_L3OF_10332930.jpg,"Tobacco leaves dataset (Virginia flue-cured, Tanzania)",https://dataverse.harvard.edu/api/access/datafile/10332930,L3OF,Grade_B,960x1440,JPEG,CC0 1.0 Universal (public domain dedication),2026-08-05,10332930,95575c85a80e43cbcc18b20dc09ca6e5,uyui_1852.jpg,quality digit 3 = Good quality -> Grade_B,1990.22
B_L3OF_10332317.jpg,"Tobacco leaves dataset (Virginia flue-cured, Tanzania)",https://dataverse.harvard.edu/api/access/datafile/10332317,L3OF,Grade_B,960x1440,JPEG,CC0 1.0 Universal (public domain dedication),2026-08-05,10332317,2134bf59a0630e4573c495e65ae51d56,uyui_5273.jpg,quality digit 3 = Good quality -> Grade_B,2097.98
B_L3OF_10332666.jpg,"Tobacco leaves dataset (Virginia flue-cured, Tanzania)",https://dataverse.harvard.edu/api/access/datafile/10332666,L3OF,Grade_B,960x1440,JPEG,CC0 1.0 Universal (public domain dedication),2026-08-05,10332666,c2427336777ab145a3ec5992c3b659d2,urambo_988.jpg,quality digit 3 = Good quality -> Grade_B,3181.39
B_L3OF_10329512.jpg,"Tobacco leaves dataset (Virginia flue-cured, Tanzania)",https://dataverse.harvard.edu/api/access/datafile/10329512,L3OF,Grade_B,960x1440,JPEG,CC0 1.0 Universal (public domain dedication),2026-08-05,10329512,c0ee2f181c3dba211377166b3672d8db,urambo_4860.jpg,quality digit 3 = Good quality -> Grade_B,3608.78
B_L3OF_10332937.jpg,"Tobacco leaves dataset (Virginia flue-cured, Tanzania)",https://dataverse.harvard.edu/api/access/datafile/10332937,L3OF,Grade_B,960x1440,JPEG,CC0 1.0 Universal (public domain dedication),2026-08-05,10332937,7c152fd6681eafc1b036eb8e03743511,uyui_2004.jpg,quality digit 3 = Good quality -> Grade_B,2477.44
B_L3OF_10329238.jpg,"Tobacco leaves dataset (Virginia flue-cured, Tanzania)",https://dataverse.harvard.edu/api/access/datafile/10329238,L3OF,Grade_B,960x1440,JPEG,CC0 1.0 Universal (public domain dedication),2026-08-05,10329238,9dc6b793934d82622b08d17d45d0e251,manispaa_8716.jpg,quality digit 3 = Good quality -> Grade_B,2456.84
B_L3OF_10329844.jpg,"Tobacco leaves dataset (Virginia flue-cured, Tanzania)",https://dataverse.harvard.edu/api/access/datafile/10329844,L3OF,Grade_B,960x1440,JPEG,CC0 1.0 Universal (public domain dedication),2026-08-05,10329844,154593538a360c4374f5ac01155f3bec,urambo_4873.jpg,quality digit 3 = Good quality -> Grade_B,3924.47
B_L3OF_10332439.jpg,"Tobacco leaves dataset (Virginia flue-cured, Tanzania)",https://dataverse.harvard.edu/api/access/datafile/10332439,L3OF,Grade_B,960x1440,JPEG,CC0 1.0 Universal (public domain dedication),2026-08-05,10332439,32a7c130725a8bcc874c5760655a0d89,uyui_14895.jpg,quality digit 3 = Good quality -> Grade_B,2152.94
B_L3OF_10329468.jpg,"Tobacco leaves dataset (Virginia flue-cured, Tanzania)",https://dataverse.harvard.edu/api/access/datafile/10329468,L3OF,Grade_B,960x1440,JPEG,CC0 1.0 Universal (public domain dedication),2026-08-05,10329468,1a457b31f3c92a9c170887ead007c71f,urambo_1281.jpg,quality digit 3 = Good quality -> Grade_B,2952.81
B_L3OF_10332867.jpg,"Tobacco leaves dataset (Virginia flue-cured, Tanzania)",https://dataverse.harvard.edu/api/access/datafile/10332867,L3OF,Grade_B,960x1440,JPEG,CC0 1.0 Universal (public domain dedication),2026-08-05,10332867,a50641a395e471162eec273a2a528c1f,uyui_2077.jpg,quality digit 3 = Good quality -> Grade_B,2306.77
B_L3OF_10327167.jpg,"Tobacco leaves dataset (Virginia flue-cured, Tanzania)",https://dataverse.harvard.edu/api/access/datafile/10327167,L3OF,Grade_B,960x1440,JPEG,CC0 1.0 Universal (public domain dedication),2026-08-05,10327167,a17d114c2e7ef165d509a9451b071a33,manispaa_4884.jpg,quality digit 3 = Good quality -> Grade_B,3202.46
B_L3OF_10329530.jpg,"Tobacco leaves dataset (Virginia flue-cured, Tanzania)",https://dataverse.harvard.edu/api/access/datafile/10329530,L3OF,Grade_B,960x1440,JPEG,CC0 1.0 Universal (public domain dedication),2026-08-05,10329530,abfe2f9632aa32cb8d01eb5017db6ab2,urambo_1397.jpg,quality digit 3 = Good quality -> Grade_B,2959.41
B_L3OF_10327270.jpg,"Tobacco leaves dataset (Virginia flue-cured, Tanzania)",https://dataverse.harvard.edu/api/access/datafile/10327270,L3OF,Grade_B,960x1440,JPEG,CC0 1.0 Universal (public domain dedication),2026-08-05,10327270,9bd3fc0a050b493d586d95ff45a398f9,manispaa_4946.jpg,quality digit 3 = Good quality -> Grade_B,3260.53
B_L3OF_10327470.jpg,"Tobacco leaves dataset (Virginia flue-cured, Tanzania)",https://dataverse.harvard.edu/api/access/datafile/10327470,L3OF,Grade_B,960x1440,JPEG,CC0 1.0 Universal (public domain dedication),2026-08-05,10327470,a13ecb12fd6f51c9841ced4f475f1ada,kaliua_12207.jpg,quality digit 3 = Good quality -> Grade_B,2690.53
B_L3OF_10327094.jpg,"Tobacco leaves dataset (Virginia flue-cured, Tanzania)",https://dataverse.harvard.edu/api/access/datafile/10327094,L3OF,Grade_B,960x1440,JPEG,CC0 1.0 Universal (public domain dedication),2026-08-05,10327094,1fe1d474aa24786b0cc1492859165920,kaliua_12159.jpg,quality digit 3 = Good quality -> Grade_B,3193.18
B_L3OF_10329678.jpg,"Tobacco leaves dataset (Virginia flue-cured, Tanzania)",https://dataverse.harvard.edu/api/access/datafile/10329678,L3OF,Grade_B,960x1440,JPEG,CC0 1.0 Universal (public domain dedication),2026-08-05,10329678,83d46a015ca34bbd5a5606d4ef1bd772,urambo_4877.jpg,quality digit 3 = Good quality -> Grade_B,3463.34
B_L3OF_10332720.jpg,"Tobacco leaves dataset (Virginia flue-cured, Tanzania)",https://dataverse.harvard.edu/api/access/datafile/10332720,L3OF,Grade_B,960x1440,JPEG,CC0 1.0 Universal (public domain dedication),2026-08-05,10332720,3a1e5b914d8ca006917ce325bbf99bbb,uyui_5190.jpg,quality digit 3 = Good quality -> Grade_B,3294.67
B_L3OF_10329251.jpg,"Tobacco leaves dataset (Virginia flue-cured, Tanzania)",https://dataverse.harvard.edu/api/access/datafile/10329251,L3OF,Grade_B,960x1440,JPEG,CC0 1.0 Universal (public domain dedication),2026-08-05,10329251,99408afbb221d9a7fea3c83133274880,Pro-Capture One 07680.jpg,quality digit 3 = Good quality -> Grade_B,3003.33
B_L3OF_10329427.jpg,"Tobacco leaves dataset (Virginia flue-cured, Tanzania)",https://dataverse.harvard.edu/api/access/datafile/10329427,L3OF,Grade_B,960x1440,JPEG,CC0 1.0 Universal (public domain dedication),2026-08-05,10329427,9205f7d953401bdb04bc815b58e8b7a7,urambo_1475.jpg,quality digit 3 = Good quality -> Grade_B,3384.0
B_L3OF_10333023.jpg,"Tobacco leaves dataset (Virginia flue-cured, Tanzania)",https://dataverse.harvard.edu/api/access/datafile/10333023,L3OF,Grade_B,960x1440,JPEG,CC0 1.0 Universal (public domain dedication),2026-08-05,10333023,3f6717c95d5f859e71206991f10ab1b6,uyui_9118.jpg,quality digit 3 = Good quality -> Grade_B,3012.2
B_L3OF_10329515.jpg,"Tobacco leaves dataset (Virginia flue-cured, Tanzania)",https://dataverse.harvard.edu/api/access/datafile/10329515,L3OF,Grade_B,960x1440,JPEG,CC0 1.0 Universal (public domain dedication),2026-08-05,10329515,c9ee09e62ae0420f218c42c703cc5117,urambo_795.jpg,quality digit 3 = Good quality -> Grade_B,2699.78
B_L3OF_10329943.jpg,"Tobacco leaves dataset (Virginia flue-cured, Tanzania)",https://dataverse.harvard.edu/api/access/datafile/10329943,L3OF,Grade_B,960x1440,JPEG,CC0 1.0 Universal (public domain dedication),2026-08-05,10329943,665308572cdd7cb228cbb4a50c3571bf,urambo_2980.jpg,quality digit 3 = Good quality -> Grade_B,3498.42
B_L3OF_10329381.jpg,"Tobacco leaves dataset (Virginia flue-cured, Tanzania)",https://dataverse.harvard.edu/api/access/datafile/10329381,L3OF,Grade_B,960x1440,JPEG,CC0 1.0 Universal (public domain dedication),2026-08-05,10329381,76b9a11dc0da0b4a3e7b94c94b7fdaeb,urambo_1066.jpg,quality digit 3 = Good quality -> Grade_B,3174.91
B_L3OF_10332407.jpg,"Tobacco leaves dataset (Virginia flue-cured, Tanzania)",https://dataverse.harvard.edu/api/access/datafile/10332407,L3OF,Grade_B,960x1440,JPEG,CC0 1.0 Universal (public domain dedication),2026-08-05,10332407,60d1c6d707ba7b2e74134f07bdcaa966,uyui_1837.jpg,quality digit 3 = Good quality -> Grade_B,1665.46
B_L3OF_10332973.jpg,"Tobacco leaves dataset (Virginia flue-cured, Tanzania)",https://dataverse.harvard.edu/api/access/datafile/10332973,L3OF,Grade_B,960x1440,JPEG,CC0 1.0 Universal (public domain dedication),2026-08-05,10332973,c81ead0dfea0a03c50c2096962a8921f,uyui_9076.jpg,quality digit 3 = Good quality -> Grade_B,3449.29
B_L3OF_10332543.jpg,"Tobacco leaves dataset (Virginia flue-cured, Tanzania)",https://dataverse.harvard.edu/api/access/datafile/10332543,L3OF,Grade_B,960x1440,JPEG,CC0 1.0 Universal (public domain dedication),2026-08-05,10332543,f734d52613ea4feea026e03d5123531f,uyui_5188.jpg,quality digit 3 = Good quality -> Grade_B,3374.3
B_L3OF_10327148.jpg,"Tobacco leaves dataset (Virginia flue-cured, Tanzania)",https://dataverse.harvard.edu/api/access/datafile/10327148,L3OF,Grade_B,960x1440,JPEG,CC0 1.0 Universal (public domain dedication),2026-08-05,10327148,d0e6f3f03f97d13f687599aeedfbd0ba,kaliua_12139.jpg,quality digit 3 = Good quality -> Grade_B,3563.24
B_L3OF_10332286.jpg,"Tobacco leaves dataset (Virginia flue-cured, Tanzania)",https://dataverse.harvard.edu/api/access/datafile/10332286,L3OF,Grade_B,960x1440,JPEG,CC0 1.0 Universal (public domain dedication),2026-08-05,10332286,9f3b752e9530bde5cf74ba7e6fdfe960,uyui_2165.jpg,quality digit 3 = Good quality -> Grade_B,2619.49
B_L3OF_10327310.jpg,"Tobacco leaves dataset (Virginia flue-cured, Tanzania)",https://dataverse.harvard.edu/api/access/datafile/10327310,L3OF,Grade_B,960x1440,JPEG,CC0 1.0 Universal (public domain dedication),2026-08-05,10327310,9054dbbebb3d9413dc05476642d021f1,kaliua_9374.jpg,quality digit 3 = Good quality -> Grade_B,2796.17
B_L3OF_10329175.jpg,"Tobacco leaves dataset (Virginia flue-cured, Tanzania)",https://dataverse.harvard.edu/api/access/datafile/10329175,L3OF,Grade_B,960x1440,JPEG,CC0 1.0 Universal (public domain dedication),2026-08-05,10329175,03847fd375be21b5e29d2b7fd6712ab0,urambo_1118.jpg,quality digit 3 = Good quality -> Grade_B,2520.83
B_L3OF_10332739.jpg,"Tobacco leaves dataset (Virginia flue-cured, Tanzania)",https://dataverse.harvard.edu/api/access/datafile/10332739,L3OF,Grade_B,960x1440,JPEG,CC0 1.0 Universal (public domain dedication),2026-08-05,10332739,1207e24a09931a933dc48ff1b52708fd,uyui_2211.jpg,quality digit 3 = Good quality -> Grade_B,2162.19
B_L3OF_10327458.jpg,"Tobacco leaves dataset (Virginia flue-cured, Tanzania)",https://dataverse.harvard.edu/api/access/datafile/10327458,L3OF,Grade_B,960x1440,JPEG,CC0 1.0 Universal (public domain dedication),2026-08-05,10327458,ba62af5391abc4753b263509bca34de7,manispaa_4994.jpg,quality digit 3 = Good quality -> Grade_B,2589.52
B_L3OF_10329726.jpg,"Tobacco leaves dataset (Virginia flue-cured, Tanzania)",https://dataverse.harvard.edu/api/access/datafile/10329726,L3OF,Grade_B,960x1440,JPEG,CC0 1.0 Universal (public domain dedication),2026-08-05,10329726,83e8fd973a9519da3ccfb1397debfd76,urambo_4785.jpg,quality digit 3 = Good quality -> Grade_B,3587.05
B_L3OF_10329546.jpg,"Tobacco leaves dataset (Virginia flue-cured, Tanzania)",https://dataverse.harvard.edu/api/access/datafile/10329546,L3OF,Grade_B,960x1440,JPEG,CC0 1.0 Universal (public domain dedication),2026-08-05,10329546,621dcc21b7901f17861d8759fd918f28,urambo_1402.jpg,quality digit 3 = Good quality -> Grade_B,2799.28
B_L3OF_10330031.jpg,"Tobacco leaves dataset (Virginia flue-cured, Tanzania)",https://dataverse.harvard.edu/api/access/datafile/10330031,L3OF,Grade_B,960x1440,JPEG,CC0 1.0 Universal (public domain dedication),2026-08-05,10330031,e1a8b8c7e872e191ead847f93af39ae4,urambo_1447.jpg,quality digit 3 = Good quality -> Grade_B,2762.74
B_L3OF_10327006.jpg,"Tobacco leaves dataset (Virginia flue-cured, Tanzania)",https://dataverse.harvard.edu/api/access/datafile/10327006,L3OF,Grade_B,960x1440,JPEG,CC0 1.0 Universal (public domain dedication),2026-08-05,10327006,d89d0c298db178ca6ce98902ad7fe83f,manispaa_13700.jpg,quality digit 3 = Good quality -> Grade_B,3243.15
B_L3OF_10326974.jpg,"Tobacco leaves dataset (Virginia flue-cured, Tanzania)",https://dataverse.harvard.edu/api/access/datafile/10326974,L3OF,Grade_B,960x1440,JPEG,CC0 1.0 Universal (public domain dedication),2026-08-05,10326974,efd00ea71cb6637e5a0ec5e0071657e8,kaliua_7827.jpg,quality digit 3 = Good quality -> Grade_B,2583.45
B_L3OF_10327163.jpg,"Tobacco leaves dataset (Virginia flue-cured, Tanzania)",https://dataverse.harvard.edu/api/access/datafile/10327163,L3OF,Grade_B,960x1440,JPEG,CC0 1.0 Universal (public domain dedication),2026-08-05,10327163,6512394c3fa92f5bc37dd27494a2b156,kaliua_12050.jpg,quality digit 3 = Good quality -> Grade_B,2604.06
B_L3OF_10327229.jpg,"Tobacco leaves dataset (Virginia flue-cured, Tanzania)",https://dataverse.harvard.edu/api/access/datafile/10327229,L3OF,Grade_B,960x1440,JPEG,CC0 1.0 Universal (public domain dedication),2026-08-05,10327229,5b5a75684bd170f5374fdbb8bd3a236d,kaliua_12218.jpg,quality digit 3 = Good quality -> Grade_B,2507.1
B_L3OF_10332463.jpg,"Tobacco leaves dataset (Virginia flue-cured, Tanzania)",https://dataverse.harvard.edu/api/access/datafile/10332463,L3OF,Grade_B,960x1440,JPEG,CC0 1.0 Universal (public domain dedication),2026-08-05,10332463,7a004cd5c64a555bfbf4b26e43dcd3e8,uyui_9015.jpg,quality digit 3 = Good quality -> Grade_B,3286.89
B_L3OF_10328757.jpg,"Tobacco leaves dataset (Virginia flue-cured, Tanzania)",https://dataverse.harvard.edu/api/access/datafile/10328757,L3OF,Grade_B,960x1440,JPEG,CC0 1.0 Universal (public domain dedication),2026-08-05,10328757,67593a90cd135e1bf61c0c6fadeecddf,urambo_1270.jpg,quality digit 3 = Good quality -> Grade_B,2861.7
B_L3OF_10332839.jpg,"Tobacco leaves dataset (Virginia flue-cured, Tanzania)",https://dataverse.harvard.edu/api/access/datafile/10332839,L3OF,Grade_B,960x1440,JPEG,CC0 1.0 Universal (public domain dedication),2026-08-05,10332839,640b310c1761fd00d5a3bd48602bb143,uyui_1863.jpg,quality digit 3 = Good quality -> Grade_B,1619.79
B_L3OF_10329492.jpg,"Tobacco leaves dataset (Virginia flue-cured, Tanzania)",https://dataverse.harvard.edu/api/access/datafile/10329492,L3OF,Grade_B,960x1440,JPEG,CC0 1.0 Universal (public domain dedication),2026-08-05,10329492,813adb909977cb84fc4ef01e53be0c06,urambo_1466.jpg,quality digit 3 = Good quality -> Grade_B,3134.3
B_L3OF_10329824.jpg,"Tobacco leaves dataset (Virginia flue-cured, Tanzania)",https://dataverse.harvard.edu/api/access/datafile/10329824,L3OF,Grade_B,960x1440,JPEG,CC0 1.0 Universal (public domain dedication),2026-08-05,10329824,380cbf41b1c247bdaf2afd0d6fa748f5,urambo_1404.jpg,quality digit 3 = Good quality -> Grade_B,3233.5
B_L3OF_10329959.jpg,"Tobacco leaves dataset (Virginia flue-cured, Tanzania)",https://dataverse.harvard.edu/api/access/datafile/10329959,L3OF,Grade_B,960x1440,JPEG,CC0 1.0 Universal (public domain dedication),2026-08-05,10329959,0e1e538efdb62c4d1a8d5082c1123dfd,urambo_1429.jpg,quality digit 3 = Good quality -> Grade_B,2856.99
B_L3OF_10332325.jpg,"Tobacco leaves dataset (Virginia flue-cured, Tanzania)",https://dataverse.harvard.edu/api/access/datafile/10332325,L3OF,Grade_B,960x1440,JPEG,CC0 1.0 Universal (public domain dedication),2026-08-05,10332325,74e760f6b32a2e3adc96ef5a8ffdb7e0,uyui_5317.jpg,quality digit 3 = Good quality -> Grade_B,2831.2
B_L3OF_10329124.jpg,"Tobacco leaves dataset (Virginia flue-cured, Tanzania)",https://dataverse.harvard.edu/api/access/datafile/10329124,L3OF,Grade_B,960x1440,JPEG,CC0 1.0 Universal (public domain dedication),2026-08-05,10329124,531d38d5d68fc58642a43a7b7a4f452a,Pr-Capture One 07121 (2).jpg,quality digit 3 = Good quality -> Grade_B,2644.32
B_L3OF_10329410.jpg,"Tobacco leaves dataset (Virginia flue-cured, Tanzania)",https://dataverse.harvard.edu/api/access/datafile/10329410,L3OF,Grade_B,960x1440,JPEG,CC0 1.0 Universal (public domain dedication),2026-08-05,10329410,71288f00f4547d9a83ca37d96261d994,urambo_6067.jpg,quality digit 3 = Good quality -> Grade_B,6302.76
B_L3OF_10327128.jpg,"Tobacco leaves dataset (Virginia flue-cured, Tanzania)",https://dataverse.harvard.edu/api/access/datafile/10327128,L3OF,Grade_B,960x1440,JPEG,CC0 1.0 Universal (public domain dedication),2026-08-05,10327128,913757b725182b8689ef50827f13c165,kaliua_12138.jpg,quality digit 3 = Good quality -> Grade_B,3305.73
B_L3OF_10327430.jpg,"Tobacco leaves dataset (Virginia flue-cured, Tanzania)",https://dataverse.harvard.edu/api/access/datafile/10327430,L3OF,Grade_B,960x1440,JPEG,CC0 1.0 Universal (public domain dedication),2026-08-05,10327430,b334bba2633dc45d13ba4830f065de0a,manispaa_13698.jpg,quality digit 3 = Good quality -> Grade_B,2662.24
B_L3OF_10326685.jpg,"Tobacco leaves dataset (Virginia flue-cured, Tanzania)",https://dataverse.harvard.edu/api/access/datafile/10326685,L3OF,Grade_B,960x1440,JPEG,CC0 1.0 Universal (public domain dedication),2026-08-05,10326685,7d118380f741d32a173e5f9824a58869,kaliua_4390.jpg,quality digit 3 = Good quality -> Grade_B,1998.68
B_L3OF_10326782.jpg,"Tobacco leaves dataset (Virginia flue-cured, Tanzania)",https://dataverse.harvard.edu/api/access/datafile/10326782,L3OF,Grade_B,960x1440,JPEG,CC0 1.0 Universal (public domain dedication),2026-08-05,10326782,35dad15ba643e6eaaf169f16158968a5,kaliua_12084.jpg,quality digit 3 = Good quality -> Grade_B,3328.57
B_L3OF_10328774.jpg,"Tobacco leaves dataset (Virginia flue-cured, Tanzania)",https://dataverse.harvard.edu/api/access/datafile/10328774,L3OF,Grade_B,960x1440,JPEG,CC0 1.0 Universal (public domain dedication),2026-08-05,10328774,9cf7e919f681c5b6440b05d159611d8e,manispaa_8685.jpg,quality digit 3 = Good quality -> Grade_B,2074.1
B_L3OF_10329189.jpg,"Tobacco leaves dataset (Virginia flue-cured, Tanzania)",https://dataverse.harvard.edu/api/access/datafile/10329189,L3OF,Grade_B,960x1440,JPEG,CC0 1.0 Universal (public domain dedication),2026-08-05,10329189,8d48907e06acf2af2e21668cc561f301,urambo_1206.jpg,quality digit 3 = Good quality -> Grade_B,2780.3
B_L3OF_10329783.jpg,"Tobacco leaves dataset (Virginia flue-cured, Tanzania)",https://dataverse.harvard.edu/api/access/datafile/10329783,L3OF,Grade_B,960x1440,JPEG,CC0 1.0 Universal (public domain dedication),2026-08-05,10329783,0540a3e16e24d8f1bb3a9a1669b9cad5,urambo_914.jpg,quality digit 3 = Good quality -> Grade_B,3720.71
B_L3OF_10326810.jpg,"Tobacco leaves dataset (Virginia flue-cured, Tanzania)",https://dataverse.harvard.edu/api/access/datafile/10326810,L3OF,Grade_B,960x1440,JPEG,CC0 1.0 Universal (public domain dedication),2026-08-05,10326810,428c1b00cc3edf92884535228072c12e,manispaa_13822.jpg,quality digit 3 = Good quality -> Grade_B,3446.01
B_L3OF_10328675.jpg,"Tobacco leaves dataset (Virginia flue-cured, Tanzania)",https://dataverse.harvard.edu/api/access/datafile/10328675,L3OF,Grade_B,960x1440,JPEG,CC0 1.0 Universal (public domain dedication),2026-08-05,10328675,e95af2ad4d25af2e2ecea5fa29749a2f,Pro-Capture One 08202.jpg,quality digit 3 = Good quality -> Grade_B,2679.76
B_L3OF_10329272.jpg,"Tobacco leaves dataset (Virginia flue-cured, Tanzania)",https://dataverse.harvard.edu/api/access/datafile/10329272,L3OF,Grade_B,960x1440,JPEG,CC0 1.0 Universal (public domain dedication),2026-08-05,10329272,1769ced81598e1ff5473eaf7cdcb4c14,Pro-Capture One 08224.jpg,quality digit 3 = Good quality -> Grade_B,2267.93
B_L3OF_10327178.jpg,"Tobacco leaves dataset (Virginia flue-cured, Tanzania)",https://dataverse.harvard.edu/api/access/datafile/10327178,L3OF,Grade_B,960x1440,JPEG,CC0 1.0 Universal (public domain dedication),2026-08-05,10327178,148633b8ff2d0cfa1c31576085c37453,kaliua_12143.jpg,quality digit 3 = Good quality -> Grade_B,3054.1
B_L3OF_10329983.jpg,"Tobacco leaves dataset (Virginia flue-cured, Tanzania)",https://dataverse.harvard.edu/api/access/datafile/10329983,L3OF,Grade_B,960x1440,JPEG,CC0 1.0 Universal (public domain dedication),2026-08-05,10329983,3803e3ddfc90b76a60ccfcb9b7aa50a1,urambo_1428.jpg,quality digit 3 = Good quality -> Grade_B,2747.89
B_L3OF_10330100.jpg,"Tobacco leaves dataset (Virginia flue-cured, Tanzania)",https://dataverse.harvard.edu/api/access/datafile/10330100,L3OF,Grade_B,960x1440,JPEG,CC0 1.0 Universal (public domain dedication),2026-08-05,10330100,edda5662be054db962f321beaebc8482,urambo_2993.jpg,quality digit 3 = Good quality -> Grade_B,3193.75
B_L3OF_10328944.jpg,"Tobacco leaves dataset (Virginia flue-cured, Tanzania)",https://dataverse.harvard.edu/api/access/datafile/10328944,L3OF,Grade_B,960x1440,JPEG,CC0 1.0 Universal (public domain dedication),2026-08-05,10328944,e7782f37dc8de8c8680d66d9f1fd0b5d,Pro-Capture One 07119.jpg,quality digit 3 = Good quality -> Grade_B,2574.81
B_L3OF_10327358.jpg,"Tobacco leaves dataset (Virginia flue-cured, Tanzania)",https://dataverse.harvard.edu/api/access/datafile/10327358,L3OF,Grade_B,960x1440,JPEG,CC0 1.0 Universal (public domain dedication),2026-08-05,10327358,079708a8e6ae94c624c61e3c83ef1b8e,kaliua_12184.jpg,quality digit 3 = Good quality -> Grade_B,2055.02
B_L3OF_10327354.jpg,"Tobacco leaves dataset (Virginia flue-cured, Tanzania)",https://dataverse.harvard.edu/api/access/datafile/10327354,L3OF,Grade_B,960x1440,JPEG,CC0 1.0 Universal (public domain dedication),2026-08-05,10327354,31815f0a67fd37b1b2b8c9e6037f6436,manispaa_13748.jpg,quality digit 3 = Good quality -> Grade_B,3420.74
B_L3OF_10329984.jpg,"Tobacco leaves dataset (Virginia flue-cured, Tanzania)",https://dataverse.harvard.edu/api/access/datafile/10329984,L3OF,Grade_B,960x1440,JPEG,CC0 1.0 Universal (public domain dedication),2026-08-05,10329984,2b03ced79e4611500c15830c2f628950,urambo_1380.jpg,quality digit 3 = Good quality -> Grade_B,2933.85
B_L3OF_10332345.jpg,"Tobacco leaves dataset (Virginia flue-cured, Tanzania)",https://dataverse.harvard.edu/api/access/datafile/10332345,L3OF,Grade_B,960x1440,JPEG,CC0 1.0 Universal (public domain dedication),2026-08-05,10332345,67a90a9b3e3b96b28b4c5717f1c5d27d,uyui_14893.jpg,quality digit 3 = Good quality -> Grade_B,2118.03
B_L3OF_10332056.jpg,"Tobacco leaves dataset (Virginia flue-cured, Tanzania)",https://dataverse.harvard.edu/api/access/datafile/10332056,L3OF,Grade_B,960x1440,JPEG,CC0 1.0 Universal (public domain dedication),2026-08-05,10332056,48aeca7eef0a175ddf413032843be027,uyui_14845.jpg,quality digit 3 = Good quality -> Grade_B,2994.23
B_L3OF_10329089.jpg,"Tobacco leaves dataset (Virginia flue-cured, Tanzania)",https://dataverse.harvard.edu/api/access/datafile/10329089,L3OF,Grade_B,960x1440,JPEG,CC0 1.0 Universal (public domain dedication),2026-08-05,10329089,935d6145dad8b2ac463e66866685a24e,urambo_1243.jpg,quality digit 3 = Good quality -> Grade_B,3143.05
B_L3OF_10332989.jpg,"Tobacco leaves dataset (Virginia flue-cured, Tanzania)",https://dataverse.harvard.edu/api/access/datafile/10332989,L3OF,Grade_B,960x1440,JPEG,CC0 1.0 Universal (public domain dedication),2026-08-05,10332989,2da9dea1cdedd314b4587d1fdd38680f,uyui_9079.jpg,quality digit 3 = Good quality -> Grade_B,3355.7
B_L3OF_10329603.jpg,"Tobacco leaves dataset (Virginia flue-cured, Tanzania)",https://dataverse.harvard.edu/api/access/datafile/10329603,L3OF,Grade_B,960x1440,JPEG,CC0 1.0 Universal (public domain dedication),2026-08-05,10329603,cc74022ec47a2caae765c218cc80a47f,urambo_1348.jpg,quality digit 3 = Good quality -> Grade_B,2823.85
B_L3OF_10332128.jpg,"Tobacco leaves dataset (Virginia flue-cured, Tanzania)",https://dataverse.harvard.edu/api/access/datafile/10332128,L3OF,Grade_B,960x1440,JPEG,CC0 1.0 Universal (public domain dedication),2026-08-05,10332128,62344ca78a0fc96d40f5b57d99f7298d,uyui_9017.jpg,quality digit 3 = Good quality -> Grade_B,3490.08
B_L3OF_10332566.jpg,"Tobacco leaves dataset (Virginia flue-cured, Tanzania)",https://dataverse.harvard.edu/api/access/datafile/10332566,L3OF,Grade_B,960x1440,JPEG,CC0 1.0 Universal (public domain dedication),2026-08-05,10332566,caea97dea84227c7019db417a2da2801,uyui_2205.jpg,quality digit 3 = Good quality -> Grade_B,2209.87
B_L3OF_10326747.jpg,"Tobacco leaves dataset (Virginia flue-cured, Tanzania)",https://dataverse.harvard.edu/api/access/datafile/10326747,L3OF,Grade_B,960x1440,JPEG,CC0 1.0 Universal (public domain dedication),2026-08-05,10326747,00ea2e8f4f1e482db1600235608295e8,manispaa_13786.jpg,quality digit 3 = Good quality -> Grade_B,2068.15
B_L3OF_10332912.jpg,"Tobacco leaves dataset (Virginia flue-cured, Tanzania)",https://dataverse.harvard.edu/api/access/datafile/10332912,L3OF,Grade_B,960x1440,JPEG,CC0 1.0 Universal (public domain dedication),2026-08-05,10332912,3b3a744b105665d423992ddf1ebd90a3,uyui_15000.jpg,quality digit 3 = Good quality -> Grade_B,3023.81
B_L3OF_10330172.jpg,"Tobacco leaves dataset (Virginia flue-cured, Tanzania)",https://dataverse.harvard.edu/api/access/datafile/10330172,L3OF,Grade_B,960x1440,JPEG,CC0 1.0 Universal (public domain dedication),2026-08-05,10330172,f6b95609bd9f9b47aff18c6f24fa0a06,urambo_836.jpg,quality digit 3 = Good quality -> Grade_B,2956.15
B_L3OF_10327417.jpg,"Tobacco leaves dataset (Virginia flue-cured, Tanzania)",https://dataverse.harvard.edu/api/access/datafile/10327417,L3OF,Grade_B,960x1440,JPEG,CC0 1.0 Universal (public domain dedication),2026-08-05,10327417,718f0d258a2f476668cabe41e7b88a3a,kaliua_9327.jpg,quality digit 3 = Good quality -> Grade_B,3311.94
B_L3OF_10327408.jpg,"Tobacco leaves dataset (Virginia flue-cured, Tanzania)",https://dataverse.harvard.edu/api/access/datafile/10327408,L3OF,Grade_B,960x1440,JPEG,CC0 1.0 Universal (public domain dedication),2026-08-05,10327408,99275e2f75353489ca4661a6d48b4414,kaliua_12080.jpg,quality digit 3 = Good quality -> Grade_B,3308.6
B_L3OF_10328851.jpg,"Tobacco leaves dataset (Virginia flue-cured, Tanzania)",https://dataverse.harvard.edu/api/access/datafile/10328851,L3OF,Grade_B,960x1440,JPEG,CC0 1.0 Universal (public domain dedication),2026-08-05,10328851,95fda2d9de28cc0aeb6b38f21374a2b8,urambo_1153.jpg,quality digit 3 = Good quality -> Grade_B,2410.05
B_L3OF_10327551.jpg,"Tobacco leaves dataset (Virginia flue-cured, Tanzania)",https://dataverse.harvard.edu/api/access/datafile/10327551,L3OF,Grade_B,960x1440,JPEG,CC0 1.0 Universal (public domain dedication),2026-08-05,10327551,e0f9cdf1604db614d4f8213923108737,kaliua_12091.jpg,quality digit 3 = Good quality -> Grade_B,2699.93
B_L3OF_10332190.jpg,"Tobacco leaves dataset (Virginia flue-cured, Tanzania)",https://dataverse.harvard.edu/api/access/datafile/10332190,L3OF,Grade_B,960x1440,JPEG,CC0 1.0 Universal (public domain dedication),2026-08-05,10332190,b1b1df07ea6a297385acf3deed425bb4,uyui_2010.jpg,quality digit 3 = Good quality -> Grade_B,3225.56
B_L3OF_10328720.jpg,"Tobacco leaves dataset (Virginia flue-cured, Tanzania)",https://dataverse.harvard.edu/api/access/datafile/10328720,L3OF,Grade_B,960x1440,JPEG,CC0 1.0 Universal (public domain dedication),2026-08-05,10328720,b1355a071cd281a940120852a49f6877,Pro-Capture One 06601.jpg,quality digit 3 = Good quality -> Grade_B,3168.73
B_L3OF_10327087.jpg,"Tobacco leaves dataset (Virginia flue-cured, Tanzania)",https://dataverse.harvard.edu/api/access/datafile/10327087,L3OF,Grade_B,960x1440,JPEG,CC0 1.0 Universal (public domain dedication),2026-08-05,10327087,be8d582c44336c892e30fd0a8de6073e,manispaa_13832.jpg,quality digit 3 = Good quality -> Grade_B,3345.06
B_L3OF_10332933.jpg,"Tobacco leaves dataset (Virginia flue-cured, Tanzania)",https://dataverse.harvard.edu/api/access/datafile/10332933,L3OF,Grade_B,960x1440,JPEG,CC0 1.0 Universal (public domain dedication),2026-08-05,10332933,c4f3197bcf38910e74de75af33c5a832,uyui_8928.jpg,quality digit 3 = Good quality -> Grade_B,1550.26
B_L3OF_10332223.jpg,"Tobacco leaves dataset (Virginia flue-cured, Tanzania)",https://dataverse.harvard.edu/api/access/datafile/10332223,L3OF,Grade_B,960x1440,JPEG,CC0 1.0 Universal (public domain dedication),2026-08-05,10332223,ee543d78bf0efb1e045d122e825cc1b1,uyui_9055.jpg,quality digit 3 = Good quality -> Grade_B,3013.2
B_L3OF_10332295.jpg,"Tobacco leaves dataset (Virginia flue-cured, Tanzania)",https://dataverse.harvard.edu/api/access/datafile/10332295,L3OF,Grade_B,960x1440,JPEG,CC0 1.0 Universal (public domain dedication),2026-08-05,10332295,e82998cc40d3a10f0a630ec5c37779a2,uyui_14931.jpg,quality digit 3 = Good quality -> Grade_B,2758.44
B_L3OF_10326684.jpg,"Tobacco leaves dataset (Virginia flue-cured, Tanzania)",https://dataverse.harvard.edu/api/access/datafile/10326684,L3OF,Grade_B,960x1440,JPEG,CC0 1.0 Universal (public domain dedication),2026-08-05,10326684,db2421aa1cc305838ffec6ce04075fdc,kaliua_7823.jpg,quality digit 3 = Good quality -> Grade_B,2781.13
B_L3OF_10330072.jpg,"Tobacco leaves dataset (Virginia flue-cured, Tanzania)",https://dataverse.harvard.edu/api/access/datafile/10330072,L3OF,Grade_B,960x1440,JPEG,CC0 1.0 Universal (public domain dedication),2026-08-05,10330072,5c4f7fb30ee1b2c79944073e82e0dbcc,urambo_4824.jpg,quality digit 3 = Good quality -> Grade_B,3332.37
B_L3OF_10329279.jpg,"Tobacco leaves dataset (Virginia flue-cured, Tanzania)",https://dataverse.harvard.edu/api/access/datafile/10329279,L3OF,Grade_B,960x1440,JPEG,CC0 1.0 Universal (public domain dedication),2026-08-05,10329279,a50d86f204bac9d3a745eb25d6185d75,manispaa_8693.jpg,quality digit 3 = Good quality -> Grade_B,1946.37
B_L3OF_10329631.jpg,"Tobacco leaves dataset (Virginia flue-cured, Tanzania)",https://dataverse.harvard.edu/api/access/datafile/10329631,L3OF,Grade_B,960x1440,JPEG,CC0 1.0 Universal (public domain dedication),2026-08-05,10329631,361a69ac3b3ba235eadf40c3ebbbea05,urambo_1322.jpg,quality digit 3 = Good quality -> Grade_B,3149.92
B_L3OF_10326679.jpg,"Tobacco leaves dataset (Virginia flue-cured, Tanzania)",https://dataverse.harvard.edu/api/access/datafile/10326679,L3OF,Grade_B,960x1440,JPEG,CC0 1.0 Universal (public domain dedication),2026-08-05,10326679,79d55b4a41524841ddfa7a31264e52b7,kaliua_12117.jpg,quality digit 3 = Good quality -> Grade_B,2881.91
B_L3OF_10329807.jpg,"Tobacco leaves dataset (Virginia flue-cured, Tanzania)",https://dataverse.harvard.edu/api/access/datafile/10329807,L3OF,Grade_B,960x1440,JPEG,CC0 1.0 Universal (public domain dedication),2026-08-05,10329807,bf444658a84d317568fd1f26b4a0788d,urambo_1337.jpg,quality digit 3 = Good quality -> Grade_B,2866.42
B_L3OF_10333067.jpg,"Tobacco leaves dataset (Virginia flue-cured, Tanzania)",https://dataverse.harvard.edu/api/access/datafile/10333067,L3OF,Grade_B,960x1440,JPEG,CC0 1.0 Universal (public domain dedication),2026-08-05,10333067,013772b6b9ec06f794a35b9b33a7ae49,uyui_9207.jpg,quality digit 3 = Good quality -> Grade_B,4042.37
B_L3OF_10329513.jpg,"Tobacco leaves dataset (Virginia flue-cured, Tanzania)",https://dataverse.harvard.edu/api/access/datafile/10329513,L3OF,Grade_B,960x1440,JPEG,CC0 1.0 Universal (public domain dedication),2026-08-05,10329513,b5153c3637dfd5d148af0cf1e0ca6554,urambo_4876.jpg,quality digit 3 = Good quality -> Grade_B,3851.43
B_L3OF_10327066.jpg,"Tobacco leaves dataset (Virginia flue-cured, Tanzania)",https://dataverse.harvard.edu/api/access/datafile/10327066,L3OF,Grade_B,960x1440,JPEG,CC0 1.0 Universal (public domain dedication),2026-08-05,10327066,b85924ef939a8f23fc0f20013b153e87,kaliua_12169.jpg,quality digit 3 = Good quality -> Grade_B,1979.91
B_L3OF_10327235.jpg,"Tobacco leaves dataset (Virginia flue-cured, Tanzania)",https://dataverse.harvard.edu/api/access/datafile/10327235,L3OF,Grade_B,960x1440,JPEG,CC0 1.0 Universal (public domain dedication),2026-08-05,10327235,3f0cd047600ff44abdb0f0ef633fc1e4,manispaa_5000.jpg,quality digit 3 = Good quality -> Grade_B,2091.31
B_L3OF_10332997.jpg,"Tobacco leaves dataset (Virginia flue-cured, Tanzania)",https://dataverse.harvard.edu/api/access/datafile/10332997,L3OF,Grade_B,960x1440,JPEG,CC0 1.0 Universal (public domain dedication),2026-08-05,10332997,c133b00d791187b0f8505b9d32f1e133,uyui_9077.jpg,quality digit 3 = Good quality -> Grade_B,3547.37
B_L3OF_10326977.jpg,"Tobacco leaves dataset (Virginia flue-cured, Tanzania)",https://dataverse.harvard.edu/api/access/datafile/10326977,L3OF,Grade_B,960x1440,JPEG,CC0 1.0 Universal (public domain dedication),2026-08-05,10326977,303051f2a30fb7b6ae1715b785f8d09f,kaliua_9365.jpg,quality digit 3 = Good quality -> Grade_B,2822.03
B_L3OF_10328994.jpg,"Tobacco leaves dataset (Virginia flue-cured, Tanzania)",https://dataverse.harvard.edu/api/access/datafile/10328994,L3OF,Grade_B,960x1440,JPEG,CC0 1.0 Universal (public domain dedication),2026-08-05,10328994,ce2e6c426e4856afae2fe8babc2c91d4,urambo_1154.jpg,quality digit 3 = Good quality -> Grade_B,2087.21
B_L3OF_10326729.jpg,"Tobacco leaves dataset (Virginia flue-cured, Tanzania)",https://dataverse.harvard.edu/api/access/datafile/10326729,L3OF,Grade_B,960x1440,JPEG,CC0 1.0 Universal (public domain dedication),2026-08-05,10326729,828f797487feb4ad0100b49c8776c733,manispaa_13750.jpg,quality digit 3 = Good quality -> Grade_B,2981.76
B_L3OF_10329372.jpg,"Tobacco leaves dataset (Virginia flue-cured, Tanzania)",https://dataverse.harvard.edu/api/access/datafile/10329372,L3OF,Grade_B,960x1440,JPEG,CC0 1.0 Universal (public domain dedication),2026-08-05,10329372,0edd6b8d5443cdaec05dc294ed374270,Pro-Capture One 08187.jpg,quality digit 3 = Good quality -> Grade_B,2486.27
B_L3OF_10330036.jpg,"Tobacco leaves dataset (Virginia flue-cured, Tanzania)",https://dataverse.harvard.edu/api/access/datafile/10330036,L3OF,Grade_B,960x1440,JPEG,CC0 1.0 Universal (public domain dedication),2026-08-05,10330036,262e4e312d2cb8e345196a380cd0703e,urambo_6042.jpg,quality digit 3 = Good quality -> Grade_B,4163.19
B_L3OF_10329152.jpg,"Tobacco leaves dataset (Virginia flue-cured, Tanzania)",https://dataverse.harvard.edu/api/access/datafile/10329152,L3OF,Grade_B,960x1440,JPEG,CC0 1.0 Universal (public domain dedication),2026-08-05,10329152,d6b09acc1e6107b48c56a4b9001d37fe,Pro-Capture One 08185.jpg,quality digit 3 = Good quality -> Grade_B,3051.95
B_L3OF_10329814.jpg,"Tobacco leaves dataset (Virginia flue-cured, Tanzania)",https://dataverse.harvard.edu/api/access/datafile/10329814,L3OF,Grade_B,960x1440,JPEG,CC0 1.0 Universal (public domain dedication),2026-08-05,10329814,888f25aae45d20b1820bedac07936347,urambo_1303.jpg,quality digit 3 = Good quality -> Grade_B,2986.81
B_L3OF_10329461.jpg,"Tobacco leaves dataset (Virginia flue-cured, Tanzania)",https://dataverse.harvard.edu/api/access/datafile/10329461,L3OF,Grade_B,960x1440,JPEG,CC0 1.0 Universal (public domain dedication),2026-08-05,10329461,aff5f56512f94f70a4bba07da4345474,urambo_4870.jpg,quality digit 3 = Good quality -> Grade_B,3472.08
B_L3OF_10330074.jpg,"Tobacco leaves dataset (Virginia flue-cured, Tanzania)",https://dataverse.harvard.edu/api/access/datafile/10330074,L3OF,Grade_B,960x1440,JPEG,CC0 1.0 Universal (public domain dedication),2026-08-05,10330074,88c8a962cc3a592b0e12bb6f7bccce10,urambo_2972.jpg,quality digit 3 = Good quality -> Grade_B,3627.21
B_L3OF_10328934.jpg,"Tobacco leaves dataset (Virginia flue-cured, Tanzania)",https://dataverse.harvard.edu/api/access/datafile/10328934,L3OF,Grade_B,960x1440,JPEG,CC0 1.0 Universal (public domain dedication),2026-08-05,10328934,6a50c1f633179e2d14ddc81a9e7f0e90,Pro-Capture One 06279.jpg,quality digit 3 = Good quality -> Grade_B,2490.61
B_L3OF_10329900.jpg,"Tobacco leaves dataset (Virginia flue-cured, Tanzania)",https://dataverse.harvard.edu/api/access/datafile/10329900,L3OF,Grade_B,960x1440,JPEG,CC0 1.0 Universal (public domain dedication),2026-08-05,10329900,48ae68456fb8ee0d419f1a94199cc884,urambo_1360.jpg,quality digit 3 = Good quality -> Grade_B,2909.84
B_L3OF_10333064.jpg,"Tobacco leaves dataset (Virginia flue-cured, Tanzania)",https://dataverse.harvard.edu/api/access/datafile/10333064,L3OF,Grade_B,960x1440,JPEG,CC0 1.0 Universal (public domain dedication),2026-08-05,10333064,c409f4127050b23be891518b52e347a7,uyui_9070.jpg,quality digit 3 = Good quality -> Grade_B,3147.39
B_L3OF_10332772.jpg,"Tobacco leaves dataset (Virginia flue-cured, Tanzania)",https://dataverse.harvard.edu/api/access/datafile/10332772,L3OF,Grade_B,960x1440,JPEG,CC0 1.0 Universal (public domain dedication),2026-08-05,10332772,8c4b64e14f7f57d1e9b7956b004820d9,uyui_5319.jpg,quality digit 3 = Good quality -> Grade_B,2360.33
B_L3OF_10330126.jpg,"Tobacco leaves dataset (Virginia flue-cured, Tanzania)",https://dataverse.harvard.edu/api/access/datafile/10330126,L3OF,Grade_B,960x1440,JPEG,CC0 1.0 Universal (public domain dedication),2026-08-05,10330126,13d70d2389221bf55a0c728b9d1cbc41,urambo_1362.jpg,quality digit 3 = Good quality -> Grade_B,3151.32
B_L3OF_10327283.jpg,"Tobacco leaves dataset (Virginia flue-cured, Tanzania)",https://dataverse.harvard.edu/api/access/datafile/10327283,L3OF,Grade_B,960x1440,JPEG,CC0 1.0 Universal (public domain dedication),2026-08-05,10327283,296f75f0d2c57aa676222f7354e2cd3f,kaliua_12209.jpg,quality digit 3 = Good quality -> Grade_B,1906.04
B_L3OF_10327409.jpg,"Tobacco leaves dataset (Virginia flue-cured, Tanzania)",https://dataverse.harvard.edu/api/access/datafile/10327409,L3OF,Grade_B,960x1440,JPEG,CC0 1.0 Universal (public domain dedication),2026-08-05,10327409,83e065377efe3485c6b1ed654ca5b378,kaliua_12042.jpg,quality digit 3 = Good quality -> Grade_B,2479.01
B_L3OF_10326978.jpg,"Tobacco leaves dataset (Virginia flue-cured, Tanzania)",https://dataverse.harvard.edu/api/access/datafile/10326978,L3OF,Grade_B,960x1440,JPEG,CC0 1.0 Universal (public domain dedication),2026-08-05,10326978,1e7cd1ab7b32a20b92b2280a0761e08b,manispaa_13771.jpg,quality digit 3 = Good quality -> Grade_B,1565.64
B_L3OF_10330165.jpg,"Tobacco leaves dataset (Virginia flue-cured, Tanzania)",https://dataverse.harvard.edu/api/access/datafile/10330165,L3OF,Grade_B,960x1440,JPEG,CC0 1.0 Universal (public domain dedication),2026-08-05,10330165,5b6ae76aaa94dfe244107a3464ac7cb1,urambo_6005.jpg,quality digit 3 = Good quality -> Grade_B,4534.91
B_L3OF_10332835.jpg,"Tobacco leaves dataset (Virginia flue-cured, Tanzania)",https://dataverse.harvard.edu/api/access/datafile/10332835,L3OF,Grade_B,960x1440,JPEG,CC0 1.0 Universal (public domain dedication),2026-08-05,10332835,c3c3f4b82b3f0776c66dc515f605643f,uyui_1959.jpg,quality digit 3 = Good quality -> Grade_B,2048.82
B_L3OF_10332079.jpg,"Tobacco leaves dataset (Virginia flue-cured, Tanzania)",https://dataverse.harvard.edu/api/access/datafile/10332079,L3OF,Grade_B,960x1440,JPEG,CC0 1.0 Universal (public domain dedication),2026-08-05,10332079,bc235b6cd41e36d35bb8399d05771c56,uyui_1886.jpg,quality digit 3 = Good quality -> Grade_B,1628.73
B_L3OF_10327024.jpg,"Tobacco leaves dataset (Virginia flue-cured, Tanzania)",https://dataverse.harvard.edu/api/access/datafile/10327024,L3OF,Grade_B,960x1440,JPEG,CC0 1.0 Universal (public domain dedication),2026-08-05,10327024,323b09b16f1d198e13e82c5d46504e01,manispaa_13725.jpg,quality digit 3 = Good quality -> Grade_B,2652.67
B_L3OF_10327021.jpg,"Tobacco leaves dataset (Virginia flue-cured, Tanzania)",https://dataverse.harvard.edu/api/access/datafile/10327021,L3OF,Grade_B,960x1440,JPEG,CC0 1.0 Universal (public domain dedication),2026-08-05,10327021,971a14fc3be320db24aad96f15d7be4a,kaliua_4374.jpg,quality digit 3 = Good quality -> Grade_B,2560.13
B_L3OF_10329258.jpg,"Tobacco leaves dataset (Virginia flue-cured, Tanzania)",https://dataverse.harvard.edu/api/access/datafile/10329258,L3OF,Grade_B,960x1440,JPEG,CC0 1.0 Universal (public domain dedication),2026-08-05,10329258,fa12d9ea8408d15142f2874b4d46a784,Pro-Capture One 07013.jpg,quality digit 3 = Good quality -> Grade_B,1741.16
B_L3OF_10326838.jpg,"Tobacco leaves dataset (Virginia flue-cured, Tanzania)",https://dataverse.harvard.edu/api/access/datafile/10326838,L3OF,Grade_B,960x1440,JPEG,CC0 1.0 Universal (public domain dedication),2026-08-05,10326838,2082d32fc171facb8aa109d931ed026b,kaliua_4433.jpg,quality digit 3 = Good quality -> Grade_B,2358.44
B_L3OF_10328921.jpg,"Tobacco leaves dataset (Virginia flue-cured, Tanzania)",https://dataverse.harvard.edu/api/access/datafile/10328921,L3OF,Grade_B,960x1440,JPEG,CC0 1.0 Universal (public domain dedication),2026-08-05,10328921,af2c042347e259956523ac197a37d478,Pro-Capture One 07133.jpg,quality digit 3 = Good quality -> Grade_B,2495.95
B_L3OF_10326839.jpg,"Tobacco leaves dataset (Virginia flue-cured, Tanzania)",https://dataverse.harvard.edu/api/access/datafile/10326839,L3OF,Grade_B,960x1440,JPEG,CC0 1.0 Universal (public domain dedication),2026-08-05,10326839,92fae8b089916e0c52e74ae89834c490,kaliua_12067.jpg,quality digit 3 = Good quality -> Grade_B,2256.92
B_L3OF_10327296.jpg,"Tobacco leaves dataset (Virginia flue-cured, Tanzania)",https://dataverse.harvard.edu/api/access/datafile/10327296,L3OF,Grade_B,960x1440,JPEG,CC0 1.0 Universal (public domain dedication),2026-08-05,10327296,14303a1d70f06ff9b6c612dca7faa92a,kaliua_7832.jpg,quality digit 3 = Good quality -> Grade_B,2348.16
B_L3OF_10329800.jpg,"Tobacco leaves dataset (Virginia flue-cured, Tanzania)",https://dataverse.harvard.edu/api/access/datafile/10329800,L3OF,Grade_B,960x1440,JPEG,CC0 1.0 Universal (public domain dedication),2026-08-05,10329800,6e56efd3a4192a9e25df45c71e6c7dd8,urambo_6022.jpg,quality digit 3 = Good quality -> Grade_B,4564.69
B_L3OF_10326899.jpg,"Tobacco leaves dataset (Virginia flue-cured, Tanzania)",https://dataverse.harvard.edu/api/access/datafile/10326899,L3OF,Grade_B,960x1440,JPEG,CC0 1.0 Universal (public domain dedication),2026-08-05,10326899,46cec48df04a869770efced3fd89f939,manispaa_5046.jpg,quality digit 3 = Good quality -> Grade_B,1901.6
B_L3OF_10329430.jpg,"Tobacco leaves dataset (Virginia flue-cured, Tanzania)",https://dataverse.harvard.edu/api/access/datafile/10329430,L3OF,Grade_B,960x1440,JPEG,CC0 1.0 Universal (public domain dedication),2026-08-05,10329430,ab3f6ba4296189bfdab1c91d5e9375a4,urambo_933.jpg,quality digit 3 = Good quality -> Grade_B,3399.57
B_L3OF_10332638.jpg,"Tobacco leaves dataset (Virginia flue-cured, Tanzania)",https://dataverse.harvard.edu/api/access/datafile/10332638,L3OF,Grade_B,960x1440,JPEG,CC0 1.0 Universal (public domain dedication),2026-08-05,10332638,eac10ed4d8f1afedb733d25fdce7f672,uyui_14890.jpg,quality digit 3 = Good quality -> Grade_B,2166.8
B_L3OF_10332652.jpg,"Tobacco leaves dataset (Virginia flue-cured, Tanzania)",https://dataverse.harvard.edu/api/access/datafile/10332652,L3OF,Grade_B,960x1440,JPEG,CC0 1.0 Universal (public domain dedication),2026-08-05,10332652,2754f0e00ce51f8ae92915aaf0427bc7,uyui_8930.jpg,quality digit 3 = Good quality -> Grade_B,1628.96
B_L3OF_10332473.jpg,"Tobacco leaves dataset (Virginia flue-cured, Tanzania)",https://dataverse.harvard.edu/api/access/datafile/10332473,L3OF,Grade_B,960x1440,JPEG,CC0 1.0 Universal (public domain dedication),2026-08-05,10332473,7e403fbc8840d1d7fe64c1bd6d485cff,uyui_1849.jpg,quality digit 3 = Good quality -> Grade_B,1751.39
B_L3OF_10332754.jpg,"Tobacco leaves dataset (Virginia flue-cured, Tanzania)",https://dataverse.harvard.edu/api/access/datafile/10332754,L3OF,Grade_B,960x1440,JPEG,CC0 1.0 Universal (public domain dedication),2026-08-05,10332754,ee5419b6926fe99fae85906c4b9d5556,uyui_2006.jpg,quality digit 3 = Good quality -> Grade_B,2222.02
B_L3OF_10332499.jpg,"Tobacco leaves dataset (Virginia flue-cured, Tanzania)",https://dataverse.harvard.edu/api/access/datafile/10332499,L3OF,Grade_B,960x1440,JPEG,CC0 1.0 Universal (public domain dedication),2026-08-05,10332499,4b8ba7ebf156d22b5faf33fb2fed0056,uyui_5196.jpg,quality digit 3 = Good quality -> Grade_B,2815.21
B_L3OF_10326784.jpg,"Tobacco leaves dataset (Virginia flue-cured, Tanzania)",https://dataverse.harvard.edu/api/access/datafile/10326784,L3OF,Grade_B,960x1440,JPEG,CC0 1.0 Universal (public domain dedication),2026-08-05,10326784,485a9f2294076f79798e514bdb2b0a9e,kaliua_12096.jpg,quality digit 3 = Good quality -> Grade_B,2907.02
B_L3OF_10332951.jpg,"Tobacco leaves dataset (Virginia flue-cured, Tanzania)",https://dataverse.harvard.edu/api/access/datafile/10332951,L3OF,Grade_B,960x1440,JPEG,CC0 1.0 Universal (public domain dedication),2026-08-05,10332951,aa6dc011eb175b35bdea83286cbbecac,uyui_1868.jpg,quality digit 3 = Good quality -> Grade_B,1761.69
B_L3OF_10333052.jpg,"Tobacco leaves dataset (Virginia flue-cured, Tanzania)",https://dataverse.harvard.edu/api/access/datafile/10333052,L3OF,Grade_B,960x1440,JPEG,CC0 1.0 Universal (public domain dedication),2026-08-05,10333052,ea8dd84ad1b4fd19eb1c50aed7e5f0af,uyui_9214.jpg,quality digit 3 = Good quality -> Grade_B,3890.37
B_L3OF_10327250.jpg,"Tobacco leaves dataset (Virginia flue-cured, Tanzania)",https://dataverse.harvard.edu/api/access/datafile/10327250,L3OF,Grade_B,960x1440,JPEG,CC0 1.0 Universal (public domain dedication),2026-08-05,10327250,626069e0a9297c979c00325b92543939,kaliua_7828.jpg,quality digit 3 = Good quality -> Grade_B,1993.25
B_L3OF_10332581.jpg,"Tobacco leaves dataset (Virginia flue-cured, Tanzania)",https://dataverse.harvard.edu/api/access/datafile/10332581,L3OF,Grade_B,960x1440,JPEG,CC0 1.0 Universal (public domain dedication),2026-08-05,10332581,74353b3b474068d97297191938899c5c,uyui_2128.jpg,quality digit 3 = Good quality -> Grade_B,2564.42
B_L3R_10333297.jpg,"Tobacco leaves dataset (Virginia flue-cured, Tanzania)",https://dataverse.harvard.edu/api/access/datafile/10333297,L3R,Grade_B,960x1440,JPEG,CC0 1.0 Universal (public domain dedication),2026-08-05,10333297,ff519fc9c3e02d4a5434d51f6c47cdae,uyui_9273.jpg,quality digit 3 = Good quality -> Grade_B,3514.74
B_L3R_10333229.jpg,"Tobacco leaves dataset (Virginia flue-cured, Tanzania)",https://dataverse.harvard.edu/api/access/datafile/10333229,L3R,Grade_B,960x1440,JPEG,CC0 1.0 Universal (public domain dedication),2026-08-05,10333229,5e9cb5996f158825db7229850e91af27,manispaa_13906.jpg,quality digit 3 = Good quality -> Grade_B,2398.6
B_L3R_10333393.jpg,"Tobacco leaves dataset (Virginia flue-cured, Tanzania)",https://dataverse.harvard.edu/api/access/datafile/10333393,L3R,Grade_B,960x1440,JPEG,CC0 1.0 Universal (public domain dedication),2026-08-05,10333393,189ab550bc4f63479db7b8527a1dbc46,kaliua_4504.jpg,quality digit 3 = Good quality -> Grade_B,1556.0
B_L3R_10333285.jpg,"Tobacco leaves dataset (Virginia flue-cured, Tanzania)",https://dataverse.harvard.edu/api/access/datafile/10333285,L3R,Grade_B,960x1440,JPEG,CC0 1.0 Universal (public domain dedication),2026-08-05,10333285,9fb6df4e081473e84d80382b188ac0fc,manispaa_8763.jpg,quality digit 3 = Good quality -> Grade_B,2030.74
B_L3R_10333256.jpg,"Tobacco leaves dataset (Virginia flue-cured, Tanzania)",https://dataverse.harvard.edu/api/access/datafile/10333256,L3R,Grade_B,960x1440,JPEG,CC0 1.0 Universal (public domain dedication),2026-08-05,10333256,e59d9a592ad49f5bf9a23eb37100250a,manispaa_8808.jpg,quality digit 3 = Good quality -> Grade_B,2189.18
B_L3R_10333345.jpg,"Tobacco leaves dataset (Virginia flue-cured, Tanzania)",https://dataverse.harvard.edu/api/access/datafile/10333345,L3R,Grade_B,960x1440,JPEG,CC0 1.0 Universal (public domain dedication),2026-08-05,10333345,39cc883f07da73c28510245fcd907f01,uyui_9262.jpg,quality digit 3 = Good quality -> Grade_B,3556.41
B_L3R_10333390.jpg,"Tobacco leaves dataset (Virginia flue-cured, Tanzania)",https://dataverse.harvard.edu/api/access/datafile/10333390,L3R,Grade_B,960x1440,JPEG,CC0 1.0 Universal (public domain dedication),2026-08-05,10333390,9fed0103b810380f4ed70f6c5e3d2c83,kaliua_4494.jpg,quality digit 3 = Good quality -> Grade_B,2053.96
B_L3R_10333349.jpg,"Tobacco leaves dataset (Virginia flue-cured, Tanzania)",https://dataverse.harvard.edu/api/access/datafile/10333349,L3R,Grade_B,960x1440,JPEG,CC0 1.0 Universal (public domain dedication),2026-08-05,10333349,2002adfc94bde30ba1860acf4c4515cc,kaliua_4488.jpg,quality digit 3 = Good quality -> Grade_B,2893.2
B_L3R_10333149.jpg,"Tobacco leaves dataset (Virginia flue-cured, Tanzania)",https://dataverse.harvard.edu/api/access/datafile/10333149,L3R,Grade_B,960x1440,JPEG,CC0 1.0 Universal (public domain dedication),2026-08-05,10333149,70ddca70f4b0ea45ae457f25fcf5315f,kaliua_4548.jpg,quality digit 3 = Good quality -> Grade_B,1699.57
B_L3R_10333287.jpg,"Tobacco leaves dataset (Virginia flue-cured, Tanzania)",https://dataverse.harvard.edu/api/access/datafile/10333287,L3R,Grade_B,960x1440,JPEG,CC0 1.0 Universal (public domain dedication),2026-08-05,10333287,669ba08bcab2b684048015799f9ba147,manispaa_8797.jpg,quality digit 3 = Good quality -> Grade_B,2378.58
B_L3R_10333348.jpg,"Tobacco leaves dataset (Virginia flue-cured, Tanzania)",https://dataverse.harvard.edu/api/access/datafile/10333348,L3R,Grade_B,960x1440,JPEG,CC0 1.0 Universal (public domain dedication),2026-08-05,10333348,30c809ea0fa7b4c77585906d7b25efe6,manispaa_8770.jpg,quality digit 3 = Good quality -> Grade_B,1897.47
B_L3R_10333274.jpg,"Tobacco leaves dataset (Virginia flue-cured, Tanzania)",https://dataverse.harvard.edu/api/access/datafile/10333274,L3R,Grade_B,960x1440,JPEG,CC0 1.0 Universal (public domain dedication),2026-08-05,10333274,e229b2c7dabd7354043f3765a5c88f7e,urambo_4900.jpg,quality digit 3 = Good quality -> Grade_B,3195.69
B_L3R_10333255.jpg,"Tobacco leaves dataset (Virginia flue-cured, Tanzania)",https://dataverse.harvard.edu/api/access/datafile/10333255,L3R,Grade_B,960x1440,JPEG,CC0 1.0 Universal (public domain dedication),2026-08-05,10333255,cbdabb81e9a3f9c43c1d27ebabfef013,manispaa_8811.jpg,quality digit 3 = Good quality -> Grade_B,2062.09
B_L3R_10333221.jpg,"Tobacco leaves dataset (Virginia flue-cured, Tanzania)",https://dataverse.harvard.edu/api/access/datafile/10333221,L3R,Grade_B,960x1440,JPEG,CC0 1.0 Universal (public domain dedication),2026-08-05,10333221,004ff70494a9a8ce63b1580e0905e93a,manispaa_8778.jpg,quality digit 3 = Good quality -> Grade_B,2352.57
B_L3R_10333232.jpg,"Tobacco leaves dataset (Virginia flue-cured, Tanzania)",https://dataverse.harvard.edu/api/access/datafile/10333232,L3R,Grade_B,960x1440,JPEG,CC0 1.0 Universal (public domain dedication),2026-08-05,10333232,7869c0b8e85c50219ef62463c0b3bf97,kaliua_4549.jpg,quality digit 3 = Good quality -> Grade_B,1619.35
B_L3R_10333216.jpg,"Tobacco leaves dataset (Virginia flue-cured, Tanzania)",https://dataverse.harvard.edu/api/access/datafile/10333216,L3R,Grade_B,960x1440,JPEG,CC0 1.0 Universal (public domain dedication),2026-08-05,10333216,c8c99502537116119d3f14d7923f4b27,kaliua_4500.jpg,quality digit 3 = Good quality -> Grade_B,1518.6
C_L5L_10339083.jpg,"Tobacco leaves dataset (Virginia flue-cured, Tanzania)",https://dataverse.harvard.edu/api/access/datafile/10339083,L5L,Grade_C,960x1440,JPEG,CC0 1.0 Universal (public domain dedication),2026-08-05,10339083,db00a647e92aeffbae14c0bafa47c999,kaliua_2291.jpg,quality digit 5 = Low quality -> Grade_C,3505.91
C_L5L_10339602.jpg,"Tobacco leaves dataset (Virginia flue-cured, Tanzania)",https://dataverse.harvard.edu/api/access/datafile/10339602,L5L,Grade_C,960x1440,JPEG,CC0 1.0 Universal (public domain dedication),2026-08-05,10339602,8cf7c6e5823198d48878fefb70678a5d,manispaa_11727.jpg,quality digit 5 = Low quality -> Grade_C,3139.26
C_L5L_10340333.jpg,"Tobacco leaves dataset (Virginia flue-cured, Tanzania)",https://dataverse.harvard.edu/api/access/datafile/10340333,L5L,Grade_C,960x1440,JPEG,CC0 1.0 Universal (public domain dedication),2026-08-05,10340333,4971b3f447f679bb3e53506abbea689f,urambo_5088.jpg,quality digit 5 = Low quality -> Grade_C,3455.21
C_L5L_10340424.jpg,"Tobacco leaves dataset (Virginia flue-cured, Tanzania)",https://dataverse.harvard.edu/api/access/datafile/10340424,L5L,Grade_C,960x1440,JPEG,CC0 1.0 Universal (public domain dedication),2026-08-05,10340424,8175dd055fe80c7c8f7820d9ee65a2a7,manispaa_6049.jpg,quality digit 5 = Low quality -> Grade_C,1878.75
C_L5L_10339770.jpg,"Tobacco leaves dataset (Virginia flue-cured, Tanzania)",https://dataverse.harvard.edu/api/access/datafile/10339770,L5L,Grade_C,960x1440,JPEG,CC0 1.0 Universal (public domain dedication),2026-08-05,10339770,b6bdc31cef56048a507b715084150cbd,manispaa_5974.jpg,quality digit 5 = Low quality -> Grade_C,4018.18
C_L5L_10340024.jpg,"Tobacco leaves dataset (Virginia flue-cured, Tanzania)",https://dataverse.harvard.edu/api/access/datafile/10340024,L5L,Grade_C,960x1440,JPEG,CC0 1.0 Universal (public domain dedication),2026-08-05,10340024,a9df6550904c5b5625b7f7b7371bfeba,uyui_12026.jpg,quality digit 5 = Low quality -> Grade_C,2943.36
C_L5L_10339264.jpg,"Tobacco leaves dataset (Virginia flue-cured, Tanzania)",https://dataverse.harvard.edu/api/access/datafile/10339264,L5L,Grade_C,960x1440,JPEG,CC0 1.0 Universal (public domain dedication),2026-08-05,10339264,fd1a562e9117928607b1f89b5eb7cfa2,kaliua_2293.jpg,quality digit 5 = Low quality -> Grade_C,3681.03
C_L5L_10339914.jpg,"Tobacco leaves dataset (Virginia flue-cured, Tanzania)",https://dataverse.harvard.edu/api/access/datafile/10339914,L5L,Grade_C,960x1440,JPEG,CC0 1.0 Universal (public domain dedication),2026-08-05,10339914,93f58edfa05aba426386b39b9226c29d,uyui_9460.jpg,quality digit 5 = Low quality -> Grade_C,1719.08
C_L5L_10340360.jpg,"Tobacco leaves dataset (Virginia flue-cured, Tanzania)",https://dataverse.harvard.edu/api/access/datafile/10340360,L5L,Grade_C,960x1440,JPEG,CC0 1.0 Universal (public domain dedication),2026-08-05,10340360,e3e5a82d6f6234e4222576bc13e62eb3,urambo_6245.jpg,quality digit 5 = Low quality -> Grade_C,5856.84
C_L5L_10339342.jpg,"Tobacco leaves dataset (Virginia flue-cured, Tanzania)",https://dataverse.harvard.edu/api/access/datafile/10339342,L5L,Grade_C,960x1440,JPEG,CC0 1.0 Universal (public domain dedication),2026-08-05,10339342,bf2de990fb89585d49f64f05a47bdd7f,kaliua_4755.jpg,quality digit 5 = Low quality -> Grade_C,2159.86
C_L5L_10339000.jpg,"Tobacco leaves dataset (Virginia flue-cured, Tanzania)",https://dataverse.harvard.edu/api/access/datafile/10339000,L5L,Grade_C,960x1440,JPEG,CC0 1.0 Universal (public domain dedication),2026-08-05,10339000,597dbe59e8010f62d4392f31f0811419,kaliua_4797.jpg,quality digit 5 = Low quality -> Grade_C,3106.14
C_L5L_10339080.jpg,"Tobacco leaves dataset (Virginia flue-cured, Tanzania)",https://dataverse.harvard.edu/api/access/datafile/10339080,L5L,Grade_C,960x1440,JPEG,CC0 1.0 Universal (public domain dedication),2026-08-05,10339080,7be8e2ad90d53a4688e97033e67f7b4a,manispaa_11574.jpg,quality digit 5 = Low quality -> Grade_C,3585.05
C_L5L_10338874.jpg,"Tobacco leaves dataset (Virginia flue-cured, Tanzania)",https://dataverse.harvard.edu/api/access/datafile/10338874,L5L,Grade_C,960x1440,JPEG,CC0 1.0 Universal (public domain dedication),2026-08-05,10338874,5b008eabe79ecbb57783d761cfac876b,kaliua_9520.jpg,quality digit 5 = Low quality -> Grade_C,2800.93
C_L5L_10338988.jpg,"Tobacco leaves dataset (Virginia flue-cured, Tanzania)",https://dataverse.harvard.edu/api/access/datafile/10338988,L5L,Grade_C,960x1440,JPEG,CC0 1.0 Universal (public domain dedication),2026-08-05,10338988,0f5303a168e48c83c4e61722d547ecf2,kaliua_8035.jpg,quality digit 5 = Low quality -> Grade_C,3605.58
C_L5L_10340483.jpg,"Tobacco leaves dataset (Virginia flue-cured, Tanzania)",https://dataverse.harvard.edu/api/access/datafile/10340483,L5L,Grade_C,960x1440,JPEG,CC0 1.0 Universal (public domain dedication),2026-08-05,10340483,9b19ede3a1998efb783bea2b06e4281c,urambo_3232.jpg,quality digit 5 = Low quality -> Grade_C,3231.23
C_L5L_10340452.jpg,"Tobacco leaves dataset (Virginia flue-cured, Tanzania)",https://dataverse.harvard.edu/api/access/datafile/10340452,L5L,Grade_C,960x1440,JPEG,CC0 1.0 Universal (public domain dedication),2026-08-05,10340452,e99dd519cc1d0d0b628f2cb5aad3310f,urambo_5058.jpg,quality digit 5 = Low quality -> Grade_C,3446.71
C_L5L_10339237.jpg,"Tobacco leaves dataset (Virginia flue-cured, Tanzania)",https://dataverse.harvard.edu/api/access/datafile/10339237,L5L,Grade_C,960x1440,JPEG,CC0 1.0 Universal (public domain dedication),2026-08-05,10339237,40df5a9af4efbf3079c0a06969fcefa8,manispaa_2657.jpg,quality digit 5 = Low quality -> Grade_C,1712.1
C_L5L_10339898.jpg,"Tobacco leaves dataset (Virginia flue-cured, Tanzania)",https://dataverse.harvard.edu/api/access/datafile/10339898,L5L,Grade_C,960x1440,JPEG,CC0 1.0 Universal (public domain dedication),2026-08-05,10339898,3ab3038c103533172b39d31908ae6dea,uyui_5788.jpg,quality digit 5 = Low quality -> Grade_C,2080.25
C_L5L_10339683.jpg,"Tobacco leaves dataset (Virginia flue-cured, Tanzania)",https://dataverse.harvard.edu/api/access/datafile/10339683,L5L,Grade_C,960x1440,JPEG,CC0 1.0 Universal (public domain dedication),2026-08-05,10339683,f26d97e77cdac9587f661333421ada7a,uyui_12008.jpg,quality digit 5 = Low quality -> Grade_C,2987.44
C_L5L_10339828.jpg,"Tobacco leaves dataset (Virginia flue-cured, Tanzania)",https://dataverse.harvard.edu/api/access/datafile/10339828,L5L,Grade_C,960x1440,JPEG,CC0 1.0 Universal (public domain dedication),2026-08-05,10339828,6286ca0520eb40cdf35c23c6818dd0ee,uyui_15222.jpg,quality digit 5 = Low quality -> Grade_C,3081.03
C_L5L_10339206.jpg,"Tobacco leaves dataset (Virginia flue-cured, Tanzania)",https://dataverse.harvard.edu/api/access/datafile/10339206,L5L,Grade_C,960x1440,JPEG,CC0 1.0 Universal (public domain dedication),2026-08-05,10339206,ffbc89b39756c16e0c597b0e34eb7e30,kaliua_4704.jpg,quality digit 5 = Low quality -> Grade_C,2180.03
C_L5L_10340481.jpg,"Tobacco leaves dataset (Virginia flue-cured, Tanzania)",https://dataverse.harvard.edu/api/access/datafile/10340481,L5L,Grade_C,960x1440,JPEG,CC0 1.0 Universal (public domain dedication),2026-08-05,10340481,8df0edaf581c6fc2dda2bb2b9d47c861,urambo_5121.jpg,quality digit 5 = Low quality -> Grade_C,3663.27
C_L5L_10339871.jpg,"Tobacco leaves dataset (Virginia flue-cured, Tanzania)",https://dataverse.harvard.edu/api/access/datafile/10339871,L5L,Grade_C,960x1440,JPEG,CC0 1.0 Universal (public domain dedication),2026-08-05,10339871,ff34bdc1541efc91840346111cb73ae7,urambo_2150.jpg,quality digit 5 = Low quality -> Grade_C,2209.95
C_L5L_10339922.jpg,"Tobacco leaves dataset (Virginia flue-cured, Tanzania)",https://dataverse.harvard.edu/api/access/datafile/10339922,L5L,Grade_C,960x1440,JPEG,CC0 1.0 Universal (public domain dedication),2026-08-05,10339922,1c8c8853995e2622153234440895ae48,uyui_15230.jpg,quality digit 5 = Low quality -> Grade_C,2998.44
C_L5L_10340343.jpg,"Tobacco leaves dataset (Virginia flue-cured, Tanzania)",https://dataverse.harvard.edu/api/access/datafile/10340343,L5L,Grade_C,960x1440,JPEG,CC0 1.0 Universal (public domain dedication),2026-08-05,10340343,3ebfee8a9a7a6b51600f16061612b69e,uyui_15188.jpg,quality digit 5 = Low quality -> Grade_C,2778.38
C_L5L_10339555.jpg,"Tobacco leaves dataset (Virginia flue-cured, Tanzania)",https://dataverse.harvard.edu/api/access/datafile/10339555,L5L,Grade_C,960x1440,JPEG,CC0 1.0 Universal (public domain dedication),2026-08-05,10339555,eb47eda2fe73ec25786f3921eb4bb8d0,kaliua_4714.jpg,quality digit 5 = Low quality -> Grade_C,2328.3
C_L5L_10339429.jpg,"Tobacco leaves dataset (Virginia flue-cured, Tanzania)",https://dataverse.harvard.edu/api/access/datafile/10339429,L5L,Grade_C,960x1440,JPEG,CC0 1.0 Universal (public domain dedication),2026-08-05,10339429,89ac973f8994f10c1ec96d6ecadcb7ba,kaliua_2241.jpg,quality digit 5 = Low quality -> Grade_C,3342.59
C_L5L_10340536.jpg,"Tobacco leaves dataset (Virginia flue-cured, Tanzania)",https://dataverse.harvard.edu/api/access/datafile/10340536,L5L,Grade_C,960x1440,JPEG,CC0 1.0 Universal (public domain dedication),2026-08-05,10340536,3c3359175b2a0101acecb0d00924a30a,uyui_9486.jpg,quality digit 5 = Low quality -> Grade_C,2561.23
C_L5L_10338947.jpg,"Tobacco leaves dataset (Virginia flue-cured, Tanzania)",https://dataverse.harvard.edu/api/access/datafile/10338947,L5L,Grade_C,960x1440,JPEG,CC0 1.0 Universal (public domain dedication),2026-08-05,10338947,40c46ef183bf42c8e5501a2fd9d9a1f5,manispaa_11769.jpg,quality digit 5 = Low quality -> Grade_C,3012.22
C_L5L_10338820.jpg,"Tobacco leaves dataset (Virginia flue-cured, Tanzania)",https://dataverse.harvard.edu/api/access/datafile/10338820,L5L,Grade_C,960x1440,JPEG,CC0 1.0 Universal (public domain dedication),2026-08-05,10338820,bfc6ed4f301784a93b66b451405f8aab,manispaa_11685.jpg,quality digit 5 = Low quality -> Grade_C,2932.16
C_L5L_10339463.jpg,"Tobacco leaves dataset (Virginia flue-cured, Tanzania)",https://dataverse.harvard.edu/api/access/datafile/10339463,L5L,Grade_C,960x1440,JPEG,CC0 1.0 Universal (public domain dedication),2026-08-05,10339463,20d7615fa22d6eb46ad763d966a56018,manispaa_14259.jpg,quality digit 5 = Low quality -> Grade_C,2673.22
C_L5L_10340177.jpg,"Tobacco leaves dataset (Virginia flue-cured, Tanzania)",https://dataverse.harvard.edu/api/access/datafile/10340177,L5L,Grade_C,960x1440,JPEG,CC0 1.0 Universal (public domain dedication),2026-08-05,10340177,ecd9ea0c5f22840a6322c62617386b93,uyui_12236.jpg,quality digit 5 = Low quality -> Grade_C,3099.77
C_L5L_10340268.jpg,"Tobacco leaves dataset (Virginia flue-cured, Tanzania)",https://dataverse.harvard.edu/api/access/datafile/10340268,L5L,Grade_C,960x1440,JPEG,CC0 1.0 Universal (public domain dedication),2026-08-05,10340268,2e45fb9f4f6d41d9ab0d9a06deacc6cf,urambo_5131.jpg,quality digit 5 = Low quality -> Grade_C,3467.38
C_L5L_10340159.jpg,"Tobacco leaves dataset (Virginia flue-cured, Tanzania)",https://dataverse.harvard.edu/api/access/datafile/10340159,L5L,Grade_C,960x1440,JPEG,CC0 1.0 Universal (public domain dedication),2026-08-05,10340159,ae61cf10d5049b057f22cb880e3e651a,uyui_12233.jpg,quality digit 5 = Low quality -> Grade_C,2975.72
C_L5L_10339672.jpg,"Tobacco leaves dataset (Virginia flue-cured, Tanzania)",https://dataverse.harvard.edu/api/access/datafile/10339672,L5L,Grade_C,960x1440,JPEG,CC0 1.0 Universal (public domain dedication),2026-08-05,10339672,62ae1d9c301f3ade0793a23eaaae670c,uyui_12180.jpg,quality digit 5 = Low quality -> Grade_C,2733.48
C_L5L_10339765.jpg,"Tobacco leaves dataset (Virginia flue-cured, Tanzania)",https://dataverse.harvard.edu/api/access/datafile/10339765,L5L,Grade_C,960x1440,JPEG,CC0 1.0 Universal (public domain dedication),2026-08-05,10339765,55179d225571d1661bfb46f3b8c2e55e,urambo_5112.jpg,quality digit 5 = Low quality -> Grade_C,3140.23
C_L5L_10339785.jpg,"Tobacco leaves dataset (Virginia flue-cured, Tanzania)",https://dataverse.harvard.edu/api/access/datafile/10339785,L5L,Grade_C,960x1440,JPEG,CC0 1.0 Universal (public domain dedication),2026-08-05,10339785,2d6523b35af3e5d5aea510fbbc61b6ad,uyui_15232.jpg,quality digit 5 = Low quality -> Grade_C,3157.34
C_L5L_10339656.jpg,"Tobacco leaves dataset (Virginia flue-cured, Tanzania)",https://dataverse.harvard.edu/api/access/datafile/10339656,L5L,Grade_C,960x1440,JPEG,CC0 1.0 Universal (public domain dedication),2026-08-05,10339656,f534b0f62f3c67dba071238a8b0525c4,kaliua_12364.jpg,quality digit 5 = Low quality -> Grade_C,3434.43
C_L5L_10339525.jpg,"Tobacco leaves dataset (Virginia flue-cured, Tanzania)",https://dataverse.harvard.edu/api/access/datafile/10339525,L5L,Grade_C,960x1440,JPEG,CC0 1.0 Universal (public domain dedication),2026-08-05,10339525,1e9b26b22f8b7f0f881d9a6a0a67c307,kaliua_4706.jpg,quality digit 5 = Low quality -> Grade_C,2367.52
C_L5L_10339401.jpg,"Tobacco leaves dataset (Virginia flue-cured, Tanzania)",https://dataverse.harvard.edu/api/access/datafile/10339401,L5L,Grade_C,960x1440,JPEG,CC0 1.0 Universal (public domain dedication),2026-08-05,10339401,b877b86b31b58f55c9f733613232c9a0,manispaa_5933.jpg,quality digit 5 = Low quality -> Grade_C,3453.86
C_L5L_10340014.jpg,"Tobacco leaves dataset (Virginia flue-cured, Tanzania)",https://dataverse.harvard.edu/api/access/datafile/10340014,L5L,Grade_C,960x1440,JPEG,CC0 1.0 Universal (public domain dedication),2026-08-05,10340014,216b7a9d4900cdaca8ebc2b709e33f99,manispaa_6073.jpg,quality digit 5 = Low quality -> Grade_C,3061.54
C_L5L_10339439.jpg,"Tobacco leaves dataset (Virginia flue-cured, Tanzania)",https://dataverse.harvard.edu/api/access/datafile/10339439,L5L,Grade_C,960x1440,JPEG,CC0 1.0 Universal (public domain dedication),2026-08-05,10339439,bc67dc3550572bce077c73c654928f01,kaliua_2267.jpg,quality digit 5 = Low quality -> Grade_C,3474.23
C_L5L_10339436.jpg,"Tobacco leaves dataset (Virginia flue-cured, Tanzania)",https://dataverse.harvard.edu/api/access/datafile/10339436,L5L,Grade_C,960x1440,JPEG,CC0 1.0 Universal (public domain dedication),2026-08-05,10339436,fd6258becd7dac8161cde3f3732b74dc,kaliua_2321.jpg,quality digit 5 = Low quality -> Grade_C,4219.7
C_L5L_10339219.jpg,"Tobacco leaves dataset (Virginia flue-cured, Tanzania)",https://dataverse.harvard.edu/api/access/datafile/10339219,L5L,Grade_C,960x1440,JPEG,CC0 1.0 Universal (public domain dedication),2026-08-05,10339219,b6b101acdd378cf262f1f7fb39b38b26,manispaa_11734.jpg,quality digit 5 = Low quality -> Grade_C,2276.27
C_L5L_10339196.jpg,"Tobacco leaves dataset (Virginia flue-cured, Tanzania)",https://dataverse.harvard.edu/api/access/datafile/10339196,L5L,Grade_C,960x1440,JPEG,CC0 1.0 Universal (public domain dedication),2026-08-05,10339196,0ad813f6149bab7140eb266bf4f01d19,kaliua_4833.jpg,quality digit 5 = Low quality -> Grade_C,4543.89
C_L5L_10340040.jpg,"Tobacco leaves dataset (Virginia flue-cured, Tanzania)",https://dataverse.harvard.edu/api/access/datafile/10340040,L5L,Grade_C,960x1440,JPEG,CC0 1.0 Universal (public domain dedication),2026-08-05,10340040,d9c9f256b1d681beb20bc57da7ef3098,uyui_12206.jpg,quality digit 5 = Low quality -> Grade_C,2761.67
C_L5L_10339407.jpg,"Tobacco leaves dataset (Virginia flue-cured, Tanzania)",https://dataverse.harvard.edu/api/access/datafile/10339407,L5L,Grade_C,960x1440,JPEG,CC0 1.0 Universal (public domain dedication),2026-08-05,10339407,1018dac2404e31d80a731d7706710a9b,kaliua_4783.jpg,quality digit 5 = Low quality -> Grade_C,2378.21
C_L5L_10340043.jpg,"Tobacco leaves dataset (Virginia flue-cured, Tanzania)",https://dataverse.harvard.edu/api/access/datafile/10340043,L5L,Grade_C,960x1440,JPEG,CC0 1.0 Universal (public domain dedication),2026-08-05,10340043,97581dd8a694fe136f912f1aa6ff610f,manispaa_6050.jpg,quality digit 5 = Low quality -> Grade_C,2082.4
C_L5L_10339553.jpg,"Tobacco leaves dataset (Virginia flue-cured, Tanzania)",https://dataverse.harvard.edu/api/access/datafile/10339553,L5L,Grade_C,960x1440,JPEG,CC0 1.0 Universal (public domain dedication),2026-08-05,10339553,0efe8139fb12d1b4603f6b54088e2fa0,kaliua_2237.jpg,quality digit 5 = Low quality -> Grade_C,3050.62
C_L5L_10339713.jpg,"Tobacco leaves dataset (Virginia flue-cured, Tanzania)",https://dataverse.harvard.edu/api/access/datafile/10339713,L5L,Grade_C,960x1440,JPEG,CC0 1.0 Universal (public domain dedication),2026-08-05,10339713,ff039e90b0bb533d89f02ea6b391f66c,uyui_5740.jpg,quality digit 5 = Low quality -> Grade_C,4005.75
C_L5L_10339088.jpg,"Tobacco leaves dataset (Virginia flue-cured, Tanzania)",https://dataverse.harvard.edu/api/access/datafile/10339088,L5L,Grade_C,960x1440,JPEG,CC0 1.0 Universal (public domain dedication),2026-08-05,10339088,31c3a032b073df19ef306b34ca65699e,manispaa_11787.jpg,quality digit 5 = Low quality -> Grade_C,3298.93
C_L5L_10340102.jpg,"Tobacco leaves dataset (Virginia flue-cured, Tanzania)",https://dataverse.harvard.edu/api/access/datafile/10340102,L5L,Grade_C,960x1440,JPEG,CC0 1.0 Universal (public domain dedication),2026-08-05,10340102,45952d5a282b13c7ff549c1d9fbcce8e,manispaa_5980.jpg,quality digit 5 = Low quality -> Grade_C,3534.22
C_L5L_10339098.jpg,"Tobacco leaves dataset (Virginia flue-cured, Tanzania)",https://dataverse.harvard.edu/api/access/datafile/10339098,L5L,Grade_C,960x1440,JPEG,CC0 1.0 Universal (public domain dedication),2026-08-05,10339098,be7f6bc4446939dadf8f2ff312196cdc,kaliua_4757.jpg,quality digit 5 = Low quality -> Grade_C,2137.81
C_L5L_10339695.jpg,"Tobacco leaves dataset (Virginia flue-cured, Tanzania)",https://dataverse.harvard.edu/api/access/datafile/10339695,L5L,Grade_C,960x1440,JPEG,CC0 1.0 Universal (public domain dedication),2026-08-05,10339695,5e05804c0dbf62326356a04ecfc07243,uyui_5779.jpg,quality digit 5 = Low quality -> Grade_C,3666.95
C_L5L_10339017.jpg,"Tobacco leaves dataset (Virginia flue-cured, Tanzania)",https://dataverse.harvard.edu/api/access/datafile/10339017,L5L,Grade_C,960x1440,JPEG,CC0 1.0 Universal (public domain dedication),2026-08-05,10339017,29f604bfe8625f706c0e2db15046de52,manispaa_2717.jpg,quality digit 5 = Low quality -> Grade_C,3113.88
C_L5L_10339411.jpg,"Tobacco leaves dataset (Virginia flue-cured, Tanzania)",https://dataverse.harvard.edu/api/access/datafile/10339411,L5L,Grade_C,960x1440,JPEG,CC0 1.0 Universal (public domain dedication),2026-08-05,10339411,209d52d1c1fcb427ac09143c954b7881,manispaa_11677.jpg,quality digit 5 = Low quality -> Grade_C,3224.15
C_L5L_10338893.jpg,"Tobacco leaves dataset (Virginia flue-cured, Tanzania)",https://dataverse.harvard.edu/api/access/datafile/10338893,L5L,Grade_C,960x1440,JPEG,CC0 1.0 Universal (public domain dedication),2026-08-05,10338893,c8e411f06374bca102354524c0737af7,manispaa_2714.jpg,quality digit 5 = Low quality -> Grade_C,3093.81
C_L5L_10340317.jpg,"Tobacco leaves dataset (Virginia flue-cured, Tanzania)",https://dataverse.harvard.edu/api/access/datafile/10340317,L5L,Grade_C,960x1440,JPEG,CC0 1.0 Universal (public domain dedication),2026-08-05,10340317,e3e04ebbaab9a76350be62d04548bf5e,urambo_3219.jpg,quality digit 5 = Low quality -> Grade_C,2898.15
C_L5L_10339071.jpg,"Tobacco leaves dataset (Virginia flue-cured, Tanzania)",https://dataverse.harvard.edu/api/access/datafile/10339071,L5L,Grade_C,960x1440,JPEG,CC0 1.0 Universal (public domain dedication),2026-08-05,10339071,1916d04b482c6bc75bdbeeeb4aab5bfa,kaliua_4866.jpg,quality digit 5 = Low quality -> Grade_C,2489.7
C_L5L_10340529.jpg,"Tobacco leaves dataset (Virginia flue-cured, Tanzania)",https://dataverse.harvard.edu/api/access/datafile/10340529,L5L,Grade_C,960x1440,JPEG,CC0 1.0 Universal (public domain dedication),2026-08-05,10340529,b441abd07a4eb47941695fc49f0b3dd9,uyui_9465.jpg,quality digit 5 = Low quality -> Grade_C,2203.09
C_L5L_10339484.jpg,"Tobacco leaves dataset (Virginia flue-cured, Tanzania)",https://dataverse.harvard.edu/api/access/datafile/10339484,L5L,Grade_C,960x1440,JPEG,CC0 1.0 Universal (public domain dedication),2026-08-05,10339484,b161375d82456f6e832297f35fdce4fd,manispaa_11763.jpg,quality digit 5 = Low quality -> Grade_C,3157.83
C_L5L_10340182.jpg,"Tobacco leaves dataset (Virginia flue-cured, Tanzania)",https://dataverse.harvard.edu/api/access/datafile/10340182,L5L,Grade_C,960x1440,JPEG,CC0 1.0 Universal (public domain dedication),2026-08-05,10340182,39a58479e740746c750ae3c0d7b7fe3d,urambo_6218.jpg,quality digit 5 = Low quality -> Grade_C,3214.83
C_L5L_10339362.jpg,"Tobacco leaves dataset (Virginia flue-cured, Tanzania)",https://dataverse.harvard.edu/api/access/datafile/10339362,L5L,Grade_C,960x1440,JPEG,CC0 1.0 Universal (public domain dedication),2026-08-05,10339362,e1cc78a58e8cb51f7807669efe613aed,manispaa_11606.jpg,quality digit 5 = Low quality -> Grade_C,3868.28
C_L5L_10340311.jpg,"Tobacco leaves dataset (Virginia flue-cured, Tanzania)",https://dataverse.harvard.edu/api/access/datafile/10340311,L5L,Grade_C,960x1440,JPEG,CC0 1.0 Universal (public domain dedication),2026-08-05,10340311,06e2596bf15b5f16b8db37dff1286c8f,uyui_5775.jpg,quality digit 5 = Low quality -> Grade_C,3731.6
C_L5L_10339759.jpg,"Tobacco leaves dataset (Virginia flue-cured, Tanzania)",https://dataverse.harvard.edu/api/access/datafile/10339759,L5L,Grade_C,960x1440,JPEG,CC0 1.0 Universal (public domain dedication),2026-08-05,10339759,9607955ee3df917df14f997a8cf2c105,uyui_15195.jpg,quality digit 5 = Low quality -> Grade_C,2169.84
C_L5L_10338896.jpg,"Tobacco leaves dataset (Virginia flue-cured, Tanzania)",https://dataverse.harvard.edu/api/access/datafile/10338896,L5L,Grade_C,960x1440,JPEG,CC0 1.0 Universal (public domain dedication),2026-08-05,10338896,1cc0680e0eb6a2e60d39b3da581d4748,kaliua_4809.jpg,quality digit 5 = Low quality -> Grade_C,1304.12
C_L5L_10340025.jpg,"Tobacco leaves dataset (Virginia flue-cured, Tanzania)",https://dataverse.harvard.edu/api/access/datafile/10340025,L5L,Grade_C,960x1440,JPEG,CC0 1.0 Universal (public domain dedication),2026-08-05,10340025,742fbd2e4b728f2fedfba3821a15b024,uyui_12154.jpg,quality digit 5 = Low quality -> Grade_C,3077.73
C_L5L_10339606.jpg,"Tobacco leaves dataset (Virginia flue-cured, Tanzania)",https://dataverse.harvard.edu/api/access/datafile/10339606,L5L,Grade_C,960x1440,JPEG,CC0 1.0 Universal (public domain dedication),2026-08-05,10339606,1553df3bea449e28b40c5e9a841b0278,kaliua_2306.jpg,quality digit 5 = Low quality -> Grade_C,4401.08
C_L5L_10339376.jpg,"Tobacco leaves dataset (Virginia flue-cured, Tanzania)",https://dataverse.harvard.edu/api/access/datafile/10339376,L5L,Grade_C,960x1440,JPEG,CC0 1.0 Universal (public domain dedication),2026-08-05,10339376,add109160768a7d6b309f2594c0b1d61,manispaa_2773.jpg,quality digit 5 = Low quality -> Grade_C,3395.55
C_L5L_10339756.jpg,"Tobacco leaves dataset (Virginia flue-cured, Tanzania)",https://dataverse.harvard.edu/api/access/datafile/10339756,L5L,Grade_C,960x1440,JPEG,CC0 1.0 Universal (public domain dedication),2026-08-05,10339756,57478edf6d6095736cfe2b9650ef6b54,urambo_6206.jpg,quality digit 5 = Low quality -> Grade_C,4717.11
C_L5L_10339250.jpg,"Tobacco leaves dataset (Virginia flue-cured, Tanzania)",https://dataverse.harvard.edu/api/access/datafile/10339250,L5L,Grade_C,960x1440,JPEG,CC0 1.0 Universal (public domain dedication),2026-08-05,10339250,b1042b39b0da5e2feffe38aab2b42e05,kaliua_4786.jpg,quality digit 5 = Low quality -> Grade_C,2715.27
C_L5L_10339470.jpg,"Tobacco leaves dataset (Virginia flue-cured, Tanzania)",https://dataverse.harvard.edu/api/access/datafile/10339470,L5L,Grade_C,960x1440,JPEG,CC0 1.0 Universal (public domain dedication),2026-08-05,10339470,48c28eed27b89a50eb461841e11f274f,manispaa_11664.jpg,quality digit 5 = Low quality -> Grade_C,3078.3
C_L5L_10339783.jpg,"Tobacco leaves dataset (Virginia flue-cured, Tanzania)",https://dataverse.harvard.edu/api/access/datafile/10339783,L5L,Grade_C,960x1440,JPEG,CC0 1.0 Universal (public domain dedication),2026-08-05,10339783,38bb989bf7cf8820652685e9685aeafc,uyui_12163.jpg,quality digit 5 = Low quality -> Grade_C,2590.29
C_L5L_10339873.jpg,"Tobacco leaves dataset (Virginia flue-cured, Tanzania)",https://dataverse.harvard.edu/api/access/datafile/10339873,L5L,Grade_C,960x1440,JPEG,CC0 1.0 Universal (public domain dedication),2026-08-05,10339873,bd8eff9832e7118205a01522c12b0c94,uyui_12250.jpg,quality digit 5 = Low quality -> Grade_C,2948.61
C_L5L_10339642.jpg,"Tobacco leaves dataset (Virginia flue-cured, Tanzania)",https://dataverse.harvard.edu/api/access/datafile/10339642,L5L,Grade_C,960x1440,JPEG,CC0 1.0 Universal (public domain dedication),2026-08-05,10339642,560d59be68129e68538b15b4584f0513,manispaa_14282.jpg,quality digit 5 = Low quality -> Grade_C,2593.69
C_L5L_10339418.jpg,"Tobacco leaves dataset (Virginia flue-cured, Tanzania)",https://dataverse.harvard.edu/api/access/datafile/10339418,L5L,Grade_C,960x1440,JPEG,CC0 1.0 Universal (public domain dedication),2026-08-05,10339418,f3eeeb0dc6533a7002318d258638ce85,kaliua_9508.jpg,quality digit 5 = Low quality -> Grade_C,3153.01
C_L5L_10338899.jpg,"Tobacco leaves dataset (Virginia flue-cured, Tanzania)",https://dataverse.harvard.edu/api/access/datafile/10338899,L5L,Grade_C,960x1440,JPEG,CC0 1.0 Universal (public domain dedication),2026-08-05,10338899,b951865be4098a8d9906b16fbf582a34,manispaa_2749.jpg,quality digit 5 = Low quality -> Grade_C,3497.77
C_L5L_10340365.jpg,"Tobacco leaves dataset (Virginia flue-cured, Tanzania)",https://dataverse.harvard.edu/api/access/datafile/10340365,L5L,Grade_C,960x1440,JPEG,CC0 1.0 Universal (public domain dedication),2026-08-05,10340365,3d9c9db6adde4535541b5f64549c49fd,manispaa_6031.jpg,quality digit 5 = Low quality -> Grade_C,1649.06
C_L5L_10340316.jpg,"Tobacco leaves dataset (Virginia flue-cured, Tanzania)",https://dataverse.harvard.edu/api/access/datafile/10340316,L5L,Grade_C,960x1440,JPEG,CC0 1.0 Universal (public domain dedication),2026-08-05,10340316,a113498fad86af638250daa05ac32f86,urambo_5109.jpg,quality digit 5 = Low quality -> Grade_C,2428.79
C_L5L_10339588.jpg,"Tobacco leaves dataset (Virginia flue-cured, Tanzania)",https://dataverse.harvard.edu/api/access/datafile/10339588,L5L,Grade_C,960x1440,JPEG,CC0 1.0 Universal (public domain dedication),2026-08-05,10339588,ecbfd693849893e9b9178eebcb30f56c,kaliua_9468.jpg,quality digit 5 = Low quality -> Grade_C,3082.16
C_L5L_10340349.jpg,"Tobacco leaves dataset (Virginia flue-cured, Tanzania)",https://dataverse.harvard.edu/api/access/datafile/10340349,L5L,Grade_C,960x1440,JPEG,CC0 1.0 Universal (public domain dedication),2026-08-05,10340349,5c7076a9b3032fe822bb34f8147365ce,manispaa_6009.jpg,quality digit 5 = Low quality -> Grade_C,1992.25
C_L5L_10339400.jpg,"Tobacco leaves dataset (Virginia flue-cured, Tanzania)",https://dataverse.harvard.edu/api/access/datafile/10339400,L5L,Grade_C,960x1440,JPEG,CC0 1.0 Universal (public domain dedication),2026-08-05,10339400,bdbe6bafe95a8975017430d78942469b,manispaa_11789.jpg,quality digit 5 = Low quality -> Grade_C,3373.27
C_L5L_10339126.jpg,"Tobacco leaves dataset (Virginia flue-cured, Tanzania)",https://dataverse.harvard.edu/api/access/datafile/10339126,L5L,Grade_C,960x1440,JPEG,CC0 1.0 Universal (public domain dedication),2026-08-05,10339126,a434e2014f8bb86cbc7d3ff19e146444,manispaa_11794.jpg,quality digit 5 = Low quality -> Grade_C,3954.58
C_L5L_10338864.jpg,"Tobacco leaves dataset (Virginia flue-cured, Tanzania)",https://dataverse.harvard.edu/api/access/datafile/10338864,L5L,Grade_C,960x1440,JPEG,CC0 1.0 Universal (public domain dedication),2026-08-05,10338864,d79f0e645ab25e43a6818920d46e83ed,kaliua_2226.jpg,quality digit 5 = Low quality -> Grade_C,3485.81
C_L5L_10340356.jpg,"Tobacco leaves dataset (Virginia flue-cured, Tanzania)",https://dataverse.harvard.edu/api/access/datafile/10340356,L5L,Grade_C,960x1440,JPEG,CC0 1.0 Universal (public domain dedication),2026-08-05,10340356,46408fb6eb6fbc0d3d8ad10ad6f3b511,manispaa_6092.jpg,quality digit 5 = Low quality -> Grade_C,2644.67
C_L5L_10339740.jpg,"Tobacco leaves dataset (Virginia flue-cured, Tanzania)",https://dataverse.harvard.edu/api/access/datafile/10339740,L5L,Grade_C,960x1440,JPEG,CC0 1.0 Universal (public domain dedication),2026-08-05,10339740,eba87ea3b62e585f9670d3b0f3a81955,urambo_3252.jpg,quality digit 5 = Low quality -> Grade_C,3776.78
C_L5L_10339827.jpg,"Tobacco leaves dataset (Virginia flue-cured, Tanzania)",https://dataverse.harvard.edu/api/access/datafile/10339827,L5L,Grade_C,960x1440,JPEG,CC0 1.0 Universal (public domain dedication),2026-08-05,10339827,be6fc80a4c24016ed77a6e98622b2c7c,urambo_6243.jpg,quality digit 5 = Low quality -> Grade_C,6135.48
C_L5L_10339647.jpg,"Tobacco leaves dataset (Virginia flue-cured, Tanzania)",https://dataverse.harvard.edu/api/access/datafile/10339647,L5L,Grade_C,960x1440,JPEG,CC0 1.0 Universal (public domain dedication),2026-08-05,10339647,a2f6dfd7215fd1e0618cdce38e017ee6,manispaa_14250.jpg,quality digit 5 = Low quality -> Grade_C,2891.6
C_L5L_10339052.jpg,"Tobacco leaves dataset (Virginia flue-cured, Tanzania)",https://dataverse.harvard.edu/api/access/datafile/10339052,L5L,Grade_C,960x1440,JPEG,CC0 1.0 Universal (public domain dedication),2026-08-05,10339052,cafb9df23282f24806f755145408045a,manispaa_2767.jpg,quality digit 5 = Low quality -> Grade_C,3508.91
C_L5L_10338974.jpg,"Tobacco leaves dataset (Virginia flue-cured, Tanzania)",https://dataverse.harvard.edu/api/access/datafile/10338974,L5L,Grade_C,960x1440,JPEG,CC0 1.0 Universal (public domain dedication),2026-08-05,10338974,2cb12c84b0c51bbc212c5c72a6db1758,manispaa_11710.jpg,quality digit 5 = Low quality -> Grade_C,2988.75
C_L5L_10338837.jpg,"Tobacco leaves dataset (Virginia flue-cured, Tanzania)",https://dataverse.harvard.edu/api/access/datafile/10338837,L5L,Grade_C,960x1440,JPEG,CC0 1.0 Universal (public domain dedication),2026-08-05,10338837,5c61caadfddb9c9401a9ca4c33a8eea1,kaliua_2287.jpg,quality digit 5 = Low quality -> Grade_C,3321.78
C_L5L_10340169.jpg,"Tobacco leaves dataset (Virginia flue-cured, Tanzania)",https://dataverse.harvard.edu/api/access/datafile/10340169,L5L,Grade_C,960x1440,JPEG,CC0 1.0 Universal (public domain dedication),2026-08-05,10340169,962d8fb9a271862ac9c30cc2d0b7334c,uyui_12121.jpg,quality digit 5 = Low quality -> Grade_C,3053.43
C_L5L_10339505.jpg,"Tobacco leaves dataset (Virginia flue-cured, Tanzania)",https://dataverse.harvard.edu/api/access/datafile/10339505,L5L,Grade_C,960x1440,JPEG,CC0 1.0 Universal (public domain dedication),2026-08-05,10339505,c307ddb0255f4b4a7599a334863c95a1,kaliua_4708.jpg,quality digit 5 = Low quality -> Grade_C,1979.43
C_L5L_10340446.jpg,"Tobacco leaves dataset (Virginia flue-cured, Tanzania)",https://dataverse.harvard.edu/api/access/datafile/10340446,L5L,Grade_C,960x1440,JPEG,CC0 1.0 Universal (public domain dedication),2026-08-05,10340446,657bb9959c1c25a8015876750dc89b93,manispaa_6013.jpg,quality digit 5 = Low quality -> Grade_C,1639.91
C_L5L_10338985.jpg,"Tobacco leaves dataset (Virginia flue-cured, Tanzania)",https://dataverse.harvard.edu/api/access/datafile/10338985,L5L,Grade_C,960x1440,JPEG,CC0 1.0 Universal (public domain dedication),2026-08-05,10338985,5a5fc4e3250cd8c361e6613337bb2e45,manispaa_11582.jpg,quality digit 5 = Low quality -> Grade_C,3547.56
C_L5L_10339562.jpg,"Tobacco leaves dataset (Virginia flue-cured, Tanzania)",https://dataverse.harvard.edu/api/access/datafile/10339562,L5L,Grade_C,960x1440,JPEG,CC0 1.0 Universal (public domain dedication),2026-08-05,10339562,6411807e5142f62336e66f054e94d26d,kaliua_4741.jpg,quality digit 5 = Low quality -> Grade_C,2383.69
C_L5L_10339214.jpg,"Tobacco leaves dataset (Virginia flue-cured, Tanzania)",https://dataverse.harvard.edu/api/access/datafile/10339214,L5L,Grade_C,960x1440,JPEG,CC0 1.0 Universal (public domain dedication),2026-08-05,10339214,27e505b1526d65bc2fe6ea3691d8731f,manispaa_11759.jpg,quality digit 5 = Low quality -> Grade_C,2767.55
C_L5L_10339701.jpg,"Tobacco leaves dataset (Virginia flue-cured, Tanzania)",https://dataverse.harvard.edu/api/access/datafile/10339701,L5L,Grade_C,960x1440,JPEG,CC0 1.0 Universal (public domain dedication),2026-08-05,10339701,eab5c576d67150ad5998fe09de8c807f,uyui_12237.jpg,quality digit 5 = Low quality -> Grade_C,3401.99
C_L5L_10339561.jpg,"Tobacco leaves dataset (Virginia flue-cured, Tanzania)",https://dataverse.harvard.edu/api/access/datafile/10339561,L5L,Grade_C,960x1440,JPEG,CC0 1.0 Universal (public domain dedication),2026-08-05,10339561,91f86dd122dd4427ebdbf9c4def1be34,manispaa_2755.jpg,quality digit 5 = Low quality -> Grade_C,3380.75
C_L5L_10338962.jpg,"Tobacco leaves dataset (Virginia flue-cured, Tanzania)",https://dataverse.harvard.edu/api/access/datafile/10338962,L5L,Grade_C,960x1440,JPEG,CC0 1.0 Universal (public domain dedication),2026-08-05,10338962,f7108cc2f41d484b1c3aeec928933bd9,kaliua_2257.jpg,quality digit 5 = Low quality -> Grade_C,3920.25
C_L5L_10340433.jpg,"Tobacco leaves dataset (Virginia flue-cured, Tanzania)",https://dataverse.harvard.edu/api/access/datafile/10340433,L5L,Grade_C,960x1440,JPEG,CC0 1.0 Universal (public domain dedication),2026-08-05,10340433,9182b5d38f7ed7deecece8c73b2c3ebc,uyui_15194.jpg,quality digit 5 = Low quality -> Grade_C,2542.02
C_L5L_10340339.jpg,"Tobacco leaves dataset (Virginia flue-cured, Tanzania)",https://dataverse.harvard.edu/api/access/datafile/10340339,L5L,Grade_C,960x1440,JPEG,CC0 1.0 Universal (public domain dedication),2026-08-05,10340339,ee79d457743a74ce458bfb7c5cf7e9f7,uyui_15198.jpg,quality digit 5 = Low quality -> Grade_C,1942.19
C_L5L_10339619.jpg,"Tobacco leaves dataset (Virginia flue-cured, Tanzania)",https://dataverse.harvard.edu/api/access/datafile/10339619,L5L,Grade_C,960x1440,JPEG,CC0 1.0 Universal (public domain dedication),2026-08-05,10339619,628b6abd69e324f084811497374bcfd1,kaliua_9471.jpg,quality digit 5 = Low quality -> Grade_C,3165.95
C_L5L_10340394.jpg,"Tobacco leaves dataset (Virginia flue-cured, Tanzania)",https://dataverse.harvard.edu/api/access/datafile/10340394,L5L,Grade_C,960x1440,JPEG,CC0 1.0 Universal (public domain dedication),2026-08-05,10340394,abf495578876834d58679af0704c1eb0,urambo_6193.jpg,quality digit 5 = Low quality -> Grade_C,4345.06
C_L5L_10339845.jpg,"Tobacco leaves dataset (Virginia flue-cured, Tanzania)",https://dataverse.harvard.edu/api/access/datafile/10339845,L5L,Grade_C,960x1440,JPEG,CC0 1.0 Universal (public domain dedication),2026-08-05,10339845,fc6ed94cf30e530560e267e01ed159a9,urambo_5065.jpg,quality digit 5 = Low quality -> Grade_C,3085.36
C_L5L_10340464.jpg,"Tobacco leaves dataset (Virginia flue-cured, Tanzania)",https://dataverse.harvard.edu/api/access/datafile/10340464,L5L,Grade_C,960x1440,JPEG,CC0 1.0 Universal (public domain dedication),2026-08-05,10340464,ba8660fd3a0cd1a78dcc9134b8f95329,uyui_12141.jpg,quality digit 5 = Low quality -> Grade_C,2540.78
C_L5L_10340246.jpg,"Tobacco leaves dataset (Virginia flue-cured, Tanzania)",https://dataverse.harvard.edu/api/access/datafile/10340246,L5L,Grade_C,960x1440,JPEG,CC0 1.0 Universal (public domain dedication),2026-08-05,10340246,c7335834ce564ed29505c1fa3e521617,uyui_12161.jpg,quality digit 5 = Low quality -> Grade_C,2683.11
C_L5L_10340165.jpg,"Tobacco leaves dataset (Virginia flue-cured, Tanzania)",https://dataverse.harvard.edu/api/access/datafile/10340165,L5L,Grade_C,960x1440,JPEG,CC0 1.0 Universal (public domain dedication),2026-08-05,10340165,f010b56708061b1e5a1d067e2a783ba7,uyui_12079.jpg,quality digit 5 = Low quality -> Grade_C,3378.55
C_L5L_10340059.jpg,"Tobacco leaves dataset (Virginia flue-cured, Tanzania)",https://dataverse.harvard.edu/api/access/datafile/10340059,L5L,Grade_C,960x1440,JPEG,CC0 1.0 Universal (public domain dedication),2026-08-05,10340059,6c97a112b0a03276d42e5c8cda489696,urambo_5132.jpg,quality digit 5 = Low quality -> Grade_C,3721.73
C_L5L_10339869.jpg,"Tobacco leaves dataset (Virginia flue-cured, Tanzania)",https://dataverse.harvard.edu/api/access/datafile/10339869,L5L,Grade_C,960x1440,JPEG,CC0 1.0 Universal (public domain dedication),2026-08-05,10339869,bda732b3487e2ac30fa45e0804c6de7d,urambo_5078.jpg,quality digit 5 = Low quality -> Grade_C,3622.36
C_L5L_10339009.jpg,"Tobacco leaves dataset (Virginia flue-cured, Tanzania)",https://dataverse.harvard.edu/api/access/datafile/10339009,L5L,Grade_C,960x1440,JPEG,CC0 1.0 Universal (public domain dedication),2026-08-05,10339009,bd3728070497bc3987dfc652dfd3d0f9,manispaa_14265.jpg,quality digit 5 = Low quality -> Grade_C,2475.92
C_L5L_10339042.jpg,"Tobacco leaves dataset (Virginia flue-cured, Tanzania)",https://dataverse.harvard.edu/api/access/datafile/10339042,L5L,Grade_C,960x1440,JPEG,CC0 1.0 Universal (public domain dedication),2026-08-05,10339042,f98af7e72d254a8f881528d8f271ca0a,manispaa_11643.jpg,quality digit 5 = Low quality -> Grade_C,3805.9
C_L5L_10339013.jpg,"Tobacco leaves dataset (Virginia flue-cured, Tanzania)",https://dataverse.harvard.edu/api/access/datafile/10339013,L5L,Grade_C,960x1440,JPEG,CC0 1.0 Universal (public domain dedication),2026-08-05,10339013,586bdcf88958a730356bb4460ec95134,manispaa_11603.jpg,quality digit 5 = Low quality -> Grade_C,2831.73
C_L5L_10339063.jpg,"Tobacco leaves dataset (Virginia flue-cured, Tanzania)",https://dataverse.harvard.edu/api/access/datafile/10339063,L5L,Grade_C,960x1440,JPEG,CC0 1.0 Universal (public domain dedication),2026-08-05,10339063,dae3a3b3302f57b8c0bbb94a2d6c0520,manispaa_11770.jpg,quality digit 5 = Low quality -> Grade_C,3140.12
C_L5L_10339191.jpg,"Tobacco leaves dataset (Virginia flue-cured, Tanzania)",https://dataverse.harvard.edu/api/access/datafile/10339191,L5L,Grade_C,960x1440,JPEG,CC0 1.0 Universal (public domain dedication),2026-08-05,10339191,f18305b3c7c8114199fce64a2b5e8024,manispaa_11654.jpg,quality digit 5 = Low quality -> Grade_C,3385.29
C_L5L_10340377.jpg,"Tobacco leaves dataset (Virginia flue-cured, Tanzania)",https://dataverse.harvard.edu/api/access/datafile/10340377,L5L,Grade_C,960x1440,JPEG,CC0 1.0 Universal (public domain dedication),2026-08-05,10340377,e16c9593ea8543fa524b14c0d80c4d26,urambo_6212.jpg,quality digit 5 = Low quality -> Grade_C,4346.15
C_L5L_10339675.jpg,"Tobacco leaves dataset (Virginia flue-cured, Tanzania)",https://dataverse.harvard.edu/api/access/datafile/10339675,L5L,Grade_C,960x1440,JPEG,CC0 1.0 Universal (public domain dedication),2026-08-05,10339675,8ad20acaf64529663a1619b523cf3b6c,uyui_12174.jpg,quality digit 5 = Low quality -> Grade_C,2351.32
C_L5L_10339583.jpg,"Tobacco leaves dataset (Virginia flue-cured, Tanzania)",https://dataverse.harvard.edu/api/access/datafile/10339583,L5L,Grade_C,960x1440,JPEG,CC0 1.0 Universal (public domain dedication),2026-08-05,10339583,10314727b8fdef25e8e2fc998fe6debf,kaliua_4719.jpg,quality digit 5 = Low quality -> Grade_C,1969.11
C_L5L_10339381.jpg,"Tobacco leaves dataset (Virginia flue-cured, Tanzania)",https://dataverse.harvard.edu/api/access/datafile/10339381,L5L,Grade_C,960x1440,JPEG,CC0 1.0 Universal (public domain dedication),2026-08-05,10339381,930ffe464bc54535e01ca2b89491bc1c,manispaa_11597.jpg,quality digit 5 = Low quality -> Grade_C,3429.65
C_L5L_10338852.jpg,"Tobacco leaves dataset (Virginia flue-cured, Tanzania)",https://dataverse.harvard.edu/api/access/datafile/10338852,L5L,Grade_C,960x1440,JPEG,CC0 1.0 Universal (public domain dedication),2026-08-05,10338852,763fc4e24648067e7aa3be3bff117957,manispaa_14292.jpg,quality digit 5 = Low quality -> Grade_C,2322.9
C_L5L_10340290.jpg,"Tobacco leaves dataset (Virginia flue-cured, Tanzania)",https://dataverse.harvard.edu/api/access/datafile/10340290,L5L,Grade_C,960x1440,JPEG,CC0 1.0 Universal (public domain dedication),2026-08-05,10340290,8a7156c0c5c8c48e30095b602954005b,manispaa_6067.jpg,quality digit 5 = Low quality -> Grade_C,2499.42
C_L5L_10339548.jpg,"Tobacco leaves dataset (Virginia flue-cured, Tanzania)",https://dataverse.harvard.edu/api/access/datafile/10339548,L5L,Grade_C,960x1440,JPEG,CC0 1.0 Universal (public domain dedication),2026-08-05,10339548,e64017edebb71eb0e443f7489c629261,manispaa_2692.jpg,quality digit 5 = Low quality -> Grade_C,3427.05
C_L5L_10338813.jpg,"Tobacco leaves dataset (Virginia flue-cured, Tanzania)",https://dataverse.harvard.edu/api/access/datafile/10338813,L5L,Grade_C,960x1440,JPEG,CC0 1.0 Universal (public domain dedication),2026-08-05,10338813,ab73f965bf633cf2bc958d0835d9c8db,manispaa_2735.jpg,quality digit 5 = Low quality -> Grade_C,2750.23
C_L5L_10339821.jpg,"Tobacco leaves dataset (Virginia flue-cured, Tanzania)",https://dataverse.harvard.edu/api/access/datafile/10339821,L5L,Grade_C,960x1440,JPEG,CC0 1.0 Universal (public domain dedication),2026-08-05,10339821,0eabcea2211167ac18aeb878b8f519c8,urambo_6199.jpg,quality digit 5 = Low quality -> Grade_C,4610.82
C_L5L_10339497.jpg,"Tobacco leaves dataset (Virginia flue-cured, Tanzania)",https://dataverse.harvard.edu/api/access/datafile/10339497,L5L,Grade_C,960x1440,JPEG,CC0 1.0 Universal (public domain dedication),2026-08-05,10339497,fbb830f9335ce2b99bee294f280f5220,manispaa_11564.jpg,quality digit 5 = Low quality -> Grade_C,2782.11
C_L5L_10339743.jpg,"Tobacco leaves dataset (Virginia flue-cured, Tanzania)",https://dataverse.harvard.edu/api/access/datafile/10339743,L5L,Grade_C,960x1440,JPEG,CC0 1.0 Universal (public domain dedication),2026-08-05,10339743,e55bc9c044c747775b65222dda9cf343,manispaa_5962.jpg,quality digit 5 = Low quality -> Grade_C,3752.44
C_L5L_10339256.jpg,"Tobacco leaves dataset (Virginia flue-cured, Tanzania)",https://dataverse.harvard.edu/api/access/datafile/10339256,L5L,Grade_C,960x1440,JPEG,CC0 1.0 Universal (public domain dedication),2026-08-05,10339256,968d127157fc1ca7ba45ab3651fe274b,kaliua_9447.jpg,quality digit 5 = Low quality -> Grade_C,3761.94
C_L5L_10339213.jpg,"Tobacco leaves dataset (Virginia flue-cured, Tanzania)",https://dataverse.harvard.edu/api/access/datafile/10339213,L5L,Grade_C,960x1440,JPEG,CC0 1.0 Universal (public domain dedication),2026-08-05,10339213,fad233964fbf881d989f9bfd54c79b51,manispaa_11746.jpg,quality digit 5 = Low quality -> Grade_C,3593.98
C_L5L_10339181.jpg,"Tobacco leaves dataset (Virginia flue-cured, Tanzania)",https://dataverse.harvard.edu/api/access/datafile/10339181,L5L,Grade_C,960x1440,JPEG,CC0 1.0 Universal (public domain dedication),2026-08-05,10339181,3ab487c359c8a4f29c060a760de38676,kaliua_2280.jpg,quality digit 5 = Low quality -> Grade_C,4319.12
C_L5L_10340183.jpg,"Tobacco leaves dataset (Virginia flue-cured, Tanzania)",https://dataverse.harvard.edu/api/access/datafile/10340183,L5L,Grade_C,960x1440,JPEG,CC0 1.0 Universal (public domain dedication),2026-08-05,10340183,8c9b63bc29473b64bb662840fa09b4fb,uyui_5754.jpg,quality digit 5 = Low quality -> Grade_C,4444.57
C_L5L_10340166.jpg,"Tobacco leaves dataset (Virginia flue-cured, Tanzania)",https://dataverse.harvard.edu/api/access/datafile/10340166,L5L,Grade_C,960x1440,JPEG,CC0 1.0 Universal (public domain dedication),2026-08-05,10340166,cefcee4d0cffcf15ec7d1e8647c699d6,urambo_5075.jpg,quality digit 5 = Low quality -> Grade_C,3579.53
C_L5L_10340170.jpg,"Tobacco leaves dataset (Virginia flue-cured, Tanzania)",https://dataverse.harvard.edu/api/access/datafile/10340170,L5L,Grade_C,960x1440,JPEG,CC0 1.0 Universal (public domain dedication),2026-08-05,10340170,3216d167f4f0c84d425aba65d0783c74,uyui_12214.jpg,quality digit 5 = Low quality -> Grade_C,2712.21
C_L5L_10338817.jpg,"Tobacco leaves dataset (Virginia flue-cured, Tanzania)",https://dataverse.harvard.edu/api/access/datafile/10338817,L5L,Grade_C,960x1440,JPEG,CC0 1.0 Universal (public domain dedication),2026-08-05,10338817,8f3e0ff3acde3a8ae037bfd62079b817,kaliua_4854.jpg,quality digit 5 = Low quality -> Grade_C,3223.36
C_L5L_10340184.jpg,"Tobacco leaves dataset (Virginia flue-cured, Tanzania)",https://dataverse.harvard.edu/api/access/datafile/10340184,L5L,Grade_C,960x1440,JPEG,CC0 1.0 Universal (public domain dedication),2026-08-05,10340184,944b413f6a864d2868ae6353711fadd6,urambo_2175.jpg,quality digit 5 = Low quality -> Grade_C,2663.18
C_L5L_10338922.jpg,"Tobacco leaves dataset (Virginia flue-cured, Tanzania)",https://dataverse.harvard.edu/api/access/datafile/10338922,L5L,Grade_C,960x1440,JPEG,CC0 1.0 Universal (public domain dedication),2026-08-05,10338922,253a214b62db577255e531708d42d826,kaliua_4763.jpg,quality digit 5 = Low quality -> Grade_C,2436.26
C_L5L_10339859.jpg,"Tobacco leaves dataset (Virginia flue-cured, Tanzania)",https://dataverse.harvard.edu/api/access/datafile/10339859,L5L,Grade_C,960x1440,JPEG,CC0 1.0 Universal (public domain dedication),2026-08-05,10339859,559fd1bd3aa0676d3b347f9477f8e297,urambo_5092.jpg,quality digit 5 = Low quality -> Grade_C,3069.17
C_L5L_10338887.jpg,"Tobacco leaves dataset (Virginia flue-cured, Tanzania)",https://dataverse.harvard.edu/api/access/datafile/10338887,L5L,Grade_C,960x1440,JPEG,CC0 1.0 Universal (public domain dedication),2026-08-05,10338887,d0d6f97766f719d75fe092ebe626e13f,kaliua_8033.jpg,quality digit 5 = Low quality -> Grade_C,3157.09
C_L5L_10339101.jpg,"Tobacco leaves dataset (Virginia flue-cured, Tanzania)",https://dataverse.harvard.edu/api/access/datafile/10339101,L5L,Grade_C,960x1440,JPEG,CC0 1.0 Universal (public domain dedication),2026-08-05,10339101,2875fe09c7bf42bfa8cdaf566f797bd0,kaliua_4859.jpg,quality digit 5 = Low quality -> Grade_C,3079.45
C_L5L_10339752.jpg,"Tobacco leaves dataset (Virginia flue-cured, Tanzania)",https://dataverse.harvard.edu/api/access/datafile/10339752,L5L,Grade_C,960x1440,JPEG,CC0 1.0 Universal (public domain dedication),2026-08-05,10339752,83e5db7c9c9c073f434fcb79eebdd623,urambo_6237.jpg,quality digit 5 = Low quality -> Grade_C,5218.26
C_L5L_10340031.jpg,"Tobacco leaves dataset (Virginia flue-cured, Tanzania)",https://dataverse.harvard.edu/api/access/datafile/10340031,L5L,Grade_C,960x1440,JPEG,CC0 1.0 Universal (public domain dedication),2026-08-05,10340031,391bd8097c9163d1358f5b461c11a6dc,uyui_12114.jpg,quality digit 5 = Low quality -> Grade_C,3217.31
C_L5L_10339639.jpg,"Tobacco leaves dataset (Virginia flue-cured, Tanzania)",https://dataverse.harvard.edu/api/access/datafile/10339639,L5L,Grade_C,960x1440,JPEG,CC0 1.0 Universal (public domain dedication),2026-08-05,10339639,55b1080f97e08c5bdbf84ba96184b6ec,manispaa_14296.jpg,quality digit 5 = Low quality -> Grade_C,3230.15
C_L5L_10339336.jpg,"Tobacco leaves dataset (Virginia flue-cured, Tanzania)",https://dataverse.harvard.edu/api/access/datafile/10339336,L5L,Grade_C,960x1440,JPEG,CC0 1.0 Universal (public domain dedication),2026-08-05,10339336,cae97b8973ab79eaf2fc3d8032c52012,kaliua_2312.jpg,quality digit 5 = Low quality -> Grade_C,2766.04
C_L5L_10339676.jpg,"Tobacco leaves dataset (Virginia flue-cured, Tanzania)",https://dataverse.harvard.edu/api/access/datafile/10339676,L5L,Grade_C,960x1440,JPEG,CC0 1.0 Universal (public domain dedication),2026-08-05,10339676,dd095306984c0002160b1e84250528e7,manispaa_6068.jpg,quality digit 5 = Low quality -> Grade_C,2534.01
C_L5L_10339597.jpg,"Tobacco leaves dataset (Virginia flue-cured, Tanzania)",https://dataverse.harvard.edu/api/access/datafile/10339597,L5L,Grade_C,960x1440,JPEG,CC0 1.0 Universal (public domain dedication),2026-08-05,10339597,6f519690abd55ac3690414c99a98c9f1,kaliua_2228.jpg,quality digit 5 = Low quality -> Grade_C,3334.41
C_L5L_10339112.jpg,"Tobacco leaves dataset (Virginia flue-cured, Tanzania)",https://dataverse.harvard.edu/api/access/datafile/10339112,L5L,Grade_C,960x1440,JPEG,CC0 1.0 Universal (public domain dedication),2026-08-05,10339112,79920d185f3e5bbf433018a746ec915b,kaliua_2324.jpg,quality digit 5 = Low quality -> Grade_C,2525.49
C_L5L_10339955.jpg,"Tobacco leaves dataset (Virginia flue-cured, Tanzania)",https://dataverse.harvard.edu/api/access/datafile/10339955,L5L,Grade_C,960x1440,JPEG,CC0 1.0 Universal (public domain dedication),2026-08-05,10339955,ac12781da3220f7c9b509e37d3e8787c,uyui_11996.jpg,quality digit 5 = Low quality -> Grade_C,2666.72
C_L5L_10339800.jpg,"Tobacco leaves dataset (Virginia flue-cured, Tanzania)",https://dataverse.harvard.edu/api/access/datafile/10339800,L5L,Grade_C,960x1440,JPEG,CC0 1.0 Universal (public domain dedication),2026-08-05,10339800,97d632ba6e5e9c746ef378e5cadbb7aa,urambo_5096.jpg,quality digit 5 = Low quality -> Grade_C,3371.18
C_L5L_10339077.jpg,"Tobacco leaves dataset (Virginia flue-cured, Tanzania)",https://dataverse.harvard.edu/api/access/datafile/10339077,L5L,Grade_C,960x1440,JPEG,CC0 1.0 Universal (public domain dedication),2026-08-05,10339077,654cb76070bc784db7bd4648cd1116ca,manispaa_11753.jpg,quality digit 5 = Low quality -> Grade_C,3183.78
C_L5L_10339038.jpg,"Tobacco leaves dataset (Virginia flue-cured, Tanzania)",https://dataverse.harvard.edu/api/access/datafile/10339038,L5L,Grade_C,960x1440,JPEG,CC0 1.0 Universal (public domain dedication),2026-08-05,10339038,8bab6d86d9e4e3d4687f877230dffdc5,manispaa_11621.jpg,quality digit 5 = Low quality -> Grade_C,3681.9
C_L5L_10338906.jpg,"Tobacco leaves dataset (Virginia flue-cured, Tanzania)",https://dataverse.harvard.edu/api/access/datafile/10338906,L5L,Grade_C,960x1440,JPEG,CC0 1.0 Universal (public domain dedication),2026-08-05,10338906,2fd4b9d629ba36bc1ea8e4bc1d726c77,kaliua_9487.jpg,quality digit 5 = Low quality -> Grade_C,3115.89
C_L5L_10339532.jpg,"Tobacco leaves dataset (Virginia flue-cured, Tanzania)",https://dataverse.harvard.edu/api/access/datafile/10339532,L5L,Grade_C,960x1440,JPEG,CC0 1.0 Universal (public domain dedication),2026-08-05,10339532,9968fe21cb15d22be421a93df22f1867,manispaa_11570.jpg,quality digit 5 = Low quality -> Grade_C,3876.96
C_L5L_10338907.jpg,"Tobacco leaves dataset (Virginia flue-cured, Tanzania)",https://dataverse.harvard.edu/api/access/datafile/10338907,L5L,Grade_C,960x1440,JPEG,CC0 1.0 Universal (public domain dedication),2026-08-05,10338907,f5a1a7fcef91b7855d7dc94f91a17625,kaliua_8050.jpg,quality digit 5 = Low quality -> Grade_C,2949.76
C_L5L_10339307.jpg,"Tobacco leaves dataset (Virginia flue-cured, Tanzania)",https://dataverse.harvard.edu/api/access/datafile/10339307,L5L,Grade_C,960x1440,JPEG,CC0 1.0 Universal (public domain dedication),2026-08-05,10339307,e887da4a8883e2bf2e6594b859b6e495,kaliua_9518.jpg,quality digit 5 = Low quality -> Grade_C,2515.47
C_L5L_10338869.jpg,"Tobacco leaves dataset (Virginia flue-cured, Tanzania)",https://dataverse.harvard.edu/api/access/datafile/10338869,L5L,Grade_C,960x1440,JPEG,CC0 1.0 Universal (public domain dedication),2026-08-05,10338869,05f9f5be1aa6f19df1e58e59e45abf85,manispaa_11779.jpg,quality digit 5 = Low quality -> Grade_C,4147.29
C_L5L_10339889.jpg,"Tobacco leaves dataset (Virginia flue-cured, Tanzania)",https://dataverse.harvard.edu/api/access/datafile/10339889,L5L,Grade_C,960x1440,JPEG,CC0 1.0 Universal (public domain dedication),2026-08-05,10339889,ae9aa866e8d048e0daace92ba4406feb,urambo_2157.jpg,quality digit 5 = Low quality -> Grade_C,2480.77
C_L5L_10339010.jpg,"Tobacco leaves dataset (Virginia flue-cured, Tanzania)",https://dataverse.harvard.edu/api/access/datafile/10339010,L5L,Grade_C,960x1440,JPEG,CC0 1.0 Universal (public domain dedication),2026-08-05,10339010,b8354c91e01323fee7d688a0bcbda542,kaliua_4814.jpg,quality digit 5 = Low quality -> Grade_C,1392.51
C_L5L_10338818.jpg,"Tobacco leaves dataset (Virginia flue-cured, Tanzania)",https://dataverse.harvard.edu/api/access/datafile/10338818,L5L,Grade_C,960x1440,JPEG,CC0 1.0 Universal (public domain dedication),2026-08-05,10338818,50b0d2376a68ca250cf3d6ce2201bc4a,kaliua_2266.jpg,quality digit 5 = Low quality -> Grade_C,4078.1
C_L5L_10339585.jpg,"Tobacco leaves dataset (Virginia flue-cured, Tanzania)",https://dataverse.harvard.edu/api/access/datafile/10339585,L5L,Grade_C,960x1440,JPEG,CC0 1.0 Universal (public domain dedication),2026-08-05,10339585,102f89986ec19d49fa88f69d5b6ce62f,kaliua_8061.jpg,quality digit 5 = Low quality -> Grade_C,2368.51
C_L5L_10340371.jpg,"Tobacco leaves dataset (Virginia flue-cured, Tanzania)",https://dataverse.harvard.edu/api/access/datafile/10340371,L5L,Grade_C,960x1440,JPEG,CC0 1.0 Universal (public domain dedication),2026-08-05,10340371,8f07f72db17240ea88efb139f26cee84,urambo_5119.jpg,quality digit 5 = Low quality -> Grade_C,4240.07
C_L5L_10340054.jpg,"Tobacco leaves dataset (Virginia flue-cured, Tanzania)",https://dataverse.harvard.edu/api/access/datafile/10340054,L5L,Grade_C,960x1440,JPEG,CC0 1.0 Universal (public domain dedication),2026-08-05,10340054,b6915e4fd2800f77a363731bc9f0b54e,uyui_5802.jpg,quality digit 5 = Low quality -> Grade_C,2702.69
C_L5L_10340519.jpg,"Tobacco leaves dataset (Virginia flue-cured, Tanzania)",https://dataverse.harvard.edu/api/access/datafile/10340519,L5L,Grade_C,960x1440,JPEG,CC0 1.0 Universal (public domain dedication),2026-08-05,10340519,92acbc0411ba08d2b57fc529e1eb4829,uyui_15233.jpg,quality digit 5 = Low quality -> Grade_C,3046.94
C_L5L_10339912.jpg,"Tobacco leaves dataset (Virginia flue-cured, Tanzania)",https://dataverse.harvard.edu/api/access/datafile/10339912,L5L,Grade_C,960x1440,JPEG,CC0 1.0 Universal (public domain dedication),2026-08-05,10339912,0a96b0e6177fb7d1c44e9bcc5fa8328d,uyui_12058.jpg,quality digit 5 = Low quality -> Grade_C,3209.77
C_L5L_10339079.jpg,"Tobacco leaves dataset (Virginia flue-cured, Tanzania)",https://dataverse.harvard.edu/api/access/datafile/10339079,L5L,Grade_C,960x1440,JPEG,CC0 1.0 Universal (public domain dedication),2026-08-05,10339079,96399d6e0c71d8b57569abba1b8c04cc,manispaa_11708.jpg,quality digit 5 = Low quality -> Grade_C,3551.4
C_L5L_10340206.jpg,"Tobacco leaves dataset (Virginia flue-cured, Tanzania)",https://dataverse.harvard.edu/api/access/datafile/10340206,L5L,Grade_C,960x1440,JPEG,CC0 1.0 Universal (public domain dedication),2026-08-05,10340206,2d0befea26fa09fd55293b84aaed6292,uyui_15163.jpg,quality digit 5 = Low quality -> Grade_C,3075.93
C_L5L_10339427.jpg,"Tobacco leaves dataset (Virginia flue-cured, Tanzania)",https://dataverse.harvard.edu/api/access/datafile/10339427,L5L,Grade_C,960x1440,JPEG,CC0 1.0 Universal (public domain dedication),2026-08-05,10339427,958669929b570c37e9674b4b8b1795e6,manispaa_14318.jpg,quality digit 5 = Low quality -> Grade_C,3095.59
C_L5L_10339550.jpg,"Tobacco leaves dataset (Virginia flue-cured, Tanzania)",https://dataverse.harvard.edu/api/access/datafile/10339550,L5L,Grade_C,960x1440,JPEG,CC0 1.0 Universal (public domain dedication),2026-08-05,10339550,e552c3d1aa4da875dbc82b9653154fa2,kaliua_9490.jpg,quality digit 5 = Low quality -> Grade_C,3390.22
C_L5L_10338801.jpg,"Tobacco leaves dataset (Virginia flue-cured, Tanzania)",https://dataverse.harvard.edu/api/access/datafile/10338801,L5L,Grade_C,960x1440,JPEG,CC0 1.0 Universal (public domain dedication),2026-08-05,10338801,73232c146ea1ef617795b21b10fb4923,kaliua_9482.jpg,quality digit 5 = Low quality -> Grade_C,3040.24
C_L5L_10339260.jpg,"Tobacco leaves dataset (Virginia flue-cured, Tanzania)",https://dataverse.harvard.edu/api/access/datafile/10339260,L5L,Grade_C,960x1440,JPEG,CC0 1.0 Universal (public domain dedication),2026-08-05,10339260,8a2e9cd85895acdbef9ecef549ee3a49,kaliua_4781.jpg,quality digit 5 = Low quality -> Grade_C,1832.93
C_L5L_10338976.jpg,"Tobacco leaves dataset (Virginia flue-cured, Tanzania)",https://dataverse.harvard.edu/api/access/datafile/10338976,L5L,Grade_C,960x1440,JPEG,CC0 1.0 Universal (public domain dedication),2026-08-05,10338976,6748baf688c85575422ec71f6557e4ef,manispaa_2756.jpg,quality digit 5 = Low quality -> Grade_C,3479.06
C_L5L_10339479.jpg,"Tobacco leaves dataset (Virginia flue-cured, Tanzania)",https://dataverse.harvard.edu/api/access/datafile/10339479,L5L,Grade_C,960x1440,JPEG,CC0 1.0 Universal (public domain dedication),2026-08-05,10339479,a0aa9eda83dbfb790c4b5fbfab5383ff,manispaa_14270.jpg,quality digit 5 = Low quality -> Grade_C,2646.58
C_L5L_10339951.jpg,"Tobacco leaves dataset (Virginia flue-cured, Tanzania)",https://dataverse.harvard.edu/api/access/datafile/10339951,L5L,Grade_C,960x1440,JPEG,CC0 1.0 Universal (public domain dedication),2026-08-05,10339951,29a77a5c7f22f2b5d90c1790e13f07fa,urambo_5123.jpg,quality digit 5 = Low quality -> Grade_C,3170.36
C_L5L_10339852.jpg,"Tobacco leaves dataset (Virginia flue-cured, Tanzania)",https://dataverse.harvard.edu/api/access/datafile/10339852,L5L,Grade_C,960x1440,JPEG,CC0 1.0 Universal (public domain dedication),2026-08-05,10339852,68a154825e4b49b99a0c208df35ff31e,manispaa_5939.jpg,quality digit 5 = Low quality -> Grade_C,3653.78
C_L5L_10340050.jpg,"Tobacco leaves dataset (Virginia flue-cured, Tanzania)",https://dataverse.harvard.edu/api/access/datafile/10340050,L5L,Grade_C,960x1440,JPEG,CC0 1.0 Universal (public domain dedication),2026-08-05,10340050,45015d24a97c4337b16a45d9e77e65f6,urambo_3246.jpg,quality digit 5 = Low quality -> Grade_C,3365.62
C_L5O_10342179.jpg,"Tobacco leaves dataset (Virginia flue-cured, Tanzania)",https://dataverse.harvard.edu/api/access/datafile/10342179,L5O,Grade_C,960x1440,JPEG,CC0 1.0 Universal (public domain dedication),2026-08-05,10342179,b2a9f028087f4767a51c90f768efd2fc,uyui_15272.jpg,quality digit 5 = Low quality -> Grade_C,2499.34
C_L5O_10341135.jpg,"Tobacco leaves dataset (Virginia flue-cured, Tanzania)",https://dataverse.harvard.edu/api/access/datafile/10341135,L5O,Grade_C,960x1440,JPEG,CC0 1.0 Universal (public domain dedication),2026-08-05,10341135,5328d009b00c5c96e04ff6406fd53d96,manispaa_2871.jpg,quality digit 5 = Low quality -> Grade_C,2628.37
C_L5O_10340672.jpg,"Tobacco leaves dataset (Virginia flue-cured, Tanzania)",https://dataverse.harvard.edu/api/access/datafile/10340672,L5O,Grade_C,960x1440,JPEG,CC0 1.0 Universal (public domain dedication),2026-08-05,10340672,77782ee3be33a0d1a261b14757e1230b,manispaa_9467.jpg,quality digit 5 = Low quality -> Grade_C,2011.74
C_L5O_10341541.jpg,"Tobacco leaves dataset (Virginia flue-cured, Tanzania)",https://dataverse.harvard.edu/api/access/datafile/10341541,L5O,Grade_C,960x1440,JPEG,CC0 1.0 Universal (public domain dedication),2026-08-05,10341541,babb1bada606105a868fb0e7acd7e1fc,urambo_6287.jpg,quality digit 5 = Low quality -> Grade_C,4663.32
C_L5O_10341338.jpg,"Tobacco leaves dataset (Virginia flue-cured, Tanzania)",https://dataverse.harvard.edu/api/access/datafile/10341338,L5O,Grade_C,960x1440,JPEG,CC0 1.0 Universal (public domain dedication),2026-08-05,10341338,4791ae69eddaa860abb210d96912e290,urambo_1672.jpg,quality digit 5 = Low quality -> Grade_C,2662.13
C_L5O_10341409.jpg,"Tobacco leaves dataset (Virginia flue-cured, Tanzania)",https://dataverse.harvard.edu/api/access/datafile/10341409,L5O,Grade_C,960x1440,JPEG,CC0 1.0 Universal (public domain dedication),2026-08-05,10341409,81f3d2c4b661abc700d4aefa8471ced2,kaliua_4923.jpg,quality digit 5 = Low quality -> Grade_C,2646.16
C_L5O_10342042.jpg,"Tobacco leaves dataset (Virginia flue-cured, Tanzania)",https://dataverse.harvard.edu/api/access/datafile/10342042,L5O,Grade_C,960x1440,JPEG,CC0 1.0 Universal (public domain dedication),2026-08-05,10342042,8396a775be6f3eb7ab5588db3007ce5f,urambo_1801.jpg,quality digit 5 = Low quality -> Grade_C,3830.4
C_L5O_10342354.jpg,"Tobacco leaves dataset (Virginia flue-cured, Tanzania)",https://dataverse.harvard.edu/api/access/datafile/10342354,L5O,Grade_C,960x1440,JPEG,CC0 1.0 Universal (public domain dedication),2026-08-05,10342354,d985906f2a86a959d02f2072e92f2994,uyui_9496.jpg,quality digit 5 = Low quality -> Grade_C,3637.65
C_L5O_10341592.jpg,"Tobacco leaves dataset (Virginia flue-cured, Tanzania)",https://dataverse.harvard.edu/api/access/datafile/10341592,L5O,Grade_C,960x1440,JPEG,CC0 1.0 Universal (public domain dedication),2026-08-05,10341592,bf193714b312e10042451764ce8e3061,uyui_12434.jpg,quality digit 5 = Low quality -> Grade_C,3080.65
C_L5O_10341990.jpg,"Tobacco leaves dataset (Virginia flue-cured, Tanzania)",https://dataverse.harvard.edu/api/access/datafile/10341990,L5O,Grade_C,960x1440,JPEG,CC0 1.0 Universal (public domain dedication),2026-08-05,10341990,bdc72597e16f95be26c17e3f51f618e7,urambo_3304.jpg,quality digit 5 = Low quality -> Grade_C,2947.43
C_L5O_10341419.jpg,"Tobacco leaves dataset (Virginia flue-cured, Tanzania)",https://dataverse.harvard.edu/api/access/datafile/10341419,L5O,Grade_C,960x1440,JPEG,CC0 1.0 Universal (public domain dedication),2026-08-05,10341419,7d59baf13d902bc19d4a8150ef44698e,manispaa_9413.jpg,quality digit 5 = Low quality -> Grade_C,2262.83
C_L5O_10340633.jpg,"Tobacco leaves dataset (Virginia flue-cured, Tanzania)",https://dataverse.harvard.edu/api/access/datafile/10340633,L5O,Grade_C,960x1440,JPEG,CC0 1.0 Universal (public domain dedication),2026-08-05,10340633,edc658184f8d2eb56f237f9d82027433,manispaa_14324.jpg,quality digit 5 = Low quality -> Grade_C,2485.72
C_L5O_10341775.jpg,"Tobacco leaves dataset (Virginia flue-cured, Tanzania)",https://dataverse.harvard.edu/api/access/datafile/10341775,L5O,Grade_C,960x1440,JPEG,CC0 1.0 Universal (public domain dedication),2026-08-05,10341775,1441ba4d6692f962342f28a2f30283d2,uyui_12347.jpg,quality digit 5 = Low quality -> Grade_C,3699.19
C_L5O_10341099.jpg,"Tobacco leaves dataset (Virginia flue-cured, Tanzania)",https://dataverse.harvard.edu/api/access/datafile/10341099,L5O,Grade_C,960x1440,JPEG,CC0 1.0 Universal (public domain dedication),2026-08-05,10341099,41eaf3cfacfa12ffa667453f282c6fec,manispaa_2836.jpg,quality digit 5 = Low quality -> Grade_C,2766.41
C_L5O_10341137.jpg,"Tobacco leaves dataset (Virginia flue-cured, Tanzania)",https://dataverse.harvard.edu/api/access/datafile/10341137,L5O,Grade_C,960x1440,JPEG,CC0 1.0 Universal (public domain dedication),2026-08-05,10341137,edf707828528f4d97a70f3bf72613154,manispaa_6261.jpg,quality digit 5 = Low quality -> Grade_C,2608.14
C_L5O_10341786.jpg,"Tobacco leaves dataset (Virginia flue-cured, Tanzania)",https://dataverse.harvard.edu/api/access/datafile/10341786,L5O,Grade_C,960x1440,JPEG,CC0 1.0 Universal (public domain dedication),2026-08-05,10341786,3d4060ceff8bedc5965f7c9148baddaf,urambo_1725.jpg,quality digit 5 = Low quality -> Grade_C,3063.82
C_L5O_10340833.jpg,"Tobacco leaves dataset (Virginia flue-cured, Tanzania)",https://dataverse.harvard.edu/api/access/datafile/10340833,L5O,Grade_C,960x1440,JPEG,CC0 1.0 Universal (public domain dedication),2026-08-05,10340833,9f60b61bb2bce8629ff267f16022ae87,manispaa_9385.jpg,quality digit 5 = Low quality -> Grade_C,2434.06
C_L5O_10341909.jpg,"Tobacco leaves dataset (Virginia flue-cured, Tanzania)",https://dataverse.harvard.edu/api/access/datafile/10341909,L5O,Grade_C,960x1440,JPEG,CC0 1.0 Universal (public domain dedication),2026-08-05,10341909,1e167cb28818221600e28fe73ba5fe43,urambo_1829.jpg,quality digit 5 = Low quality -> Grade_C,4283.51
C_L5O_10341545.jpg,"Tobacco leaves dataset (Virginia flue-cured, Tanzania)",https://dataverse.harvard.edu/api/access/datafile/10341545,L5O,Grade_C,960x1440,JPEG,CC0 1.0 Universal (public domain dedication),2026-08-05,10341545,0aec4e30ca7db6ec3de7f3a02f6cca9b,uyui_12556.jpg,quality digit 5 = Low quality -> Grade_C,2788.99
C_L5O_10341803.jpg,"Tobacco leaves dataset (Virginia flue-cured, Tanzania)",https://dataverse.harvard.edu/api/access/datafile/10341803,L5O,Grade_C,960x1440,JPEG,CC0 1.0 Universal (public domain dedication),2026-08-05,10341803,1c706540ffd23a7cb8aab1d3435e0800,uyui_12375.jpg,quality digit 5 = Low quality -> Grade_C,3232.38
C_L5O_10340650.jpg,"Tobacco leaves dataset (Virginia flue-cured, Tanzania)",https://dataverse.harvard.edu/api/access/datafile/10340650,L5O,Grade_C,960x1440,JPEG,CC0 1.0 Universal (public domain dedication),2026-08-05,10340650,41dd175cfb6d9cfcd2cf093c7e6d8cef,urambo_1606.jpg,quality digit 5 = Low quality -> Grade_C,3004.6
C_L5O_10341710.jpg,"Tobacco leaves dataset (Virginia flue-cured, Tanzania)",https://dataverse.harvard.edu/api/access/datafile/10341710,L5O,Grade_C,960x1440,JPEG,CC0 1.0 Universal (public domain dedication),2026-08-05,10341710,9ff738ebde5dbe96d106edee18162cc2,uyui_2335.jpg,quality digit 5 = Low quality -> Grade_C,2010.82
C_L5O_10341543.jpg,"Tobacco leaves dataset (Virginia flue-cured, Tanzania)",https://dataverse.harvard.edu/api/access/datafile/10341543,L5O,Grade_C,960x1440,JPEG,CC0 1.0 Universal (public domain dedication),2026-08-05,10341543,4674efdf8b473ad9a82e7cb7e1a44f78,urambo_3359.jpg,quality digit 5 = Low quality -> Grade_C,2729.43
C_L5O_10341050.jpg,"Tobacco leaves dataset (Virginia flue-cured, Tanzania)",https://dataverse.harvard.edu/api/access/datafile/10341050,L5O,Grade_C,960x1440,JPEG,CC0 1.0 Universal (public domain dedication),2026-08-05,10341050,141e51c23977e769148c20e9be1544f7,manispaa_6198.jpg,quality digit 5 = Low quality -> Grade_C,2490.83
C_L5O_10341192.jpg,"Tobacco leaves dataset (Virginia flue-cured, Tanzania)",https://dataverse.harvard.edu/api/access/datafile/10341192,L5O,Grade_C,960x1440,JPEG,CC0 1.0 Universal (public domain dedication),2026-08-05,10341192,fe70f0717c2b2c40320bb049c75b7c1b,manispaa_6099.jpg,quality digit 5 = Low quality -> Grade_C,2801.07
C_L5O_10342154.jpg,"Tobacco leaves dataset (Virginia flue-cured, Tanzania)",https://dataverse.harvard.edu/api/access/datafile/10342154,L5O,Grade_C,960x1440,JPEG,CC0 1.0 Universal (public domain dedication),2026-08-05,10342154,aff17bcb897e0c0e2890b1ab6962deb5,urambo_3389.jpg,quality digit 5 = Low quality -> Grade_C,1679.91
C_L5O_10342082.jpg,"Tobacco leaves dataset (Virginia flue-cured, Tanzania)",https://dataverse.harvard.edu/api/access/datafile/10342082,L5O,Grade_C,960x1440,JPEG,CC0 1.0 Universal (public domain dedication),2026-08-05,10342082,ef04d87eb86955cc65a8278a0e3f1e0a,urambo_3286.jpg,quality digit 5 = Low quality -> Grade_C,3025.61
C_L5O_10341908.jpg,"Tobacco leaves dataset (Virginia flue-cured, Tanzania)",https://dataverse.harvard.edu/api/access/datafile/10341908,L5O,Grade_C,960x1440,JPEG,CC0 1.0 Universal (public domain dedication),2026-08-05,10341908,bdecd66f0cfd858237cfdcb5c9609258,urambo_1827.jpg,quality digit 5 = Low quality -> Grade_C,3154.17
C_L5O_10341919.jpg,"Tobacco leaves dataset (Virginia flue-cured, Tanzania)",https://dataverse.harvard.edu/api/access/datafile/10341919,L5O,Grade_C,960x1440,JPEG,CC0 1.0 Universal (public domain dedication),2026-08-05,10341919,54f70bad9284c0fa5d3977ccfc6bde07,uyui_12578.jpg,quality digit 5 = Low quality -> Grade_C,2271.23
C_L5O_10341466.jpg,"Tobacco leaves dataset (Virginia flue-cured, Tanzania)",https://dataverse.harvard.edu/api/access/datafile/10341466,L5O,Grade_C,960x1440,JPEG,CC0 1.0 Universal (public domain dedication),2026-08-05,10341466,bc56f99940bf3f206a80d2ebbdc22240,uyui_12473.jpg,quality digit 5 = Low quality -> Grade_C,2793.67
C_L5O_10341758.jpg,"Tobacco leaves dataset (Virginia flue-cured, Tanzania)",https://dataverse.harvard.edu/api/access/datafile/10341758,L5O,Grade_C,960x1440,JPEG,CC0 1.0 Universal (public domain dedication),2026-08-05,10341758,924feb8ce4d054d3ba63ee9b0bd5605e,urambo_3420.jpg,quality digit 5 = Low quality -> Grade_C,2915.33
C_L5O_10342348.jpg,"Tobacco leaves dataset (Virginia flue-cured, Tanzania)",https://dataverse.harvard.edu/api/access/datafile/10342348,L5O,Grade_C,960x1440,JPEG,CC0 1.0 Universal (public domain dedication),2026-08-05,10342348,11554e83ff20440b5a3012325b6a40ec,uyui_2424.jpg,quality digit 5 = Low quality -> Grade_C,2055.18
C_L5O_10340803.jpg,"Tobacco leaves dataset (Virginia flue-cured, Tanzania)",https://dataverse.harvard.edu/api/access/datafile/10340803,L5O,Grade_C,960x1440,JPEG,CC0 1.0 Universal (public domain dedication),2026-08-05,10340803,3fb8b1e50e918e3ff7eb3e4bbf1c973d,kaliua_4883.jpg,quality digit 5 = Low quality -> Grade_C,1291.34
C_L5O_10341494.jpg,"Tobacco leaves dataset (Virginia flue-cured, Tanzania)",https://dataverse.harvard.edu/api/access/datafile/10341494,L5O,Grade_C,960x1440,JPEG,CC0 1.0 Universal (public domain dedication),2026-08-05,10341494,b2a0fe9ae3860bd98226ffd57af796c1,uyui_12431.jpg,quality digit 5 = Low quality -> Grade_C,3568.99
C_L5O_10341529.jpg,"Tobacco leaves dataset (Virginia flue-cured, Tanzania)",https://dataverse.harvard.edu/api/access/datafile/10341529,L5O,Grade_C,960x1440,JPEG,CC0 1.0 Universal (public domain dedication),2026-08-05,10341529,afb3fe4206b9d2c67b865af77c78fb3a,urambo_1798.jpg,quality digit 5 = Low quality -> Grade_C,4143.15
C_L5O_10340758.jpg,"Tobacco leaves dataset (Virginia flue-cured, Tanzania)",https://dataverse.harvard.edu/api/access/datafile/10340758,L5O,Grade_C,960x1440,JPEG,CC0 1.0 Universal (public domain dedication),2026-08-05,10340758,5ccc93735095bcc0f58bdfa49a8b4162,urambo_1660.jpg,quality digit 5 = Low quality -> Grade_C,3063.32
C_L5O_10342221.jpg,"Tobacco leaves dataset (Virginia flue-cured, Tanzania)",https://dataverse.harvard.edu/api/access/datafile/10342221,L5O,Grade_C,960x1440,JPEG,CC0 1.0 Universal (public domain dedication),2026-08-05,10342221,20dcab06e446bf2c499339a05510cc79,urambo_1822.jpg,quality digit 5 = Low quality -> Grade_C,4646.41
C_L5O_10341032.jpg,"Tobacco leaves dataset (Virginia flue-cured, Tanzania)",https://dataverse.harvard.edu/api/access/datafile/10341032,L5O,Grade_C,960x1440,JPEG,CC0 1.0 Universal (public domain dedication),2026-08-05,10341032,b9b0fb9807c5ff81a93702ad6664ee83,manispaa_6108.jpg,quality digit 5 = Low quality -> Grade_C,2673.67
C_L5O_10340725.jpg,"Tobacco leaves dataset (Virginia flue-cured, Tanzania)",https://dataverse.harvard.edu/api/access/datafile/10340725,L5O,Grade_C,960x1440,JPEG,CC0 1.0 Universal (public domain dedication),2026-08-05,10340725,451b531b2d6d385ce4e3731c9c66dbe7,urambo_1691.jpg,quality digit 5 = Low quality -> Grade_C,3000.55
C_L5O_10341016.jpg,"Tobacco leaves dataset (Virginia flue-cured, Tanzania)",https://dataverse.harvard.edu/api/access/datafile/10341016,L5O,Grade_C,960x1440,JPEG,CC0 1.0 Universal (public domain dedication),2026-08-05,10341016,3296b5bd5f443cde2738d73e54b9565e,manispaa_9485.jpg,quality digit 5 = Low quality -> Grade_C,2061.25
C_L5O_10341508.jpg,"Tobacco leaves dataset (Virginia flue-cured, Tanzania)",https://dataverse.harvard.edu/api/access/datafile/10341508,L5O,Grade_C,960x1440,JPEG,CC0 1.0 Universal (public domain dedication),2026-08-05,10341508,c77360e42d2d373589c1cabd6c54f6bb,uyui_12599.jpg,quality digit 5 = Low quality -> Grade_C,2264.52
C_L5O_10340777.jpg,"Tobacco leaves dataset (Virginia flue-cured, Tanzania)",https://dataverse.harvard.edu/api/access/datafile/10340777,L5O,Grade_C,960x1440,JPEG,CC0 1.0 Universal (public domain dedication),2026-08-05,10340777,e1cfdfa4d938b55bb8044a289cb93b68,urambo_1584.jpg,quality digit 5 = Low quality -> Grade_C,2382.83
C_L5O_10342408.jpg,"Tobacco leaves dataset (Virginia flue-cured, Tanzania)",https://dataverse.harvard.edu/api/access/datafile/10342408,L5O,Grade_C,960x1440,JPEG,CC0 1.0 Universal (public domain dedication),2026-08-05,10342408,c7262887bb1c6dcd64e75e5423726c04,uyui_9499.jpg,quality digit 5 = Low quality -> Grade_C,3375.44
C_L5O_10340716.jpg,"Tobacco leaves dataset (Virginia flue-cured, Tanzania)",https://dataverse.harvard.edu/api/access/datafile/10340716,L5O,Grade_C,960x1440,JPEG,CC0 1.0 Universal (public domain dedication),2026-08-05,10340716,df44791344bdc3dfba9caeab1cc833c9,manispaa_2791.jpg,quality digit 5 = Low quality -> Grade_C,2140.42
C_L5O_10340977.jpg,"Tobacco leaves dataset (Virginia flue-cured, Tanzania)",https://dataverse.harvard.edu/api/access/datafile/10340977,L5O,Grade_C,960x1440,JPEG,CC0 1.0 Universal (public domain dedication),2026-08-05,10340977,27df8853077c5536846a8cc5b20e925f,kaliua_9541.jpg,quality digit 5 = Low quality -> Grade_C,3471.72
C_L5O_10340795.jpg,"Tobacco leaves dataset (Virginia flue-cured, Tanzania)",https://dataverse.harvard.edu/api/access/datafile/10340795,L5O,Grade_C,960x1440,JPEG,CC0 1.0 Universal (public domain dedication),2026-08-05,10340795,b497b0db660fbc6b5666ffb41891d291,kaliua_4888.jpg,quality digit 5 = Low quality -> Grade_C,2419.44
C_L5O_10341229.jpg,"Tobacco leaves dataset (Virginia flue-cured, Tanzania)",https://dataverse.harvard.edu/api/access/datafile/10341229,L5O,Grade_C,960x1440,JPEG,CC0 1.0 Universal (public domain dedication),2026-08-05,10341229,32086698801ef351574698edbcc014ab,urambo_1576.jpg,quality digit 5 = Low quality -> Grade_C,2421.58
C_L5O_10342136.jpg,"Tobacco leaves dataset (Virginia flue-cured, Tanzania)",https://dataverse.harvard.edu/api/access/datafile/10342136,L5O,Grade_C,960x1440,JPEG,CC0 1.0 Universal (public domain dedication),2026-08-05,10342136,f5400f7a2c705bc690b8f7280ba3ef22,urambo_1698.jpg,quality digit 5 = Low quality -> Grade_C,2966.18
C_L5O_10341403.jpg,"Tobacco leaves dataset (Virginia flue-cured, Tanzania)",https://dataverse.harvard.edu/api/access/datafile/10341403,L5O,Grade_C,960x1440,JPEG,CC0 1.0 Universal (public domain dedication),2026-08-05,10341403,085930252c8f4485af49ef11eafb92c6,manispaa_2840.jpg,quality digit 5 = Low quality -> Grade_C,2384.61
C_L5O_10341469.jpg,"Tobacco leaves dataset (Virginia flue-cured, Tanzania)",https://dataverse.harvard.edu/api/access/datafile/10341469,L5O,Grade_C,960x1440,JPEG,CC0 1.0 Universal (public domain dedication),2026-08-05,10341469,57be571dcbc36cdcd990072d4214d75a,uyui_12322.jpg,quality digit 5 = Low quality -> Grade_C,3397.56
C_L5O_10340828.jpg,"Tobacco leaves dataset (Virginia flue-cured, Tanzania)",https://dataverse.harvard.edu/api/access/datafile/10340828,L5O,Grade_C,960x1440,JPEG,CC0 1.0 Universal (public domain dedication),2026-08-05,10340828,80b0cdd3ba2f135f1cfd074139b8daf9,manispaa_2881.jpg,quality digit 5 = Low quality -> Grade_C,2430.26
C_L5O_10341337.jpg,"Tobacco leaves dataset (Virginia flue-cured, Tanzania)",https://dataverse.harvard.edu/api/access/datafile/10341337,L5O,Grade_C,960x1440,JPEG,CC0 1.0 Universal (public domain dedication),2026-08-05,10341337,b61b7508ae8f2f04687b6adb3975d112,manispaa_6187.jpg,quality digit 5 = Low quality -> Grade_C,2350.15
C_L5O_10341618.jpg,"Tobacco leaves dataset (Virginia flue-cured, Tanzania)",https://dataverse.harvard.edu/api/access/datafile/10341618,L5O,Grade_C,960x1440,JPEG,CC0 1.0 Universal (public domain dedication),2026-08-05,10341618,fdd687c4d9c3eb8d24b10f826f7e5f6a,urambo_3270.jpg,quality digit 5 = Low quality -> Grade_C,3508.2
C_L5O_10340802.jpg,"Tobacco leaves dataset (Virginia flue-cured, Tanzania)",https://dataverse.harvard.edu/api/access/datafile/10340802,L5O,Grade_C,960x1440,JPEG,CC0 1.0 Universal (public domain dedication),2026-08-05,10340802,42f7b091e171555c7ed458f3a6a99fad,manispaa_6143.jpg,quality digit 5 = Low quality -> Grade_C,3381.55
C_L5O_10340998.jpg,"Tobacco leaves dataset (Virginia flue-cured, Tanzania)",https://dataverse.harvard.edu/api/access/datafile/10340998,L5O,Grade_C,960x1440,JPEG,CC0 1.0 Universal (public domain dedication),2026-08-05,10340998,6f7ea47f36233adb9a8574b75f6e8525,urambo_1594.jpg,quality digit 5 = Low quality -> Grade_C,2491.66
C_L5O_10341502.jpg,"Tobacco leaves dataset (Virginia flue-cured, Tanzania)",https://dataverse.harvard.edu/api/access/datafile/10341502,L5O,Grade_C,960x1440,JPEG,CC0 1.0 Universal (public domain dedication),2026-08-05,10341502,6b2919931245c55cf97c8c48dce440a0,urambo_3352.jpg,quality digit 5 = Low quality -> Grade_C,2586.76
C_L5O_10340997.jpg,"Tobacco leaves dataset (Virginia flue-cured, Tanzania)",https://dataverse.harvard.edu/api/access/datafile/10340997,L5O,Grade_C,960x1440,JPEG,CC0 1.0 Universal (public domain dedication),2026-08-05,10340997,4d20690bbf1efc205b90ad7ec7b64235,manispaa_9478.jpg,quality digit 5 = Low quality -> Grade_C,2087.2
C_L5O_10341462.jpg,"Tobacco leaves dataset (Virginia flue-cured, Tanzania)",https://dataverse.harvard.edu/api/access/datafile/10341462,L5O,Grade_C,960x1440,JPEG,CC0 1.0 Universal (public domain dedication),2026-08-05,10341462,b5f73a1497b40a2436a7968664108729,uyui_12488.jpg,quality digit 5 = Low quality -> Grade_C,2430.25
C_L5O_10341009.jpg,"Tobacco leaves dataset (Virginia flue-cured, Tanzania)",https://dataverse.harvard.edu/api/access/datafile/10341009,L5O,Grade_C,960x1440,JPEG,CC0 1.0 Universal (public domain dedication),2026-08-05,10341009,003541e480dec5f1a0d49d287d1e6e25,manispaa_9443.jpg,quality digit 5 = Low quality -> Grade_C,2055.49
C_L5O_10340763.jpg,"Tobacco leaves dataset (Virginia flue-cured, Tanzania)",https://dataverse.harvard.edu/api/access/datafile/10340763,L5O,Grade_C,960x1440,JPEG,CC0 1.0 Universal (public domain dedication),2026-08-05,10340763,47cb433b962296af3d617c79d696b91d,kaliua_4872.jpg,quality digit 5 = Low quality -> Grade_C,3089.3
C_L5O_10341585.jpg,"Tobacco leaves dataset (Virginia flue-cured, Tanzania)",https://dataverse.harvard.edu/api/access/datafile/10341585,L5O,Grade_C,960x1440,JPEG,CC0 1.0 Universal (public domain dedication),2026-08-05,10341585,f8e9974fa644bc6faa9c5ad718d2438f,uyui_12325.jpg,quality digit 5 = Low quality -> Grade_C,3271.23
C_L5O_10341548.jpg,"Tobacco leaves dataset (Virginia flue-cured, Tanzania)",https://dataverse.harvard.edu/api/access/datafile/10341548,L5O,Grade_C,960x1440,JPEG,CC0 1.0 Universal (public domain dedication),2026-08-05,10341548,092278d41f42d2f3745bfe26539ad6be,urambo_3293.jpg,quality digit 5 = Low quality -> Grade_C,2692.43
C_L5O_10342155.jpg,"Tobacco leaves dataset (Virginia flue-cured, Tanzania)",https://dataverse.harvard.edu/api/access/datafile/10342155,L5O,Grade_C,960x1440,JPEG,CC0 1.0 Universal (public domain dedication),2026-08-05,10342155,2973122e208489b1b76bca9a7b55d7fc,urambo_3325.jpg,quality digit 5 = Low quality -> Grade_C,4231.45
C_L5O_10341597.jpg,"Tobacco leaves dataset (Virginia flue-cured, Tanzania)",https://dataverse.harvard.edu/api/access/datafile/10341597,L5O,Grade_C,960x1440,JPEG,CC0 1.0 Universal (public domain dedication),2026-08-05,10341597,1169548c3bf1be88cd27268fce9913d2,uyui_12593.jpg,quality digit 5 = Low quality -> Grade_C,2610.72
C_L5O_10342349.jpg,"Tobacco leaves dataset (Virginia flue-cured, Tanzania)",https://dataverse.harvard.edu/api/access/datafile/10342349,L5O,Grade_C,960x1440,JPEG,CC0 1.0 Universal (public domain dedication),2026-08-05,10342349,f31a4b5f28d3eaa8947c8e2705f24074,uyui_2353.jpg,quality digit 5 = Low quality -> Grade_C,1706.72
C_L5O_10341720.jpg,"Tobacco leaves dataset (Virginia flue-cured, Tanzania)",https://dataverse.harvard.edu/api/access/datafile/10341720,L5O,Grade_C,960x1440,JPEG,CC0 1.0 Universal (public domain dedication),2026-08-05,10341720,40e842658efd7bff9f25f9068a946dde,urambo_3341.jpg,quality digit 5 = Low quality -> Grade_C,3057.14
C_L5O_10341942.jpg,"Tobacco leaves dataset (Virginia flue-cured, Tanzania)",https://dataverse.harvard.edu/api/access/datafile/10341942,L5O,Grade_C,960x1440,JPEG,CC0 1.0 Universal (public domain dedication),2026-08-05,10341942,a8732d511eda4617bb2ba21cf57b2909,urambo_6269.jpg,quality digit 5 = Low quality -> Grade_C,4240.47
C_L5O_10341906.jpg,"Tobacco leaves dataset (Virginia flue-cured, Tanzania)",https://dataverse.harvard.edu/api/access/datafile/10341906,L5O,Grade_C,960x1440,JPEG,CC0 1.0 Universal (public domain dedication),2026-08-05,10341906,796dae7e2b77919d1e5069c865f7decf,uyui_12339.jpg,quality digit 5 = Low quality -> Grade_C,3700.17
C_L5O_10340722.jpg,"Tobacco leaves dataset (Virginia flue-cured, Tanzania)",https://dataverse.harvard.edu/api/access/datafile/10340722,L5O,Grade_C,960x1440,JPEG,CC0 1.0 Universal (public domain dedication),2026-08-05,10340722,b8fe81fa417adeefa9e8547b7ed7affe,kaliua_4899.jpg,quality digit 5 = Low quality -> Grade_C,2093.88
C_L5O_10342046.jpg,"Tobacco leaves dataset (Virginia flue-cured, Tanzania)",https://dataverse.harvard.edu/api/access/datafile/10342046,L5O,Grade_C,960x1440,JPEG,CC0 1.0 Universal (public domain dedication),2026-08-05,10342046,e7166fe0b3eb1b45dcb14407bd323e8f,urambo_3316.jpg,quality digit 5 = Low quality -> Grade_C,3120.93
C_L5O_10341452.jpg,"Tobacco leaves dataset (Virginia flue-cured, Tanzania)",https://dataverse.harvard.edu/api/access/datafile/10341452,L5O,Grade_C,960x1440,JPEG,CC0 1.0 Universal (public domain dedication),2026-08-05,10341452,4bab3b862872f1fd3d98db6d4cf660c1,uyui_12586.jpg,quality digit 5 = Low quality -> Grade_C,2453.75
C_L5O_10340558.jpg,"Tobacco leaves dataset (Virginia flue-cured, Tanzania)",https://dataverse.harvard.edu/api/access/datafile/10340558,L5O,Grade_C,960x1440,JPEG,CC0 1.0 Universal (public domain dedication),2026-08-05,10340558,8593745900d9f324dee0a1254218acaa,manispaa_2812.jpg,quality digit 5 = Low quality -> Grade_C,2596.0
C_L5O_10341254.jpg,"Tobacco leaves dataset (Virginia flue-cured, Tanzania)",https://dataverse.harvard.edu/api/access/datafile/10341254,L5O,Grade_C,960x1440,JPEG,CC0 1.0 Universal (public domain dedication),2026-08-05,10341254,dcf7caec38d2457c55c20b5325063fb2,manispaa_6234.jpg,quality digit 5 = Low quality -> Grade_C,2511.95
C_L5O_10342008.jpg,"Tobacco leaves dataset (Virginia flue-cured, Tanzania)",https://dataverse.harvard.edu/api/access/datafile/10342008,L5O,Grade_C,960x1440,JPEG,CC0 1.0 Universal (public domain dedication),2026-08-05,10342008,6d41f21821896cc767d51e7fcd422214,urambo_1768.jpg,quality digit 5 = Low quality -> Grade_C,2404.01
C_L5O_10340701.jpg,"Tobacco leaves dataset (Virginia flue-cured, Tanzania)",https://dataverse.harvard.edu/api/access/datafile/10340701,L5O,Grade_C,960x1440,JPEG,CC0 1.0 Universal (public domain dedication),2026-08-05,10340701,d4bfcee4f55a1e991d878573ed12e610,manispaa_9366.jpg,quality digit 5 = Low quality -> Grade_C,1952.34
C_L5O_10341582.jpg,"Tobacco leaves dataset (Virginia flue-cured, Tanzania)",https://dataverse.harvard.edu/api/access/datafile/10341582,L5O,Grade_C,960x1440,JPEG,CC0 1.0 Universal (public domain dedication),2026-08-05,10341582,a9b3ae86103bd34aa18cac13b1249abe,uyui_2324.jpg,quality digit 5 = Low quality -> Grade_C,2078.28
C_L5O_10342272.jpg,"Tobacco leaves dataset (Virginia flue-cured, Tanzania)",https://dataverse.harvard.edu/api/access/datafile/10342272,L5O,Grade_C,960x1440,JPEG,CC0 1.0 Universal (public domain dedication),2026-08-05,10342272,9dddf20a82d8f2f03bcf11b0b29d658c,uyui_12459.jpg,quality digit 5 = Low quality -> Grade_C,3059.31
C_L5O_10342129.jpg,"Tobacco leaves dataset (Virginia flue-cured, Tanzania)",https://dataverse.harvard.edu/api/access/datafile/10342129,L5O,Grade_C,960x1440,JPEG,CC0 1.0 Universal (public domain dedication),2026-08-05,10342129,8f1858b82125ec8f03eecb53b52cfe53,uyui_12445.jpg,quality digit 5 = Low quality -> Grade_C,3991.05
C_L5O_10342384.jpg,"Tobacco leaves dataset (Virginia flue-cured, Tanzania)",https://dataverse.harvard.edu/api/access/datafile/10342384,L5O,Grade_C,960x1440,JPEG,CC0 1.0 Universal (public domain dedication),2026-08-05,10342384,8981d9b429924ba4bd5ef8c8a551f9ae,uyui_2395.jpg,quality digit 5 = Low quality -> Grade_C,2475.57
C_L5O_10342230.jpg,"Tobacco leaves dataset (Virginia flue-cured, Tanzania)",https://dataverse.harvard.edu/api/access/datafile/10342230,L5O,Grade_C,960x1440,JPEG,CC0 1.0 Universal (public domain dedication),2026-08-05,10342230,c1ff2611956008581ee2cbc8d162eee2,uyui_12414.jpg,quality digit 5 = Low quality -> Grade_C,3341.61
C_L5O_10342379.jpg,"Tobacco leaves dataset (Virginia flue-cured, Tanzania)",https://dataverse.harvard.edu/api/access/datafile/10342379,L5O,Grade_C,960x1440,JPEG,CC0 1.0 Universal (public domain dedication),2026-08-05,10342379,156defed9396629d8f17cf36ab1d29d6,uyui_2399.jpg,quality digit 5 = Low quality -> Grade_C,2253.54
C_L5O_10342254.jpg,"Tobacco leaves dataset (Virginia flue-cured, Tanzania)",https://dataverse.harvard.edu/api/access/datafile/10342254,L5O,Grade_C,960x1440,JPEG,CC0 1.0 Universal (public domain dedication),2026-08-05,10342254,7befe1c5c5cec285c3248d644422a4c2,urambo_1803.jpg,quality digit 5 = Low quality -> Grade_C,3825.05
C_L5O_10341953.jpg,"Tobacco leaves dataset (Virginia flue-cured, Tanzania)",https://dataverse.harvard.edu/api/access/datafile/10341953,L5O,Grade_C,960x1440,JPEG,CC0 1.0 Universal (public domain dedication),2026-08-05,10341953,569ebafa4e4fcb359244d2752b619cbf,uyui_12529.jpg,quality digit 5 = Low quality -> Grade_C,2832.92
C_L5O_10341438.jpg,"Tobacco leaves dataset (Virginia flue-cured, Tanzania)",https://dataverse.harvard.edu/api/access/datafile/10341438,L5O,Grade_C,960x1440,JPEG,CC0 1.0 Universal (public domain dedication),2026-08-05,10341438,c4188e4903068b0f6dfbfb0f1dde708c,manispaa_9397.jpg,quality digit 5 = Low quality -> Grade_C,2428.43
C_L5O_10341470.jpg,"Tobacco leaves dataset (Virginia flue-cured, Tanzania)",https://dataverse.harvard.edu/api/access/datafile/10341470,L5O,Grade_C,960x1440,JPEG,CC0 1.0 Universal (public domain dedication),2026-08-05,10341470,28e7e3c56627ef89c8c4e56cd3245095,urambo_6286.jpg,quality digit 5 = Low quality -> Grade_C,4052.75
C_L5O_10340711.jpg,"Tobacco leaves dataset (Virginia flue-cured, Tanzania)",https://dataverse.harvard.edu/api/access/datafile/10340711,L5O,Grade_C,960x1440,JPEG,CC0 1.0 Universal (public domain dedication),2026-08-05,10340711,bf14ea5e1acd94fd71f4c894bc783f0a,manispaa_6183.jpg,quality digit 5 = Low quality -> Grade_C,1886.47
C_L5O_10342118.jpg,"Tobacco leaves dataset (Virginia flue-cured, Tanzania)",https://dataverse.harvard.edu/api/access/datafile/10342118,L5O,Grade_C,960x1440,JPEG,CC0 1.0 Universal (public domain dedication),2026-08-05,10342118,7d7bbe4cd6b0d29d53ed0796b7e45799,uyui_12268.jpg,quality digit 5 = Low quality -> Grade_C,3051.66
C_L5O_10341918.jpg,"Tobacco leaves dataset (Virginia flue-cured, Tanzania)",https://dataverse.harvard.edu/api/access/datafile/10341918,L5O,Grade_C,960x1440,JPEG,CC0 1.0 Universal (public domain dedication),2026-08-05,10341918,49a7a4c8c3641019209cf6800c21cf7e,urambo_1730.jpg,quality digit 5 = Low quality -> Grade_C,2832.89
C_L5O_10341139.jpg,"Tobacco leaves dataset (Virginia flue-cured, Tanzania)",https://dataverse.harvard.edu/api/access/datafile/10341139,L5O,Grade_C,960x1440,JPEG,CC0 1.0 Universal (public domain dedication),2026-08-05,10341139,71d049cf36e7d4aaf84062d888078968,manispaa_9389.jpg,quality digit 5 = Low quality -> Grade_C,2230.34
C_L5O_10341602.jpg,"Tobacco leaves dataset (Virginia flue-cured, Tanzania)",https://dataverse.harvard.edu/api/access/datafile/10341602,L5O,Grade_C,960x1440,JPEG,CC0 1.0 Universal (public domain dedication),2026-08-05,10341602,3df41ff953cf45e4bb14ad8223e294c2,urambo_3348.jpg,quality digit 5 = Low quality -> Grade_C,3499.91
C_L5O_10342085.jpg,"Tobacco leaves dataset (Virginia flue-cured, Tanzania)",https://dataverse.harvard.edu/api/access/datafile/10342085,L5O,Grade_C,960x1440,JPEG,CC0 1.0 Universal (public domain dedication),2026-08-05,10342085,51f5e69cacf3d3c841e3cbc87847aa25,uyui_15271.jpg,quality digit 5 = Low quality -> Grade_C,2975.6
C_L5O_10342252.jpg,"Tobacco leaves dataset (Virginia flue-cured, Tanzania)",https://dataverse.harvard.edu/api/access/datafile/10342252,L5O,Grade_C,960x1440,JPEG,CC0 1.0 Universal (public domain dedication),2026-08-05,10342252,26913ad9400fb832367fe45f729c6bde,uyui_12497.jpg,quality digit 5 = Low quality -> Grade_C,3010.57
C_L5O_10341107.jpg,"Tobacco leaves dataset (Virginia flue-cured, Tanzania)",https://dataverse.harvard.edu/api/access/datafile/10341107,L5O,Grade_C,960x1440,JPEG,CC0 1.0 Universal (public domain dedication),2026-08-05,10341107,11a6aa864670f3610483feb43eb3266c,manispaa_2835.jpg,quality digit 5 = Low quality -> Grade_C,2202.26
C_L5O_10342007.jpg,"Tobacco leaves dataset (Virginia flue-cured, Tanzania)",https://dataverse.harvard.edu/api/access/datafile/10342007,L5O,Grade_C,960x1440,JPEG,CC0 1.0 Universal (public domain dedication),2026-08-05,10342007,3db4039aa698a5dd23f6eb0b7bdf3a38,urambo_6263.jpg,quality digit 5 = Low quality -> Grade_C,5246.04
C_L5O_10342116.jpg,"Tobacco leaves dataset (Virginia flue-cured, Tanzania)",https://dataverse.harvard.edu/api/access/datafile/10342116,L5O,Grade_C,960x1440,JPEG,CC0 1.0 Universal (public domain dedication),2026-08-05,10342116,34a33fd3cc4ff8b4fadcc64267af6ff3,uyui_15238.jpg,quality digit 5 = Low quality -> Grade_C,2282.42
C_L5O_10341562.jpg,"Tobacco leaves dataset (Virginia flue-cured, Tanzania)",https://dataverse.harvard.edu/api/access/datafile/10341562,L5O,Grade_C,960x1440,JPEG,CC0 1.0 Universal (public domain dedication),2026-08-05,10341562,6140707c29be9bf3330b4d8afb04d62c,uyui_12524.jpg,quality digit 5 = Low quality -> Grade_C,3130.47
C_L5O_10341891.jpg,"Tobacco leaves dataset (Virginia flue-cured, Tanzania)",https://dataverse.harvard.edu/api/access/datafile/10341891,L5O,Grade_C,960x1440,JPEG,CC0 1.0 Universal (public domain dedication),2026-08-05,10341891,a0c6f8e472c916e28bdf32f5d675c73d,uyui_12468.jpg,quality digit 5 = Low quality -> Grade_C,2607.9
C_L5O_10340687.jpg,"Tobacco leaves dataset (Virginia flue-cured, Tanzania)",https://dataverse.harvard.edu/api/access/datafile/10340687,L5O,Grade_C,960x1440,JPEG,CC0 1.0 Universal (public domain dedication),2026-08-05,10340687,bfbcc7c6b8f798739da408578f74b691,manispaa_9468.jpg,quality digit 5 = Low quality -> Grade_C,2228.48
C_L5O_10341249.jpg,"Tobacco leaves dataset (Virginia flue-cured, Tanzania)",https://dataverse.harvard.edu/api/access/datafile/10341249,L5O,Grade_C,960x1440,JPEG,CC0 1.0 Universal (public domain dedication),2026-08-05,10341249,af9388be93fa29fcfd26139fb43e0d87,manispaa_9462.jpg,quality digit 5 = Low quality -> Grade_C,1971.98
C_L5O_10341434.jpg,"Tobacco leaves dataset (Virginia flue-cured, Tanzania)",https://dataverse.harvard.edu/api/access/datafile/10341434,L5O,Grade_C,960x1440,JPEG,CC0 1.0 Universal (public domain dedication),2026-08-05,10341434,0ca5392389f8710dc457d68c7ac58764,manispaa_9451.jpg,quality digit 5 = Low quality -> Grade_C,2072.61
C_L5O_10341223.jpg,"Tobacco leaves dataset (Virginia flue-cured, Tanzania)",https://dataverse.harvard.edu/api/access/datafile/10341223,L5O,Grade_C,960x1440,JPEG,CC0 1.0 Universal (public domain dedication),2026-08-05,10341223,5833f748502ca2c50364fb26dc9fc0e0,manispaa_9476.jpg,quality digit 5 = Low quality -> Grade_C,2080.66
C_L5O_10341284.jpg,"Tobacco leaves dataset (Virginia flue-cured, Tanzania)",https://dataverse.harvard.edu/api/access/datafile/10341284,L5O,Grade_C,960x1440,JPEG,CC0 1.0 Universal (public domain dedication),2026-08-05,10341284,4fb5d5aeebd107d3075615feeda7d252,urambo_1595.jpg,quality digit 5 = Low quality -> Grade_C,2549.45
C_L5O_10340921.jpg,"Tobacco leaves dataset (Virginia flue-cured, Tanzania)",https://dataverse.harvard.edu/api/access/datafile/10340921,L5O,Grade_C,960x1440,JPEG,CC0 1.0 Universal (public domain dedication),2026-08-05,10340921,12de6933183760b6ead5c93d6ba42119,kaliua_9532.jpg,quality digit 5 = Low quality -> Grade_C,3409.81
C_L5O_10340713.jpg,"Tobacco leaves dataset (Virginia flue-cured, Tanzania)",https://dataverse.harvard.edu/api/access/datafile/10340713,L5O,Grade_C,960x1440,JPEG,CC0 1.0 Universal (public domain dedication),2026-08-05,10340713,72e3c0c539657470aaf80481cbfe66fc,manispaa_6160.jpg,quality digit 5 = Low quality -> Grade_C,3107.28
C_L5O_10341526.jpg,"Tobacco leaves dataset (Virginia flue-cured, Tanzania)",https://dataverse.harvard.edu/api/access/datafile/10341526,L5O,Grade_C,960x1440,JPEG,CC0 1.0 Universal (public domain dedication),2026-08-05,10341526,2b6b4c6d972dd2e0c5fd5348a1c8b664,uyui_12380.jpg,quality digit 5 = Low quality -> Grade_C,2615.2
C_L5O_10341931.jpg,"Tobacco leaves dataset (Virginia flue-cured, Tanzania)",https://dataverse.harvard.edu/api/access/datafile/10341931,L5O,Grade_C,960x1440,JPEG,CC0 1.0 Universal (public domain dedication),2026-08-05,10341931,4a2d4ef5fa7cc28de072e0ae82c76b6d,urambo_3354.jpg,quality digit 5 = Low quality -> Grade_C,2409.8
C_L5O_10340704.jpg,"Tobacco leaves dataset (Virginia flue-cured, Tanzania)",https://dataverse.harvard.edu/api/access/datafile/10340704,L5O,Grade_C,960x1440,JPEG,CC0 1.0 Universal (public domain dedication),2026-08-05,10340704,b1fb1ae6f6b36c5da6e2c68c4334fb99,manispaa_9440.jpg,quality digit 5 = Low quality -> Grade_C,2122.96
C_L5O_10340867.jpg,"Tobacco leaves dataset (Virginia flue-cured, Tanzania)",https://dataverse.harvard.edu/api/access/datafile/10340867,L5O,Grade_C,960x1440,JPEG,CC0 1.0 Universal (public domain dedication),2026-08-05,10340867,1c5706e9c3a5d426c003ac4a60cbdc16,kaliua_8068.jpg,quality digit 5 = Low quality -> Grade_C,2180.68
C_L5O_10341839.jpg,"Tobacco leaves dataset (Virginia flue-cured, Tanzania)",https://dataverse.harvard.edu/api/access/datafile/10341839,L5O,Grade_C,960x1440,JPEG,CC0 1.0 Universal (public domain dedication),2026-08-05,10341839,43eddcdd61a0cd79dbe86e875c8e6a2b,urambo_1726.jpg,quality digit 5 = Low quality -> Grade_C,2636.29
C_L5O_10340928.jpg,"Tobacco leaves dataset (Virginia flue-cured, Tanzania)",https://dataverse.harvard.edu/api/access/datafile/10340928,L5O,Grade_C,960x1440,JPEG,CC0 1.0 Universal (public domain dedication),2026-08-05,10340928,bb23515edabe5fcba51390d2224bc9db,kaliua_12380.jpg,quality digit 5 = Low quality -> Grade_C,2612.51
C_L5O_10341609.jpg,"Tobacco leaves dataset (Virginia flue-cured, Tanzania)",https://dataverse.harvard.edu/api/access/datafile/10341609,L5O,Grade_C,960x1440,JPEG,CC0 1.0 Universal (public domain dedication),2026-08-05,10341609,b82f6553c00ea1eb9951f1921424278c,urambo_3422.jpg,quality digit 5 = Low quality -> Grade_C,3171.9
C_L5O_10340790.jpg,"Tobacco leaves dataset (Virginia flue-cured, Tanzania)",https://dataverse.harvard.edu/api/access/datafile/10340790,L5O,Grade_C,960x1440,JPEG,CC0 1.0 Universal (public domain dedication),2026-08-05,10340790,abe1619860a49c9634cae0ab285010d9,manispaa_6146.jpg,quality digit 5 = Low quality -> Grade_C,3047.2
C_L5O_10340698.jpg,"Tobacco leaves dataset (Virginia flue-cured, Tanzania)",https://dataverse.harvard.edu/api/access/datafile/10340698,L5O,Grade_C,960x1440,JPEG,CC0 1.0 Universal (public domain dedication),2026-08-05,10340698,78a937d810e32cb8d4403301a3a41dec,manispaa_9360.jpg,quality digit 5 = Low quality -> Grade_C,2003.54
C_L5O_10341266.jpg,"Tobacco leaves dataset (Virginia flue-cured, Tanzania)",https://dataverse.harvard.edu/api/access/datafile/10341266,L5O,Grade_C,960x1440,JPEG,CC0 1.0 Universal (public domain dedication),2026-08-05,10341266,2d0897f18538750281a2234618762114,kaliua_12446.jpg,quality digit 5 = Low quality -> Grade_C,2704.98
C_L5O_10342316.jpg,"Tobacco leaves dataset (Virginia flue-cured, Tanzania)",https://dataverse.harvard.edu/api/access/datafile/10342316,L5O,Grade_C,960x1440,JPEG,CC0 1.0 Universal (public domain dedication),2026-08-05,10342316,453d1cc84fe7356ae266e65a4f50a147,uyui_5823.jpg,quality digit 5 = Low quality -> Grade_C,2030.07
C_L5O_10341286.jpg,"Tobacco leaves dataset (Virginia flue-cured, Tanzania)",https://dataverse.harvard.edu/api/access/datafile/10341286,L5O,Grade_C,960x1440,JPEG,CC0 1.0 Universal (public domain dedication),2026-08-05,10341286,acf946227ac41eb22e5ec507e40f444b,manispaa_9363.jpg,quality digit 5 = Low quality -> Grade_C,2124.92
C_L5O_10342347.jpg,"Tobacco leaves dataset (Virginia flue-cured, Tanzania)",https://dataverse.harvard.edu/api/access/datafile/10342347,L5O,Grade_C,960x1440,JPEG,CC0 1.0 Universal (public domain dedication),2026-08-05,10342347,a3715136991327c070d2379eec2cd88b,uyui_5857.jpg,quality digit 5 = Low quality -> Grade_C,2234.33
C_L5O_10340830.jpg,"Tobacco leaves dataset (Virginia flue-cured, Tanzania)",https://dataverse.harvard.edu/api/access/datafile/10340830,L5O,Grade_C,960x1440,JPEG,CC0 1.0 Universal (public domain dedication),2026-08-05,10340830,9cd6b9765bee72b3185938b05ceabaa2,kaliua_8084.jpg,quality digit 5 = Low quality -> Grade_C,2482.09
C_L5O_10341029.jpg,"Tobacco leaves dataset (Virginia flue-cured, Tanzania)",https://dataverse.harvard.edu/api/access/datafile/10341029,L5O,Grade_C,960x1440,JPEG,CC0 1.0 Universal (public domain dedication),2026-08-05,10341029,994b93adfbeb1dfbd5b9db401cd3a006,manispaa_9449.jpg,quality digit 5 = Low quality -> Grade_C,1892.52
C_L5O_10342310.jpg,"Tobacco leaves dataset (Virginia flue-cured, Tanzania)",https://dataverse.harvard.edu/api/access/datafile/10342310,L5O,Grade_C,960x1440,JPEG,CC0 1.0 Universal (public domain dedication),2026-08-05,10342310,4dc399cf09551d8e549883a5e5e1fd75,uyui_2373.jpg,quality digit 5 = Low quality -> Grade_C,1664.37
C_L5O_10341955.jpg,"Tobacco leaves dataset (Virginia flue-cured, Tanzania)",https://dataverse.harvard.edu/api/access/datafile/10341955,L5O,Grade_C,960x1440,JPEG,CC0 1.0 Universal (public domain dedication),2026-08-05,10341955,dd7bdf95d6d1f88322a200aece5c425e,uyui_12437.jpg,quality digit 5 = Low quality -> Grade_C,3057.47
C_L5O_10340941.jpg,"Tobacco leaves dataset (Virginia flue-cured, Tanzania)",https://dataverse.harvard.edu/api/access/datafile/10340941,L5O,Grade_C,960x1440,JPEG,CC0 1.0 Universal (public domain dedication),2026-08-05,10340941,293e9a3bbc9baf3277f21da83259185e,kaliua_4933.jpg,quality digit 5 = Low quality -> Grade_C,3137.29
C_L5O_10341306.jpg,"Tobacco leaves dataset (Virginia flue-cured, Tanzania)",https://dataverse.harvard.edu/api/access/datafile/10341306,L5O,Grade_C,960x1440,JPEG,CC0 1.0 Universal (public domain dedication),2026-08-05,10341306,3a040998e8928f851ee1189c48c4dd5b,manispaa_6139.jpg,quality digit 5 = Low quality -> Grade_C,3266.48
C_L5O_10340920.jpg,"Tobacco leaves dataset (Virginia flue-cured, Tanzania)",https://dataverse.harvard.edu/api/access/datafile/10340920,L5O,Grade_C,960x1440,JPEG,CC0 1.0 Universal (public domain dedication),2026-08-05,10340920,b89c166846039bf2423a85ceb9950205,manispaa_6245.jpg,quality digit 5 = Low quality -> Grade_C,2324.62
C_L5O_10341638.jpg,"Tobacco leaves dataset (Virginia flue-cured, Tanzania)",https://dataverse.harvard.edu/api/access/datafile/10341638,L5O,Grade_C,960x1440,JPEG,CC0 1.0 Universal (public domain dedication),2026-08-05,10341638,f8db360e89e65679bb8743674e3ced1b,urambo_1694.jpg,quality digit 5 = Low quality -> Grade_C,2807.3
C_L5O_10341547.jpg,"Tobacco leaves dataset (Virginia flue-cured, Tanzania)",https://dataverse.harvard.edu/api/access/datafile/10341547,L5O,Grade_C,960x1440,JPEG,CC0 1.0 Universal (public domain dedication),2026-08-05,10341547,6e362ebc2f0afe6361f114346858f222,uyui_12577.jpg,quality digit 5 = Low quality -> Grade_C,2789.95
C_L5O_10341335.jpg,"Tobacco leaves dataset (Virginia flue-cured, Tanzania)",https://dataverse.harvard.edu/api/access/datafile/10341335,L5O,Grade_C,960x1440,JPEG,CC0 1.0 Universal (public domain dedication),2026-08-05,10341335,841e5c6b243e5e7fd78b445e0ecaaa9c,kaliua_8096.jpg,quality digit 5 = Low quality -> Grade_C,2564.17
C_L5O_10341796.jpg,"Tobacco leaves dataset (Virginia flue-cured, Tanzania)",https://dataverse.harvard.edu/api/access/datafile/10341796,L5O,Grade_C,960x1440,JPEG,CC0 1.0 Universal (public domain dedication),2026-08-05,10341796,ea90d3f4d29934367e88d9b1c2dff7e0,urambo_3346.jpg,quality digit 5 = Low quality -> Grade_C,3213.13
C_L5O_10341535.jpg,"Tobacco leaves dataset (Virginia flue-cured, Tanzania)",https://dataverse.harvard.edu/api/access/datafile/10341535,L5O,Grade_C,960x1440,JPEG,CC0 1.0 Universal (public domain dedication),2026-08-05,10341535,0483b3d3113b9ae3b50b2ef16795eb1b,uyui_12447.jpg,quality digit 5 = Low quality -> Grade_C,4287.61
C_L5O_10342281.jpg,"Tobacco leaves dataset (Virginia flue-cured, Tanzania)",https://dataverse.harvard.edu/api/access/datafile/10342281,L5O,Grade_C,960x1440,JPEG,CC0 1.0 Universal (public domain dedication),2026-08-05,10342281,ff83e9af3331cd8be003b693e21d8950,uyui_12293.jpg,quality digit 5 = Low quality -> Grade_C,3400.24
C_L5O_10341180.jpg,"Tobacco leaves dataset (Virginia flue-cured, Tanzania)",https://dataverse.harvard.edu/api/access/datafile/10341180,L5O,Grade_C,960x1440,JPEG,CC0 1.0 Universal (public domain dedication),2026-08-05,10341180,7630826e9f357851201eaa8477801208,manispaa_6180.jpg,quality digit 5 = Low quality -> Grade_C,2834.17
C_L5O_10341257.jpg,"Tobacco leaves dataset (Virginia flue-cured, Tanzania)",https://dataverse.harvard.edu/api/access/datafile/10341257,L5O,Grade_C,960x1440,JPEG,CC0 1.0 Universal (public domain dedication),2026-08-05,10341257,7b0c6ceae5c8b7d49eca9e22d736d13e,manispaa_9387.jpg,quality digit 5 = Low quality -> Grade_C,2502.02
C_L5O_10340898.jpg,"Tobacco leaves dataset (Virginia flue-cured, Tanzania)",https://dataverse.harvard.edu/api/access/datafile/10340898,L5O,Grade_C,960x1440,JPEG,CC0 1.0 Universal (public domain dedication),2026-08-05,10340898,32a4edce50f75ad041aab373bbb70104,urambo_1687.jpg,quality digit 5 = Low quality -> Grade_C,2926.5
C_L5O_10341407.jpg,"Tobacco leaves dataset (Virginia flue-cured, Tanzania)",https://dataverse.harvard.edu/api/access/datafile/10341407,L5O,Grade_C,960x1440,JPEG,CC0 1.0 Universal (public domain dedication),2026-08-05,10341407,8028e4d7fffae888babcf83f4f62606d,kaliua_12448.jpg,quality digit 5 = Low quality -> Grade_C,3216.07
C_L5O_10342148.jpg,"Tobacco leaves dataset (Virginia flue-cured, Tanzania)",https://dataverse.harvard.edu/api/access/datafile/10342148,L5O,Grade_C,960x1440,JPEG,CC0 1.0 Universal (public domain dedication),2026-08-05,10342148,e6186c67fffc8101461f785e80a67566,urambo_1789.jpg,quality digit 5 = Low quality -> Grade_C,3871.62
C_L5O_10341178.jpg,"Tobacco leaves dataset (Virginia flue-cured, Tanzania)",https://dataverse.harvard.edu/api/access/datafile/10341178,L5O,Grade_C,960x1440,JPEG,CC0 1.0 Universal (public domain dedication),2026-08-05,10341178,79655388a7556d95c43286089c0049c3,kaliua_4934.jpg,quality digit 5 = Low quality -> Grade_C,2656.94
C_L5O_10341874.jpg,"Tobacco leaves dataset (Virginia flue-cured, Tanzania)",https://dataverse.harvard.edu/api/access/datafile/10341874,L5O,Grade_C,960x1440,JPEG,CC0 1.0 Universal (public domain dedication),2026-08-05,10341874,dbb5ad2d9419f216adb8e6106135f235,uyui_12413.jpg,quality digit 5 = Low quality -> Grade_C,3508.37
C_L5O_10341872.jpg,"Tobacco leaves dataset (Virginia flue-cured, Tanzania)",https://dataverse.harvard.edu/api/access/datafile/10341872,L5O,Grade_C,960x1440,JPEG,CC0 1.0 Universal (public domain dedication),2026-08-05,10341872,9e0e63ff0407497e5b9159e2ff320dbf,uyui_12330.jpg,quality digit 5 = Low quality -> Grade_C,3466.06
C_L5O_10341339.jpg,"Tobacco leaves dataset (Virginia flue-cured, Tanzania)",https://dataverse.harvard.edu/api/access/datafile/10341339,L5O,Grade_C,960x1440,JPEG,CC0 1.0 Universal (public domain dedication),2026-08-05,10341339,98a72a2db6db25986ec44af7b0734ec3,urambo_1652.jpg,quality digit 5 = Low quality -> Grade_C,2888.93
C_L5O_10340615.jpg,"Tobacco leaves dataset (Virginia flue-cured, Tanzania)",https://dataverse.harvard.edu/api/access/datafile/10340615,L5O,Grade_C,960x1440,JPEG,CC0 1.0 Universal (public domain dedication),2026-08-05,10340615,4eec6766047b55aa62b26021b3c321e3,kaliua_12377.jpg,quality digit 5 = Low quality -> Grade_C,2601.03
C_L5O_10340651.jpg,"Tobacco leaves dataset (Virginia flue-cured, Tanzania)",https://dataverse.harvard.edu/api/access/datafile/10340651,L5O,Grade_C,960x1440,JPEG,CC0 1.0 Universal (public domain dedication),2026-08-05,10340651,05d6390a62db009e0834ccbaf4db47d7,kaliua_4901.jpg,quality digit 5 = Low quality -> Grade_C,2286.24
C_L5O_10342186.jpg,"Tobacco leaves dataset (Virginia flue-cured, Tanzania)",https://dataverse.harvard.edu/api/access/datafile/10342186,L5O,Grade_C,960x1440,JPEG,CC0 1.0 Universal (public domain dedication),2026-08-05,10342186,9705bda1ed3c46a18c011e1b301fc7d6,urambo_3309.jpg,quality digit 5 = Low quality -> Grade_C,3392.31
C_L5O_10341132.jpg,"Tobacco leaves dataset (Virginia flue-cured, Tanzania)",https://dataverse.harvard.edu/api/access/datafile/10341132,L5O,Grade_C,960x1440,JPEG,CC0 1.0 Universal (public domain dedication),2026-08-05,10341132,1df860603ebd7342546981ba1a53694c,kaliua_8116.jpg,quality digit 5 = Low quality -> Grade_C,2529.16
C_L5O_10341304.jpg,"Tobacco leaves dataset (Virginia flue-cured, Tanzania)",https://dataverse.harvard.edu/api/access/datafile/10341304,L5O,Grade_C,960x1440,JPEG,CC0 1.0 Universal (public domain dedication),2026-08-05,10341304,be294013bf8278ad3c76c6725781a119,manispaa_6209.jpg,quality digit 5 = Low quality -> Grade_C,2138.73
C_L5O_10342367.jpg,"Tobacco leaves dataset (Virginia flue-cured, Tanzania)",https://dataverse.harvard.edu/api/access/datafile/10342367,L5O,Grade_C,960x1440,JPEG,CC0 1.0 Universal (public domain dedication),2026-08-05,10342367,3921efb337b2a4dda01993f7e3a1ba3f,uyui_2410.jpg,quality digit 5 = Low quality -> Grade_C,2201.76
C_L5O_10342421.jpg,"Tobacco leaves dataset (Virginia flue-cured, Tanzania)",https://dataverse.harvard.edu/api/access/datafile/10342421,L5O,Grade_C,960x1440,JPEG,CC0 1.0 Universal (public domain dedication),2026-08-05,10342421,2fc14b69445f88d8392646e369f29987,uyui_2397.jpg,quality digit 5 = Low quality -> Grade_C,2293.06
C_L5O_10340659.jpg,"Tobacco leaves dataset (Virginia flue-cured, Tanzania)",https://dataverse.harvard.edu/api/access/datafile/10340659,L5O,Grade_C,960x1440,JPEG,CC0 1.0 Universal (public domain dedication),2026-08-05,10340659,865366ead00018bde8f96d7b151ddb62,kaliua_4876.jpg,quality digit 5 = Low quality -> Grade_C,2853.42
C_L5O_10341258.jpg,"Tobacco leaves dataset (Virginia flue-cured, Tanzania)",https://dataverse.harvard.edu/api/access/datafile/10341258,L5O,Grade_C,960x1440,JPEG,CC0 1.0 Universal (public domain dedication),2026-08-05,10341258,033df3ddb8d2b1db5fa40f1461fcb792,manispaa_2874.jpg,quality digit 5 = Low quality -> Grade_C,2905.84
C_L5O_10342170.jpg,"Tobacco leaves dataset (Virginia flue-cured, Tanzania)",https://dataverse.harvard.edu/api/access/datafile/10342170,L5O,Grade_C,960x1440,JPEG,CC0 1.0 Universal (public domain dedication),2026-08-05,10342170,7e8e823d4760e9ceedd0a00fafcad277,urambo_1819.jpg,quality digit 5 = Low quality -> Grade_C,4366.62
C_L5O_10340876.jpg,"Tobacco leaves dataset (Virginia flue-cured, Tanzania)",https://dataverse.harvard.edu/api/access/datafile/10340876,L5O,Grade_C,960x1440,JPEG,CC0 1.0 Universal (public domain dedication),2026-08-05,10340876,3ee981f90fbcb722afea26730daa57b4,kaliua_12440.jpg,quality digit 5 = Low quality -> Grade_C,2990.55
C_L5O_10342263.jpg,"Tobacco leaves dataset (Virginia flue-cured, Tanzania)",https://dataverse.harvard.edu/api/access/datafile/10342263,L5O,Grade_C,960x1440,JPEG,CC0 1.0 Universal (public domain dedication),2026-08-05,10342263,58741211aa8c18c6f9e21d3023c35b28,urambo_1761.jpg,quality digit 5 = Low quality -> Grade_C,2484.63
C_L5O_10340746.jpg,"Tobacco leaves dataset (Virginia flue-cured, Tanzania)",https://dataverse.harvard.edu/api/access/datafile/10340746,L5O,Grade_C,960x1440,JPEG,CC0 1.0 Universal (public domain dedication),2026-08-05,10340746,094d82468fdb1615c689184bcdbab818,urambo_1588.jpg,quality digit 5 = Low quality -> Grade_C,2747.68
C_L5O_10340922.jpg,"Tobacco leaves dataset (Virginia flue-cured, Tanzania)",https://dataverse.harvard.edu/api/access/datafile/10340922,L5O,Grade_C,960x1440,JPEG,CC0 1.0 Universal (public domain dedication),2026-08-05,10340922,e9dde2d25879566b5d6a71fa445d2f2c,urambo_1582.jpg,quality digit 5 = Low quality -> Grade_C,2400.22
C_L5O_10340973.jpg,"Tobacco leaves dataset (Virginia flue-cured, Tanzania)",https://dataverse.harvard.edu/api/access/datafile/10340973,L5O,Grade_C,960x1440,JPEG,CC0 1.0 Universal (public domain dedication),2026-08-05,10340973,d3402195596f3017a69720ec082541eb,manispaa_6173.jpg,quality digit 5 = Low quality -> Grade_C,3234.64
C_L5O_10341248.jpg,"Tobacco leaves dataset (Virginia flue-cured, Tanzania)",https://dataverse.harvard.edu/api/access/datafile/10341248,L5O,Grade_C,960x1440,JPEG,CC0 1.0 Universal (public domain dedication),2026-08-05,10341248,dbd69d41f34b7427713eab2ca0c10edf,manispaa_6286.jpg,quality digit 5 = Low quality -> Grade_C,2367.39
C_L5O_10342087.jpg,"Tobacco leaves dataset (Virginia flue-cured, Tanzania)",https://dataverse.harvard.edu/api/access/datafile/10342087,L5O,Grade_C,960x1440,JPEG,CC0 1.0 Universal (public domain dedication),2026-08-05,10342087,12f2339fb8672914619d7e5acf151a89,urambo_3410.jpg,quality digit 5 = Low quality -> Grade_C,3726.66
C_L5O_10341656.jpg,"Tobacco leaves dataset (Virginia flue-cured, Tanzania)",https://dataverse.harvard.edu/api/access/datafile/10341656,L5O,Grade_C,960x1440,JPEG,CC0 1.0 Universal (public domain dedication),2026-08-05,10341656,37c5b75ed2fe95938c55aab934e5753a,urambo_1711.jpg,quality digit 5 = Low quality -> Grade_C,2665.09
C_L5O_10340693.jpg,"Tobacco leaves dataset (Virginia flue-cured, Tanzania)",https://dataverse.harvard.edu/api/access/datafile/10340693,L5O,Grade_C,960x1440,JPEG,CC0 1.0 Universal (public domain dedication),2026-08-05,10340693,224a8c061c62d4393c50d1c3c5587767,manispaa_9364.jpg,quality digit 5 = Low quality -> Grade_C,1917.96
C_L5O_10342357.jpg,"Tobacco leaves dataset (Virginia flue-cured, Tanzania)",https://dataverse.harvard.edu/api/access/datafile/10342357,L5O,Grade_C,960x1440,JPEG,CC0 1.0 Universal (public domain dedication),2026-08-05,10342357,e8599bedd746ba21179199af9e655296,uyui_2340.jpg,quality digit 5 = Low quality -> Grade_C,1917.88
C_L5O_10342143.jpg,"Tobacco leaves dataset (Virginia flue-cured, Tanzania)",https://dataverse.harvard.edu/api/access/datafile/10342143,L5O,Grade_C,960x1440,JPEG,CC0 1.0 Universal (public domain dedication),2026-08-05,10342143,76b0e560367ea09a5b947dbcde3ad133,uyui_12312.jpg,quality digit 5 = Low quality -> Grade_C,3285.54
C_L5O_10340936.jpg,"Tobacco leaves dataset (Virginia flue-cured, Tanzania)",https://dataverse.harvard.edu/api/access/datafile/10340936,L5O,Grade_C,960x1440,JPEG,CC0 1.0 Universal (public domain dedication),2026-08-05,10340936,b3cb07c9589d4e6501158bde89c023da,manispaa_6097.jpg,quality digit 5 = Low quality -> Grade_C,2327.89
C_L5O_10340864.jpg,"Tobacco leaves dataset (Virginia flue-cured, Tanzania)",https://dataverse.harvard.edu/api/access/datafile/10340864,L5O,Grade_C,960x1440,JPEG,CC0 1.0 Universal (public domain dedication),2026-08-05,10340864,1eff197ff6b135baa7532e44b218a426,manispaa_9454.jpg,quality digit 5 = Low quality -> Grade_C,2002.78
C_L5O_10341357.jpg,"Tobacco leaves dataset (Virginia flue-cured, Tanzania)",https://dataverse.harvard.edu/api/access/datafile/10341357,L5O,Grade_C,960x1440,JPEG,CC0 1.0 Universal (public domain dedication),2026-08-05,10341357,130c2e2b8912b4e2a4de59cb3a42a139,manispaa_6284.jpg,quality digit 5 = Low quality -> Grade_C,2613.94
C_L5O_10341149.jpg,"Tobacco leaves dataset (Virginia flue-cured, Tanzania)",https://dataverse.harvard.edu/api/access/datafile/10341149,L5O,Grade_C,960x1440,JPEG,CC0 1.0 Universal (public domain dedication),2026-08-05,10341149,4ae67493171f0ab08eefe2a3b4621e92,kaliua_9553.jpg,quality digit 5 = Low quality -> Grade_C,2454.68
C_L5O_10342110.jpg,"Tobacco leaves dataset (Virginia flue-cured, Tanzania)",https://dataverse.harvard.edu/api/access/datafile/10342110,L5O,Grade_C,960x1440,JPEG,CC0 1.0 Universal (public domain dedication),2026-08-05,10342110,2ace5cd5c78c158fd59fe9f3371ab24a,urambo_1721.jpg,quality digit 5 = Low quality -> Grade_C,2854.9
C_L5O_10341363.jpg,"Tobacco leaves dataset (Virginia flue-cured, Tanzania)",https://dataverse.harvard.edu/api/access/datafile/10341363,L5O,Grade_C,960x1440,JPEG,CC0 1.0 Universal (public domain dedication),2026-08-05,10341363,e95bfb07879cd58af0eac8abca761ba6,manispaa_9486.jpg,quality digit 5 = Low quality -> Grade_C,2054.51
C_L5O_10340816.jpg,"Tobacco leaves dataset (Virginia flue-cured, Tanzania)",https://dataverse.harvard.edu/api/access/datafile/10340816,L5O,Grade_C,960x1440,JPEG,CC0 1.0 Universal (public domain dedication),2026-08-05,10340816,859f931c57d95d10371b14d4d9272978,manispaa_6265.jpg,quality digit 5 = Low quality -> Grade_C,2602.06
C_L5O_10341485.jpg,"Tobacco leaves dataset (Virginia flue-cured, Tanzania)",https://dataverse.harvard.edu/api/access/datafile/10341485,L5O,Grade_C,960x1440,JPEG,CC0 1.0 Universal (public domain dedication),2026-08-05,10341485,f645c7a94adc7b750d82008101bb77cc,urambo_1696.jpg,quality digit 5 = Low quality -> Grade_C,2873.92
C_L5O_10342052.jpg,"Tobacco leaves dataset (Virginia flue-cured, Tanzania)",https://dataverse.harvard.edu/api/access/datafile/10342052,L5O,Grade_C,960x1440,JPEG,CC0 1.0 Universal (public domain dedication),2026-08-05,10342052,51700968422b5d7c896bc9186e0131b1,urambo_3369.jpg,quality digit 5 = Low quality -> Grade_C,2736.35
C_L5O_10341288.jpg,"Tobacco leaves dataset (Virginia flue-cured, Tanzania)",https://dataverse.harvard.edu/api/access/datafile/10341288,L5O,Grade_C,960x1440,JPEG,CC0 1.0 Universal (public domain dedication),2026-08-05,10341288,92aed77945d552b65673e3f51a57d20e,urambo_1631.jpg,quality digit 5 = Low quality -> Grade_C,2648.93
C_L5O_10342353.jpg,"Tobacco leaves dataset (Virginia flue-cured, Tanzania)",https://dataverse.harvard.edu/api/access/datafile/10342353,L5O,Grade_C,960x1440,JPEG,CC0 1.0 Universal (public domain dedication),2026-08-05,10342353,9947de9d1495521a01c877cdc23bff0e,uyui_2388.jpg,quality digit 5 = Low quality -> Grade_C,1422.66
C_L5O_10342009.jpg,"Tobacco leaves dataset (Virginia flue-cured, Tanzania)",https://dataverse.harvard.edu/api/access/datafile/10342009,L5O,Grade_C,960x1440,JPEG,CC0 1.0 Universal (public domain dedication),2026-08-05,10342009,e10416b7be7cf6b7512959f71165302b,uyui_12379.jpg,quality digit 5 = Low quality -> Grade_C,3126.62
C_L5O_10341278.jpg,"Tobacco leaves dataset (Virginia flue-cured, Tanzania)",https://dataverse.harvard.edu/api/access/datafile/10341278,L5O,Grade_C,960x1440,JPEG,CC0 1.0 Universal (public domain dedication),2026-08-05,10341278,2050a389138bec4ba9a1620d00639416,urambo_1587.jpg,quality digit 5 = Low quality -> Grade_C,3055.03
C_L5O_10340821.jpg,"Tobacco leaves dataset (Virginia flue-cured, Tanzania)",https://dataverse.harvard.edu/api/access/datafile/10340821,L5O,Grade_C,960x1440,JPEG,CC0 1.0 Universal (public domain dedication),2026-08-05,10340821,1c3aac0bf0d1079a330982a7b79a0415,kaliua_8090.jpg,quality digit 5 = Low quality -> Grade_C,2543.73
C_L5O_10342069.jpg,"Tobacco leaves dataset (Virginia flue-cured, Tanzania)",https://dataverse.harvard.edu/api/access/datafile/10342069,L5O,Grade_C,960x1440,JPEG,CC0 1.0 Universal (public domain dedication),2026-08-05,10342069,32c553124287bcd1ec9b1d2991762c43,uyui_12576.jpg,quality digit 5 = Low quality -> Grade_C,2644.83
C_L5O_10342350.jpg,"Tobacco leaves dataset (Virginia flue-cured, Tanzania)",https://dataverse.harvard.edu/api/access/datafile/10342350,L5O,Grade_C,960x1440,JPEG,CC0 1.0 Universal (public domain dedication),2026-08-05,10342350,5438399ace8e92dd5de4c0087e80f6d4,uyui_2428.jpg,quality digit 5 = Low quality -> Grade_C,2429.83
C_L5O_10340980.jpg,"Tobacco leaves dataset (Virginia flue-cured, Tanzania)",https://dataverse.harvard.edu/api/access/datafile/10340980,L5O,Grade_C,960x1440,JPEG,CC0 1.0 Universal (public domain dedication),2026-08-05,10340980,366f8ec6784fc6ba3242360ee445dedd,manispaa_9353.jpg,quality digit 5 = Low quality -> Grade_C,2473.24
C_L5O_10341936.jpg,"Tobacco leaves dataset (Virginia flue-cured, Tanzania)",https://dataverse.harvard.edu/api/access/datafile/10341936,L5O,Grade_C,960x1440,JPEG,CC0 1.0 Universal (public domain dedication),2026-08-05,10341936,1d8ab54c9568f7cfa8836ab1f8c541ea,uyui_2336.jpg,quality digit 5 = Low quality -> Grade_C,1736.26
C_L5O_10341303.jpg,"Tobacco leaves dataset (Virginia flue-cured, Tanzania)",https://dataverse.harvard.edu/api/access/datafile/10341303,L5O,Grade_C,960x1440,JPEG,CC0 1.0 Universal (public domain dedication),2026-08-05,10341303,5eba852f402f62a5d0d8e466e33030ca,manispaa_6185.jpg,quality digit 5 = Low quality -> Grade_C,2202.3
C_L5O_10342375.jpg,"Tobacco leaves dataset (Virginia flue-cured, Tanzania)",https://dataverse.harvard.edu/api/access/datafile/10342375,L5O,Grade_C,960x1440,JPEG,CC0 1.0 Universal (public domain dedication),2026-08-05,10342375,1f40df7c1b5c639f1ea65f732c7087b7,uyui_5845.jpg,quality digit 5 = Low quality -> Grade_C,1729.26
C_L5O_10341328.jpg,"Tobacco leaves dataset (Virginia flue-cured, Tanzania)",https://dataverse.harvard.edu/api/access/datafile/10341328,L5O,Grade_C,960x1440,JPEG,CC0 1.0 Universal (public domain dedication),2026-08-05,10341328,f3804e0c01df9ea625b91525a4227087,kaliua_12383.jpg,quality digit 5 = Low quality -> Grade_C,2441.72
C_L5O_10341915.jpg,"Tobacco leaves dataset (Virginia flue-cured, Tanzania)",https://dataverse.harvard.edu/api/access/datafile/10341915,L5O,Grade_C,960x1440,JPEG,CC0 1.0 Universal (public domain dedication),2026-08-05,10341915,cd0efffeeb08f3ad08f23e4f140b964b,urambo_1823.jpg,quality digit 5 = Low quality -> Grade_C,4189.79
C_L5O_10341947.jpg,"Tobacco leaves dataset (Virginia flue-cured, Tanzania)",https://dataverse.harvard.edu/api/access/datafile/10341947,L5O,Grade_C,960x1440,JPEG,CC0 1.0 Universal (public domain dedication),2026-08-05,10341947,a3235ce9292f0c4be659f96b3ee22e32,uyui_12562.jpg,quality digit 5 = Low quality -> Grade_C,2553.86
C_L5O_10340780.jpg,"Tobacco leaves dataset (Virginia flue-cured, Tanzania)",https://dataverse.harvard.edu/api/access/datafile/10340780,L5O,Grade_C,960x1440,JPEG,CC0 1.0 Universal (public domain dedication),2026-08-05,10340780,88bfb5a5100fc43d442e5f79369991c6,urambo_1581.jpg,quality digit 5 = Low quality -> Grade_C,2281.31
C_L5O_10342196.jpg,"Tobacco leaves dataset (Virginia flue-cured, Tanzania)",https://dataverse.harvard.edu/api/access/datafile/10342196,L5O,Grade_C,960x1440,JPEG,CC0 1.0 Universal (public domain dedication),2026-08-05,10342196,9417b1b4f35c002abaf7730a69f1ad71,uyui_12397.jpg,quality digit 5 = Low quality -> Grade_C,2913.09
C_L5R_10343402.jpg,"Tobacco leaves dataset (Virginia flue-cured, Tanzania)",https://dataverse.harvard.edu/api/access/datafile/10343402,L5R,Grade_C,960x1440,JPEG,CC0 1.0 Universal (public domain dedication),2026-08-05,10343402,e5adc05cc27629e3edb879125269cdc2,uyui_9525.jpg,quality digit 5 = Low quality -> Grade_C,1593.85
C_L5R_10342598.jpg,"Tobacco leaves dataset (Virginia flue-cured, Tanzania)",https://dataverse.harvard.edu/api/access/datafile/10342598,L5R,Grade_C,960x1440,JPEG,CC0 1.0 Universal (public domain dedication),2026-08-05,10342598,f322245cc8e83934a06d28e4036114fa,manispaa_3121.jpg,quality digit 5 = Low quality -> Grade_C,3225.67
C_L5R_10343218.jpg,"Tobacco leaves dataset (Virginia flue-cured, Tanzania)",https://dataverse.harvard.edu/api/access/datafile/10343218,L5R,Grade_C,960x1440,JPEG,CC0 1.0 Universal (public domain dedication),2026-08-05,10343218,4bcb54233fc3077d22a057e8b69c30d5,manispaa_11980.jpg,quality digit 5 = Low quality -> Grade_C,2916.48
C_L5R_10343311.jpg,"Tobacco leaves dataset (Virginia flue-cured, Tanzania)",https://dataverse.harvard.edu/api/access/datafile/10343311,L5R,Grade_C,960x1440,JPEG,CC0 1.0 Universal (public domain dedication),2026-08-05,10343311,3fbb51c2036e246d890e9a254e00cc13,kaliua_12462.jpg,quality digit 5 = Low quality -> Grade_C,2238.79
C_L5R_10343513.jpg,"Tobacco leaves dataset (Virginia flue-cured, Tanzania)",https://dataverse.harvard.edu/api/access/datafile/10343513,L5R,Grade_C,960x1440,JPEG,CC0 1.0 Universal (public domain dedication),2026-08-05,10343513,08b58278f4a912f29e2e8540115ad4af,uyui_9521.jpg,quality digit 5 = Low quality -> Grade_C,1776.75
C_L5R_10343215.jpg,"Tobacco leaves dataset (Virginia flue-cured, Tanzania)",https://dataverse.harvard.edu/api/access/datafile/10343215,L5R,Grade_C,960x1440,JPEG,CC0 1.0 Universal (public domain dedication),2026-08-05,10343215,40aeaa00d7885c1aa61973781f55a834,kaliua_5007.jpg,quality digit 5 = Low quality -> Grade_C,1455.7
C_L5R_10343202.jpg,"Tobacco leaves dataset (Virginia flue-cured, Tanzania)",https://dataverse.harvard.edu/api/access/datafile/10343202,L5R,Grade_C,960x1440,JPEG,CC0 1.0 Universal (public domain dedication),2026-08-05,10343202,816b86fb0415ccc5c3833a6d83543d42,manispaa_2990.jpg,quality digit 5 = Low quality -> Grade_C,1801.8
C_L5R_10343074.jpg,"Tobacco leaves dataset (Virginia flue-cured, Tanzania)",https://dataverse.harvard.edu/api/access/datafile/10343074,L5R,Grade_C,960x1440,JPEG,CC0 1.0 Universal (public domain dedication),2026-08-05,10343074,84c90973963dfcd8ba36470138a28cfa,kaliua_12696.jpg,quality digit 5 = Low quality -> Grade_C,2539.16
C_L5R_10343128.jpg,"Tobacco leaves dataset (Virginia flue-cured, Tanzania)",https://dataverse.harvard.edu/api/access/datafile/10343128,L5R,Grade_C,960x1440,JPEG,CC0 1.0 Universal (public domain dedication),2026-08-05,10343128,c0844ea4f9bf864cc798c3cfec1c11f1,manispaa_2975.jpg,quality digit 5 = Low quality -> Grade_C,1789.96
C_L5R_10343033.jpg,"Tobacco leaves dataset (Virginia flue-cured, Tanzania)",https://dataverse.harvard.edu/api/access/datafile/10343033,L5R,Grade_C,960x1440,JPEG,CC0 1.0 Universal (public domain dedication),2026-08-05,10343033,6a66e8977a821b3c15df3121a2ce3974,kaliua_12482.jpg,quality digit 5 = Low quality -> Grade_C,2537.95
C_L5R_10342558.jpg,"Tobacco leaves dataset (Virginia flue-cured, Tanzania)",https://dataverse.harvard.edu/api/access/datafile/10342558,L5R,Grade_C,960x1440,JPEG,CC0 1.0 Universal (public domain dedication),2026-08-05,10342558,46c2f0ed4723643696f54b6b270dc119,kaliua_12545.jpg,quality digit 5 = Low quality -> Grade_C,2605.6
C_L5R_10343514.jpg,"Tobacco leaves dataset (Virginia flue-cured, Tanzania)",https://dataverse.harvard.edu/api/access/datafile/10343514,L5R,Grade_C,960x1440,JPEG,CC0 1.0 Universal (public domain dedication),2026-08-05,10343514,fda4ccdf5aab80a6cc1418b65479af85,uyui_2437.jpg,quality digit 5 = Low quality -> Grade_C,1699.98
C_L5R_10343650.jpg,"Tobacco leaves dataset (Virginia flue-cured, Tanzania)",https://dataverse.harvard.edu/api/access/datafile/10343650,L5R,Grade_C,960x1440,JPEG,CC0 1.0 Universal (public domain dedication),2026-08-05,10343650,ad6f48fac81e0b71327afc46898955ba,uyui_9504.jpg,quality digit 5 = Low quality -> Grade_C,1749.8
C_L5R_10343383.jpg,"Tobacco leaves dataset (Virginia flue-cured, Tanzania)",https://dataverse.harvard.edu/api/access/datafile/10343383,L5R,Grade_C,960x1440,JPEG,CC0 1.0 Universal (public domain dedication),2026-08-05,10343383,1900df4992dc6c4ddb50e9ab60e828f5,kaliua_12593.jpg,quality digit 5 = Low quality -> Grade_C,2472.34
C_L5R_10342576.jpg,"Tobacco leaves dataset (Virginia flue-cured, Tanzania)",https://dataverse.harvard.edu/api/access/datafile/10342576,L5R,Grade_C,960x1440,JPEG,CC0 1.0 Universal (public domain dedication),2026-08-05,10342576,d00a76cdd6f921f59fb47a8db0f886d8,manispaa_11921.jpg,quality digit 5 = Low quality -> Grade_C,2436.42
C_L5R_10343228.jpg,"Tobacco leaves dataset (Virginia flue-cured, Tanzania)",https://dataverse.harvard.edu/api/access/datafile/10343228,L5R,Grade_C,960x1440,JPEG,CC0 1.0 Universal (public domain dedication),2026-08-05,10343228,4f4e3c9f75b194e2d83f00b6515b2eba,manispaa_3021.jpg,quality digit 5 = Low quality -> Grade_C,3101.11
C_L5R_10343391.jpg,"Tobacco leaves dataset (Virginia flue-cured, Tanzania)",https://dataverse.harvard.edu/api/access/datafile/10343391,L5R,Grade_C,960x1440,JPEG,CC0 1.0 Universal (public domain dedication),2026-08-05,10343391,1b7aff6d110286085979cbdba85ce544,kaliua_12578.jpg,quality digit 5 = Low quality -> Grade_C,2497.6
C_L5R_10343646.jpg,"Tobacco leaves dataset (Virginia flue-cured, Tanzania)",https://dataverse.harvard.edu/api/access/datafile/10343646,L5R,Grade_C,960x1440,JPEG,CC0 1.0 Universal (public domain dedication),2026-08-05,10343646,16fefdd417b70498cda54c4fd36a9234,manispaa_9501.jpg,quality digit 5 = Low quality -> Grade_C,2318.89
C_L5R_10343660.jpg,"Tobacco leaves dataset (Virginia flue-cured, Tanzania)",https://dataverse.harvard.edu/api/access/datafile/10343660,L5R,Grade_C,960x1440,JPEG,CC0 1.0 Universal (public domain dedication),2026-08-05,10343660,3414005c2469072e0e845d902dc87322,uyui_15368.jpg,quality digit 5 = Low quality -> Grade_C,3164.59
C_L5R_10343550.jpg,"Tobacco leaves dataset (Virginia flue-cured, Tanzania)",https://dataverse.harvard.edu/api/access/datafile/10343550,L5R,Grade_C,960x1440,JPEG,CC0 1.0 Universal (public domain dedication),2026-08-05,10343550,04cf2c66d84ae782729bf8dbfe1a5a64,uyui_2492.jpg,quality digit 5 = Low quality -> Grade_C,1735.99
C_L5R_10342475.jpg,"Tobacco leaves dataset (Virginia flue-cured, Tanzania)",https://dataverse.harvard.edu/api/access/datafile/10342475,L5R,Grade_C,960x1440,JPEG,CC0 1.0 Universal (public domain dedication),2026-08-05,10342475,496c77cc4e19558f2e950554aac6cc1d,manispaa_3113.jpg,quality digit 5 = Low quality -> Grade_C,3385.91
C_L5R_10343446.jpg,"Tobacco leaves dataset (Virginia flue-cured, Tanzania)",https://dataverse.harvard.edu/api/access/datafile/10343446,L5R,Grade_C,960x1440,JPEG,CC0 1.0 Universal (public domain dedication),2026-08-05,10343446,e174e1b000dff05c519676c390073596,manispaa_6326.jpg,quality digit 5 = Low quality -> Grade_C,2352.41
C_L5R_10343179.jpg,"Tobacco leaves dataset (Virginia flue-cured, Tanzania)",https://dataverse.harvard.edu/api/access/datafile/10343179,L5R,Grade_C,960x1440,JPEG,CC0 1.0 Universal (public domain dedication),2026-08-05,10343179,8764dd1d7cf15e1b507e930f56b28814,kaliua_12624.jpg,quality digit 5 = Low quality -> Grade_C,2302.71
C_L5R_10343053.jpg,"Tobacco leaves dataset (Virginia flue-cured, Tanzania)",https://dataverse.harvard.edu/api/access/datafile/10343053,L5R,Grade_C,960x1440,JPEG,CC0 1.0 Universal (public domain dedication),2026-08-05,10343053,9ff80298012645e5f89db13491c41309,manispaa_3074.jpg,quality digit 5 = Low quality -> Grade_C,2897.63
C_L5R_10343585.jpg,"Tobacco leaves dataset (Virginia flue-cured, Tanzania)",https://dataverse.harvard.edu/api/access/datafile/10343585,L5R,Grade_C,960x1440,JPEG,CC0 1.0 Universal (public domain dedication),2026-08-05,10343585,38e56828d328ca8f0373c52e4adcbd62,uyui_15389.jpg,quality digit 5 = Low quality -> Grade_C,2660.89
C_L5R_10343336.jpg,"Tobacco leaves dataset (Virginia flue-cured, Tanzania)",https://dataverse.harvard.edu/api/access/datafile/10343336,L5R,Grade_C,960x1440,JPEG,CC0 1.0 Universal (public domain dedication),2026-08-05,10343336,a615cbdb8f36fc31219d9eeacc1ff736,kaliua_4998.jpg,quality digit 5 = Low quality -> Grade_C,1085.58
C_L5R_10342986.jpg,"Tobacco leaves dataset (Virginia flue-cured, Tanzania)",https://dataverse.harvard.edu/api/access/datafile/10342986,L5R,Grade_C,960x1440,JPEG,CC0 1.0 Universal (public domain dedication),2026-08-05,10342986,ae04515cba41505541b07559431848a5,manispaa_12013.jpg,quality digit 5 = Low quality -> Grade_C,3620.83
C_L5R_10343227.jpg,"Tobacco leaves dataset (Virginia flue-cured, Tanzania)",https://dataverse.harvard.edu/api/access/datafile/10343227,L5R,Grade_C,960x1440,JPEG,CC0 1.0 Universal (public domain dedication),2026-08-05,10343227,2f063c9e179eabb3c4682b85e619a7d2,kaliua_12659.jpg,quality digit 5 = Low quality -> Grade_C,2542.78
C_L5R_10342586.jpg,"Tobacco leaves dataset (Virginia flue-cured, Tanzania)",https://dataverse.harvard.edu/api/access/datafile/10342586,L5R,Grade_C,960x1440,JPEG,CC0 1.0 Universal (public domain dedication),2026-08-05,10342586,d55d576e08e8f9c96fd40e0c725fc003,kaliua_9590.jpg,quality digit 5 = Low quality -> Grade_C,3101.27
C_L5R_10343407.jpg,"Tobacco leaves dataset (Virginia flue-cured, Tanzania)",https://dataverse.harvard.edu/api/access/datafile/10343407,L5R,Grade_C,960x1440,JPEG,CC0 1.0 Universal (public domain dedication),2026-08-05,10343407,2ed496e64fe51de7ecb10b7fd96428d6,uyui_15313.jpg,quality digit 5 = Low quality -> Grade_C,3214.41
C_L5R_10342473.jpg,"Tobacco leaves dataset (Virginia flue-cured, Tanzania)",https://dataverse.harvard.edu/api/access/datafile/10342473,L5R,Grade_C,960x1440,JPEG,CC0 1.0 Universal (public domain dedication),2026-08-05,10342473,c5c5cdb54c5efdb581801e5318170e7c,manispaa_11972.jpg,quality digit 5 = Low quality -> Grade_C,3165.57
C_L5R_10342831.jpg,"Tobacco leaves dataset (Virginia flue-cured, Tanzania)",https://dataverse.harvard.edu/api/access/datafile/10342831,L5R,Grade_C,960x1440,JPEG,CC0 1.0 Universal (public domain dedication),2026-08-05,10342831,abed67e8a1f6f36b7f373143755b0e6a,manispaa_2957.jpg,quality digit 5 = Low quality -> Grade_C,2012.12
C_L5R_10342839.jpg,"Tobacco leaves dataset (Virginia flue-cured, Tanzania)",https://dataverse.harvard.edu/api/access/datafile/10342839,L5R,Grade_C,960x1440,JPEG,CC0 1.0 Universal (public domain dedication),2026-08-05,10342839,354887a8191a96df5b1ca7ee8eeec444,manispaa_3006.jpg,quality digit 5 = Low quality -> Grade_C,2984.41
C_L5R_10343499.jpg,"Tobacco leaves dataset (Virginia flue-cured, Tanzania)",https://dataverse.harvard.edu/api/access/datafile/10343499,L5R,Grade_C,960x1440,JPEG,CC0 1.0 Universal (public domain dedication),2026-08-05,10343499,dc747c4b6357d5ba013f7b6edc750b04,uyui_15388.jpg,quality digit 5 = Low quality -> Grade_C,2547.98
C_L5R_10343022.jpg,"Tobacco leaves dataset (Virginia flue-cured, Tanzania)",https://dataverse.harvard.edu/api/access/datafile/10343022,L5R,Grade_C,960x1440,JPEG,CC0 1.0 Universal (public domain dedication),2026-08-05,10343022,eaa02c6bfac7126bece49f4eebe7d5a7,manispaa_3093.jpg,quality digit 5 = Low quality -> Grade_C,4060.77
C_L5R_10343693.jpg,"Tobacco leaves dataset (Virginia flue-cured, Tanzania)",https://dataverse.harvard.edu/api/access/datafile/10343693,L5R,Grade_C,960x1440,JPEG,CC0 1.0 Universal (public domain dedication),2026-08-05,10343693,b645b5226f08ad6f27fcc6813c09d1d1,manispaa_9530.jpg,quality digit 5 = Low quality -> Grade_C,2549.17
C_L5R_10343469.jpg,"Tobacco leaves dataset (Virginia flue-cured, Tanzania)",https://dataverse.harvard.edu/api/access/datafile/10343469,L5R,Grade_C,960x1440,JPEG,CC0 1.0 Universal (public domain dedication),2026-08-05,10343469,cf0ae5cd9d1b586bcbc75fd515334ee0,uyui_2467.jpg,quality digit 5 = Low quality -> Grade_C,1641.95
C_L5R_10342612.jpg,"Tobacco leaves dataset (Virginia flue-cured, Tanzania)",https://dataverse.harvard.edu/api/access/datafile/10342612,L5R,Grade_C,960x1440,JPEG,CC0 1.0 Universal (public domain dedication),2026-08-05,10342612,815d2f7ad81a5df44f1b516ffde31bbc,manispaa_12019.jpg,quality digit 5 = Low quality -> Grade_C,2151.14
C_L5R_10342904.jpg,"Tobacco leaves dataset (Virginia flue-cured, Tanzania)",https://dataverse.harvard.edu/api/access/datafile/10342904,L5R,Grade_C,960x1440,JPEG,CC0 1.0 Universal (public domain dedication),2026-08-05,10342904,e1ddaa6c4cb3c4c2b0343fe55a29e1c0,manispaa_11988.jpg,quality digit 5 = Low quality -> Grade_C,2480.13
C_L5R_10343575.jpg,"Tobacco leaves dataset (Virginia flue-cured, Tanzania)",https://dataverse.harvard.edu/api/access/datafile/10343575,L5R,Grade_C,960x1440,JPEG,CC0 1.0 Universal (public domain dedication),2026-08-05,10343575,1ac30cc0bc18450b7eb8df85a6c2fc25,uyui_12608.jpg,quality digit 5 = Low quality -> Grade_C,3227.98
C_L5R_10343540.jpg,"Tobacco leaves dataset (Virginia flue-cured, Tanzania)",https://dataverse.harvard.edu/api/access/datafile/10343540,L5R,Grade_C,960x1440,JPEG,CC0 1.0 Universal (public domain dedication),2026-08-05,10343540,74378b43eba230ed4186a0df7a4ff04c,manispaa_9545.jpg,quality digit 5 = Low quality -> Grade_C,1914.47
C_L5R_10342512.jpg,"Tobacco leaves dataset (Virginia flue-cured, Tanzania)",https://dataverse.harvard.edu/api/access/datafile/10342512,L5R,Grade_C,960x1440,JPEG,CC0 1.0 Universal (public domain dedication),2026-08-05,10342512,5cc1b3bb02c70a9fbec0a2403581acf2,manispaa_3014.jpg,quality digit 5 = Low quality -> Grade_C,3098.96
C_L5R_10343209.jpg,"Tobacco leaves dataset (Virginia flue-cured, Tanzania)",https://dataverse.harvard.edu/api/access/datafile/10343209,L5R,Grade_C,960x1440,JPEG,CC0 1.0 Universal (public domain dedication),2026-08-05,10343209,9cfe445745d5e04b685212592fb9f3ab,manispaa_3130.jpg,quality digit 5 = Low quality -> Grade_C,2451.68
C_L5R_10343537.jpg,"Tobacco leaves dataset (Virginia flue-cured, Tanzania)",https://dataverse.harvard.edu/api/access/datafile/10343537,L5R,Grade_C,960x1440,JPEG,CC0 1.0 Universal (public domain dedication),2026-08-05,10343537,404d43ba3ec444efceefe1e6adbefa3b,manispaa_9512.jpg,quality digit 5 = Low quality -> Grade_C,2296.79
C_L5R_10343636.jpg,"Tobacco leaves dataset (Virginia flue-cured, Tanzania)",https://dataverse.harvard.edu/api/access/datafile/10343636,L5R,Grade_C,960x1440,JPEG,CC0 1.0 Universal (public domain dedication),2026-08-05,10343636,e730369630e7a0b58ad74193ed062c3b,uyui_15356.jpg,quality digit 5 = Low quality -> Grade_C,2831.88
C_L5R_10342776.jpg,"Tobacco leaves dataset (Virginia flue-cured, Tanzania)",https://dataverse.harvard.edu/api/access/datafile/10342776,L5R,Grade_C,960x1440,JPEG,CC0 1.0 Universal (public domain dedication),2026-08-05,10342776,4befb7332847530edd80e50d91bdc019,manispaa_11848.jpg,quality digit 5 = Low quality -> Grade_C,2911.11
C_L5R_10342988.jpg,"Tobacco leaves dataset (Virginia flue-cured, Tanzania)",https://dataverse.harvard.edu/api/access/datafile/10342988,L5R,Grade_C,960x1440,JPEG,CC0 1.0 Universal (public domain dedication),2026-08-05,10342988,20eb05af96946969c223b6604db4b900,manispaa_2946.jpg,quality digit 5 = Low quality -> Grade_C,1793.91
C_L5R_10343725.jpg,"Tobacco leaves dataset (Virginia flue-cured, Tanzania)",https://dataverse.harvard.edu/api/access/datafile/10343725,L5R,Grade_C,960x1440,JPEG,CC0 1.0 Universal (public domain dedication),2026-08-05,10343725,7ee152d103a3816e1ff236ef3f0caec4,uyui_2440.jpg,quality digit 5 = Low quality -> Grade_C,1543.77
C_L5R_10342794.jpg,"Tobacco leaves dataset (Virginia flue-cured, Tanzania)",https://dataverse.harvard.edu/api/access/datafile/10342794,L5R,Grade_C,960x1440,JPEG,CC0 1.0 Universal (public domain dedication),2026-08-05,10342794,0f9302faa87e382103a1f11752f9da73,kaliua_9581.jpg,quality digit 5 = Low quality -> Grade_C,3174.59
C_L5R_10342679.jpg,"Tobacco leaves dataset (Virginia flue-cured, Tanzania)",https://dataverse.harvard.edu/api/access/datafile/10342679,L5R,Grade_C,960x1440,JPEG,CC0 1.0 Universal (public domain dedication),2026-08-05,10342679,703498559aa214203dfc234afa79f1c8,manispaa_3173.jpg,quality digit 5 = Low quality -> Grade_C,3214.98
C_L5R_10342843.jpg,"Tobacco leaves dataset (Virginia flue-cured, Tanzania)",https://dataverse.harvard.edu/api/access/datafile/10342843,L5R,Grade_C,960x1440,JPEG,CC0 1.0 Universal (public domain dedication),2026-08-05,10342843,4d7ba49396dd8e0c8e113dd1c43c17ca,manispaa_3098.jpg,quality digit 5 = Low quality -> Grade_C,3335.06
C_L5R_10343756.jpg,"Tobacco leaves dataset (Virginia flue-cured, Tanzania)",https://dataverse.harvard.edu/api/access/datafile/10343756,L5R,Grade_C,960x1440,JPEG,CC0 1.0 Universal (public domain dedication),2026-08-05,10343756,538d263855e1d7a4022d3ddf52dfe21c,uyui_12606.jpg,quality digit 5 = Low quality -> Grade_C,3410.23
C_L5R_10343441.jpg,"Tobacco leaves dataset (Virginia flue-cured, Tanzania)",https://dataverse.harvard.edu/api/access/datafile/10343441,L5R,Grade_C,960x1440,JPEG,CC0 1.0 Universal (public domain dedication),2026-08-05,10343441,a5be02708e7ea7fed9784276fa9bf9d1,manispaa_9496.jpg,quality digit 5 = Low quality -> Grade_C,2760.31
C_L5R_10343028.jpg,"Tobacco leaves dataset (Virginia flue-cured, Tanzania)",https://dataverse.harvard.edu/api/access/datafile/10343028,L5R,Grade_C,960x1440,JPEG,CC0 1.0 Universal (public domain dedication),2026-08-05,10343028,407dd245c790cdd823a1bd71ac410d53,manispaa_11966.jpg,quality digit 5 = Low quality -> Grade_C,2093.57
C_L5R_10343259.jpg,"Tobacco leaves dataset (Virginia flue-cured, Tanzania)",https://dataverse.harvard.edu/api/access/datafile/10343259,L5R,Grade_C,960x1440,JPEG,CC0 1.0 Universal (public domain dedication),2026-08-05,10343259,9c5598fa0e40cd645695eb6656da95fa,kaliua_4976.jpg,quality digit 5 = Low quality -> Grade_C,2038.55
C_L5R_10342909.jpg,"Tobacco leaves dataset (Virginia flue-cured, Tanzania)",https://dataverse.harvard.edu/api/access/datafile/10342909,L5R,Grade_C,960x1440,JPEG,CC0 1.0 Universal (public domain dedication),2026-08-05,10342909,ad65534a01f742ec8d43ccecc3e52dc9,manispaa_11894.jpg,quality digit 5 = Low quality -> Grade_C,2837.84
C_L5R_10343752.jpg,"Tobacco leaves dataset (Virginia flue-cured, Tanzania)",https://dataverse.harvard.edu/api/access/datafile/10343752,L5R,Grade_C,960x1440,JPEG,CC0 1.0 Universal (public domain dedication),2026-08-05,10343752,9f855b2944a6d564dfffefc18ad3d364,uyui_2474.jpg,quality digit 5 = Low quality -> Grade_C,1748.45
C_L5R_10342789.jpg,"Tobacco leaves dataset (Virginia flue-cured, Tanzania)",https://dataverse.harvard.edu/api/access/datafile/10342789,L5R,Grade_C,960x1440,JPEG,CC0 1.0 Universal (public domain dedication),2026-08-05,10342789,504c3d10e0d3bdd9393bef9a82516ae5,kaliua_12700.jpg,quality digit 5 = Low quality -> Grade_C,2462.92
C_L5R_10342609.jpg,"Tobacco leaves dataset (Virginia flue-cured, Tanzania)",https://dataverse.harvard.edu/api/access/datafile/10342609,L5R,Grade_C,960x1440,JPEG,CC0 1.0 Universal (public domain dedication),2026-08-05,10342609,303a38f974a1ed250a239d0db9edc094,manispaa_2898.jpg,quality digit 5 = Low quality -> Grade_C,1909.18
C_L5R_10343261.jpg,"Tobacco leaves dataset (Virginia flue-cured, Tanzania)",https://dataverse.harvard.edu/api/access/datafile/10343261,L5R,Grade_C,960x1440,JPEG,CC0 1.0 Universal (public domain dedication),2026-08-05,10343261,aa82c98a122b473881b23f3312e18877,kaliua_12542.jpg,quality digit 5 = Low quality -> Grade_C,2555.68
C_L5R_10343677.jpg,"Tobacco leaves dataset (Virginia flue-cured, Tanzania)",https://dataverse.harvard.edu/api/access/datafile/10343677,L5R,Grade_C,960x1440,JPEG,CC0 1.0 Universal (public domain dedication),2026-08-05,10343677,ade152aba65728b6079b4184d733434b,uyui_9551.jpg,quality digit 5 = Low quality -> Grade_C,1960.18
C_L5R_10343619.jpg,"Tobacco leaves dataset (Virginia flue-cured, Tanzania)",https://dataverse.harvard.edu/api/access/datafile/10343619,L5R,Grade_C,960x1440,JPEG,CC0 1.0 Universal (public domain dedication),2026-08-05,10343619,4e2c451555c960019678502d6d280964,uyui_15391.jpg,quality digit 5 = Low quality -> Grade_C,2736.68
C_L5R_10343149.jpg,"Tobacco leaves dataset (Virginia flue-cured, Tanzania)",https://dataverse.harvard.edu/api/access/datafile/10343149,L5R,Grade_C,960x1440,JPEG,CC0 1.0 Universal (public domain dedication),2026-08-05,10343149,221592235bd790f427755463a35c65cc,kaliua_4970.jpg,quality digit 5 = Low quality -> Grade_C,1606.46
C_L5R_10343002.jpg,"Tobacco leaves dataset (Virginia flue-cured, Tanzania)",https://dataverse.harvard.edu/api/access/datafile/10343002,L5R,Grade_C,960x1440,JPEG,CC0 1.0 Universal (public domain dedication),2026-08-05,10343002,f7657cfe34c4a25c517ceccc4f420898,kaliua_4971.jpg,quality digit 5 = Low quality -> Grade_C,2130.6
C_L5R_10342927.jpg,"Tobacco leaves dataset (Virginia flue-cured, Tanzania)",https://dataverse.harvard.edu/api/access/datafile/10342927,L5R,Grade_C,960x1440,JPEG,CC0 1.0 Universal (public domain dedication),2026-08-05,10342927,bb5d7e354ac33ca02d634b01b3c0a821,kaliua_12662.jpg,quality digit 5 = Low quality -> Grade_C,2922.29
C_L5R_10342716.jpg,"Tobacco leaves dataset (Virginia flue-cured, Tanzania)",https://dataverse.harvard.edu/api/access/datafile/10342716,L5R,Grade_C,960x1440,JPEG,CC0 1.0 Universal (public domain dedication),2026-08-05,10342716,433810bd50011455dd9ddee64d8551e2,kaliua_4985.jpg,quality digit 5 = Low quality -> Grade_C,1949.75
C_L5R_10342697.jpg,"Tobacco leaves dataset (Virginia flue-cured, Tanzania)",https://dataverse.harvard.edu/api/access/datafile/10342697,L5R,Grade_C,960x1440,JPEG,CC0 1.0 Universal (public domain dedication),2026-08-05,10342697,01be0d58db453fc9f0908799a9bf6549,manispaa_11860.jpg,quality digit 5 = Low quality -> Grade_C,3017.94
C_L5R_10343750.jpg,"Tobacco leaves dataset (Virginia flue-cured, Tanzania)",https://dataverse.harvard.edu/api/access/datafile/10343750,L5R,Grade_C,960x1440,JPEG,CC0 1.0 Universal (public domain dedication),2026-08-05,10343750,22f7bf7bbe1411977015bffca4742ea9,manispaa_9570.jpg,quality digit 5 = Low quality -> Grade_C,2669.04
C_L5R_10343591.jpg,"Tobacco leaves dataset (Virginia flue-cured, Tanzania)",https://dataverse.harvard.edu/api/access/datafile/10343591,L5R,Grade_C,960x1440,JPEG,CC0 1.0 Universal (public domain dedication),2026-08-05,10343591,7326f0b8b5659661eac3751110f1e260,manispaa_6310.jpg,quality digit 5 = Low quality -> Grade_C,2661.11
C_L5R_10343097.jpg,"Tobacco leaves dataset (Virginia flue-cured, Tanzania)",https://dataverse.harvard.edu/api/access/datafile/10343097,L5R,Grade_C,960x1440,JPEG,CC0 1.0 Universal (public domain dedication),2026-08-05,10343097,7b5d7f75cd2b46fff7e4cf5a096f5810,manispaa_11868.jpg,quality digit 5 = Low quality -> Grade_C,3127.68
C_L5R_10343016.jpg,"Tobacco leaves dataset (Virginia flue-cured, Tanzania)",https://dataverse.harvard.edu/api/access/datafile/10343016,L5R,Grade_C,960x1440,JPEG,CC0 1.0 Universal (public domain dedication),2026-08-05,10343016,a108383e74895bbbff723deb7c5ee81b,kaliua_4986.jpg,quality digit 5 = Low quality -> Grade_C,1938.36
C_L5R_10343681.jpg,"Tobacco leaves dataset (Virginia flue-cured, Tanzania)",https://dataverse.harvard.edu/api/access/datafile/10343681,L5R,Grade_C,960x1440,JPEG,CC0 1.0 Universal (public domain dedication),2026-08-05,10343681,eafbb97ce163162ca558c8e33e97d796,manispaa_9565.jpg,quality digit 5 = Low quality -> Grade_C,2332.88
C_L5R_10343344.jpg,"Tobacco leaves dataset (Virginia flue-cured, Tanzania)",https://dataverse.harvard.edu/api/access/datafile/10343344,L5R,Grade_C,960x1440,JPEG,CC0 1.0 Universal (public domain dedication),2026-08-05,10343344,37a0af7c1c110f3d5d996142d1b81d1e,kaliua_12640.jpg,quality digit 5 = Low quality -> Grade_C,2715.95
C_L5R_10343263.jpg,"Tobacco leaves dataset (Virginia flue-cured, Tanzania)",https://dataverse.harvard.edu/api/access/datafile/10343263,L5R,Grade_C,960x1440,JPEG,CC0 1.0 Universal (public domain dedication),2026-08-05,10343263,b2e10600e551879b5ae2360560753cab,kaliua_12518.jpg,quality digit 5 = Low quality -> Grade_C,2738.3
C_L5R_10342573.jpg,"Tobacco leaves dataset (Virginia flue-cured, Tanzania)",https://dataverse.harvard.edu/api/access/datafile/10342573,L5R,Grade_C,960x1440,JPEG,CC0 1.0 Universal (public domain dedication),2026-08-05,10342573,98b50ddd5cd6108c863486803e13917e,manispaa_3177.jpg,quality digit 5 = Low quality -> Grade_C,2132.92
C_L5R_10342936.jpg,"Tobacco leaves dataset (Virginia flue-cured, Tanzania)",https://dataverse.harvard.edu/api/access/datafile/10342936,L5R,Grade_C,960x1440,JPEG,CC0 1.0 Universal (public domain dedication),2026-08-05,10342936,87430045a754a159d1faaca38b51de69,manispaa_3083.jpg,quality digit 5 = Low quality -> Grade_C,2850.29
C_L5R_10343045.jpg,"Tobacco leaves dataset (Virginia flue-cured, Tanzania)",https://dataverse.harvard.edu/api/access/datafile/10343045,L5R,Grade_C,960x1440,JPEG,CC0 1.0 Universal (public domain dedication),2026-08-05,10343045,8f2cc519bac5dac76c2adfcf127c291c,kaliua_12597.jpg,quality digit 5 = Low quality -> Grade_C,2177.81
C_L5R_10343502.jpg,"Tobacco leaves dataset (Virginia flue-cured, Tanzania)",https://dataverse.harvard.edu/api/access/datafile/10343502,L5R,Grade_C,960x1440,JPEG,CC0 1.0 Universal (public domain dedication),2026-08-05,10343502,d1a326ed8c4a91c43d31502fef55e742,uyui_9547.jpg,quality digit 5 = Low quality -> Grade_C,1833.91
C_L5R_10343703.jpg,"Tobacco leaves dataset (Virginia flue-cured, Tanzania)",https://dataverse.harvard.edu/api/access/datafile/10343703,L5R,Grade_C,960x1440,JPEG,CC0 1.0 Universal (public domain dedication),2026-08-05,10343703,378ff9a36821b64e70f5835ffb6913c6,manispaa_6324.jpg,quality digit 5 = Low quality -> Grade_C,2388.55
C_L5R_10343796.jpg,"Tobacco leaves dataset (Virginia flue-cured, Tanzania)",https://dataverse.harvard.edu/api/access/datafile/10343796,L5R,Grade_C,960x1440,JPEG,CC0 1.0 Universal (public domain dedication),2026-08-05,10343796,50a0bb024dbcd01bb71d2da6d26eb65d,uyui_9523.jpg,quality digit 5 = Low quality -> Grade_C,1433.92
C_L5R_10342470.jpg,"Tobacco leaves dataset (Virginia flue-cured, Tanzania)",https://dataverse.harvard.edu/api/access/datafile/10342470,L5R,Grade_C,960x1440,JPEG,CC0 1.0 Universal (public domain dedication),2026-08-05,10342470,67313c81a7d5126b5dd464435135377b,kaliua_12554.jpg,quality digit 5 = Low quality -> Grade_C,2652.37
C_L5R_10342902.jpg,"Tobacco leaves dataset (Virginia flue-cured, Tanzania)",https://dataverse.harvard.edu/api/access/datafile/10342902,L5R,Grade_C,960x1440,JPEG,CC0 1.0 Universal (public domain dedication),2026-08-05,10342902,8cae3f500d1a040c744425ac4058f53f,kaliua_4996.jpg,quality digit 5 = Low quality -> Grade_C,1435.37
C_L5R_10343416.jpg,"Tobacco leaves dataset (Virginia flue-cured, Tanzania)",https://dataverse.harvard.edu/api/access/datafile/10343416,L5R,Grade_C,960x1440,JPEG,CC0 1.0 Universal (public domain dedication),2026-08-05,10343416,0f8bc590ac74f1fe1a7a50fe9d076bac,manispaa_9571.jpg,quality digit 5 = Low quality -> Grade_C,2821.14
C_L5R_10342682.jpg,"Tobacco leaves dataset (Virginia flue-cured, Tanzania)",https://dataverse.harvard.edu/api/access/datafile/10342682,L5R,Grade_C,960x1440,JPEG,CC0 1.0 Universal (public domain dedication),2026-08-05,10342682,436c73da5cfa011e3ee026bac28a7f08,kaliua_5015.jpg,quality digit 5 = Low quality -> Grade_C,1721.41
C_L5R_10342516.jpg,"Tobacco leaves dataset (Virginia flue-cured, Tanzania)",https://dataverse.harvard.edu/api/access/datafile/10342516,L5R,Grade_C,960x1440,JPEG,CC0 1.0 Universal (public domain dedication),2026-08-05,10342516,481c219f1a442348903cfbf421f96791,manispaa_3170.jpg,quality digit 5 = Low quality -> Grade_C,3173.26
C_L5R_10342533.jpg,"Tobacco leaves dataset (Virginia flue-cured, Tanzania)",https://dataverse.harvard.edu/api/access/datafile/10342533,L5R,Grade_C,960x1440,JPEG,CC0 1.0 Universal (public domain dedication),2026-08-05,10342533,b24d698e183e3858dcf902a355bc4525,kaliua_4977.jpg,quality digit 5 = Low quality -> Grade_C,2112.54
C_L5R_10342650.jpg,"Tobacco leaves dataset (Virginia flue-cured, Tanzania)",https://dataverse.harvard.edu/api/access/datafile/10342650,L5R,Grade_C,960x1440,JPEG,CC0 1.0 Universal (public domain dedication),2026-08-05,10342650,661241461d41353a3a3acf59c892ea6a,manispaa_2974.jpg,quality digit 5 = Low quality -> Grade_C,2061.0
C_L5R_10342779.jpg,"Tobacco leaves dataset (Virginia flue-cured, Tanzania)",https://dataverse.harvard.edu/api/access/datafile/10342779,L5R,Grade_C,960x1440,JPEG,CC0 1.0 Universal (public domain dedication),2026-08-05,10342779,5d859aa1c1fbab0c0c7a88a69638c28d,kaliua_12473.jpg,quality digit 5 = Low quality -> Grade_C,2876.46
C_L5R_10343150.jpg,"Tobacco leaves dataset (Virginia flue-cured, Tanzania)",https://dataverse.harvard.edu/api/access/datafile/10343150,L5R,Grade_C,960x1440,JPEG,CC0 1.0 Universal (public domain dedication),2026-08-05,10343150,26ad0e2252d7e5f6a643ab4413d0347a,manispaa_3135.jpg,quality digit 5 = Low quality -> Grade_C,2717.4
C_L5R_10343426.jpg,"Tobacco leaves dataset (Virginia flue-cured, Tanzania)",https://dataverse.harvard.edu/api/access/datafile/10343426,L5R,Grade_C,960x1440,JPEG,CC0 1.0 Universal (public domain dedication),2026-08-05,10343426,6cac8b8f81ba5df41b85f6ebd4b896fb,uyui_2439.jpg,quality digit 5 = Low quality -> Grade_C,1708.31
C_L5R_10342935.jpg,"Tobacco leaves dataset (Virginia flue-cured, Tanzania)",https://dataverse.harvard.edu/api/access/datafile/10342935,L5R,Grade_C,960x1440,JPEG,CC0 1.0 Universal (public domain dedication),2026-08-05,10342935,6297334101af42aa3a56e0252723370f,manispaa_11911.jpg,quality digit 5 = Low quality -> Grade_C,2668.15
C_L5R_10342538.jpg,"Tobacco leaves dataset (Virginia flue-cured, Tanzania)",https://dataverse.harvard.edu/api/access/datafile/10342538,L5R,Grade_C,960x1440,JPEG,CC0 1.0 Universal (public domain dedication),2026-08-05,10342538,c5db3c3bc8db47b92c05a8944e3c3875,manispaa_11996.jpg,quality digit 5 = Low quality -> Grade_C,2724.26
C_L5R_10343432.jpg,"Tobacco leaves dataset (Virginia flue-cured, Tanzania)",https://dataverse.harvard.edu/api/access/datafile/10343432,L5R,Grade_C,960x1440,JPEG,CC0 1.0 Universal (public domain dedication),2026-08-05,10343432,2e09598a696b8e5b258293a69e6c2ed8,uyui_2459.jpg,quality digit 5 = Low quality -> Grade_C,1784.21
C_L5R_10342960.jpg,"Tobacco leaves dataset (Virginia flue-cured, Tanzania)",https://dataverse.harvard.edu/api/access/datafile/10342960,L5R,Grade_C,960x1440,JPEG,CC0 1.0 Universal (public domain dedication),2026-08-05,10342960,b6dfbba853432d31f16ab9a4a94aa537,manispaa_12011.jpg,quality digit 5 = Low quality -> Grade_C,2887.87
C_L5R_10342555.jpg,"Tobacco leaves dataset (Virginia flue-cured, Tanzania)",https://dataverse.harvard.edu/api/access/datafile/10342555,L5R,Grade_C,960x1440,JPEG,CC0 1.0 Universal (public domain dedication),2026-08-05,10342555,ea216e2514f6664cbbea143bcbb5c956,manispaa_3163.jpg,quality digit 5 = Low quality -> Grade_C,3064.8
C_L5R_10343071.jpg,"Tobacco leaves dataset (Virginia flue-cured, Tanzania)",https://dataverse.harvard.edu/api/access/datafile/10343071,L5R,Grade_C,960x1440,JPEG,CC0 1.0 Universal (public domain dedication),2026-08-05,10343071,4be765d7ddd9238aad80ccdacd3b9e6b,manispaa_11995.jpg,quality digit 5 = Low quality -> Grade_C,2509.9
C_L5R_10342509.jpg,"Tobacco leaves dataset (Virginia flue-cured, Tanzania)",https://dataverse.harvard.edu/api/access/datafile/10342509,L5R,Grade_C,960x1440,JPEG,CC0 1.0 Universal (public domain dedication),2026-08-05,10342509,cbad1c08311ca36a4f8576dba97ecb9f,manispaa_11969.jpg,quality digit 5 = Low quality -> Grade_C,2824.74
C_L5R_10343640.jpg,"Tobacco leaves dataset (Virginia flue-cured, Tanzania)",https://dataverse.harvard.edu/api/access/datafile/10343640,L5R,Grade_C,960x1440,JPEG,CC0 1.0 Universal (public domain dedication),2026-08-05,10343640,2471857b86fef097e65e0812c350fe28,uyui_2469.jpg,quality digit 5 = Low quality -> Grade_C,1586.83
C_L5R_10343535.jpg,"Tobacco leaves dataset (Virginia flue-cured, Tanzania)",https://dataverse.harvard.edu/api/access/datafile/10343535,L5R,Grade_C,960x1440,JPEG,CC0 1.0 Universal (public domain dedication),2026-08-05,10343535,a8377b0fcc2baa7213f3dda4f0938f57,uyui_2489.jpg,quality digit 5 = Low quality -> Grade_C,1679.0
C_L5R_10343795.jpg,"Tobacco leaves dataset (Virginia flue-cured, Tanzania)",https://dataverse.harvard.edu/api/access/datafile/10343795,L5R,Grade_C,960x1440,JPEG,CC0 1.0 Universal (public domain dedication),2026-08-05,10343795,c466d5d37d6f211c91eef4cf49d00bb5,uyui_2498.jpg,quality digit 5 = Low quality -> Grade_C,2017.86
C_L5R_10343164.jpg,"Tobacco leaves dataset (Virginia flue-cured, Tanzania)",https://dataverse.harvard.edu/api/access/datafile/10343164,L5R,Grade_C,960x1440,JPEG,CC0 1.0 Universal (public domain dedication),2026-08-05,10343164,6a85d7ad510e456a1d70291bc51fee11,manispaa_2936.jpg,quality digit 5 = Low quality -> Grade_C,2269.35
C_L5R_10342654.jpg,"Tobacco leaves dataset (Virginia flue-cured, Tanzania)",https://dataverse.harvard.edu/api/access/datafile/10342654,L5R,Grade_C,960x1440,JPEG,CC0 1.0 Universal (public domain dedication),2026-08-05,10342654,2c80bf65e8adefaafcffb9446c6d5c43,kaliua_12502.jpg,quality digit 5 = Low quality -> Grade_C,2912.59
C_L5R_10342515.jpg,"Tobacco leaves dataset (Virginia flue-cured, Tanzania)",https://dataverse.harvard.edu/api/access/datafile/10342515,L5R,Grade_C,960x1440,JPEG,CC0 1.0 Universal (public domain dedication),2026-08-05,10342515,838972ee0958a05be008718d5f2f9f18,manispaa_11977.jpg,quality digit 5 = Low quality -> Grade_C,2815.35
C_L5R_10343054.jpg,"Tobacco leaves dataset (Virginia flue-cured, Tanzania)",https://dataverse.harvard.edu/api/access/datafile/10343054,L5R,Grade_C,960x1440,JPEG,CC0 1.0 Universal (public domain dedication),2026-08-05,10343054,38441c720a523e05b71c5c1a329cde8d,manispaa_2918.jpg,quality digit 5 = Low quality -> Grade_C,1797.32
C_L5R_10343012.jpg,"Tobacco leaves dataset (Virginia flue-cured, Tanzania)",https://dataverse.harvard.edu/api/access/datafile/10343012,L5R,Grade_C,960x1440,JPEG,CC0 1.0 Universal (public domain dedication),2026-08-05,10343012,d26a95bb3220135e99c59f7fdfad364b,manispaa_3047.jpg,quality digit 5 = Low quality -> Grade_C,3574.35
C_L5R_10342704.jpg,"Tobacco leaves dataset (Virginia flue-cured, Tanzania)",https://dataverse.harvard.edu/api/access/datafile/10342704,L5R,Grade_C,960x1440,JPEG,CC0 1.0 Universal (public domain dedication),2026-08-05,10342704,fc8a8845df9d29f05b112f331857d4a6,manispaa_12012.jpg,quality digit 5 = Low quality -> Grade_C,3225.07
C_L5R_10342508.jpg,"Tobacco leaves dataset (Virginia flue-cured, Tanzania)",https://dataverse.harvard.edu/api/access/datafile/10342508,L5R,Grade_C,960x1440,JPEG,CC0 1.0 Universal (public domain dedication),2026-08-05,10342508,89b6be70b2d7b8397080656fb77ddab0,manispaa_3030.jpg,quality digit 5 = Low quality -> Grade_C,3443.98
C_L5R_10343472.jpg,"Tobacco leaves dataset (Virginia flue-cured, Tanzania)",https://dataverse.harvard.edu/api/access/datafile/10343472,L5R,Grade_C,960x1440,JPEG,CC0 1.0 Universal (public domain dedication),2026-08-05,10343472,02e2ece66271ea1aaafdc14d2169da56,uyui_2475.jpg,quality digit 5 = Low quality -> Grade_C,1833.73
C_L5R_10342620.jpg,"Tobacco leaves dataset (Virginia flue-cured, Tanzania)",https://dataverse.harvard.edu/api/access/datafile/10342620,L5R,Grade_C,960x1440,JPEG,CC0 1.0 Universal (public domain dedication),2026-08-05,10342620,03b0d2901f3658728a682815fe57953c,manispaa_11857.jpg,quality digit 5 = Low quality -> Grade_C,3215.54
C_L5R_10342955.jpg,"Tobacco leaves dataset (Virginia flue-cured, Tanzania)",https://dataverse.harvard.edu/api/access/datafile/10342955,L5R,Grade_C,960x1440,JPEG,CC0 1.0 Universal (public domain dedication),2026-08-05,10342955,8198853d435abee6458ecd96a9b429bf,kaliua_12460.jpg,quality digit 5 = Low quality -> Grade_C,2962.45
C_L5R_10343720.jpg,"Tobacco leaves dataset (Virginia flue-cured, Tanzania)",https://dataverse.harvard.edu/api/access/datafile/10343720,L5R,Grade_C,960x1440,JPEG,CC0 1.0 Universal (public domain dedication),2026-08-05,10343720,1cde07a90a867f33ff507a00a8e98b40,uyui_9508.jpg,quality digit 5 = Low quality -> Grade_C,1889.2
C_L5R_10342968.jpg,"Tobacco leaves dataset (Virginia flue-cured, Tanzania)",https://dataverse.harvard.edu/api/access/datafile/10342968,L5R,Grade_C,960x1440,JPEG,CC0 1.0 Universal (public domain dedication),2026-08-05,10342968,5f7648c3958ef1c86e87adc1775b008d,kaliua_12501.jpg,quality digit 5 = Low quality -> Grade_C,2628.97
C_L5R_10343754.jpg,"Tobacco leaves dataset (Virginia flue-cured, Tanzania)",https://dataverse.harvard.edu/api/access/datafile/10343754,L5R,Grade_C,960x1440,JPEG,CC0 1.0 Universal (public domain dedication),2026-08-05,10343754,26e50ba1af755f42cbfe2dce2a4ad03c,manispaa_9533.jpg,quality digit 5 = Low quality -> Grade_C,2529.35
C_L5R_10343136.jpg,"Tobacco leaves dataset (Virginia flue-cured, Tanzania)",https://dataverse.harvard.edu/api/access/datafile/10343136,L5R,Grade_C,960x1440,JPEG,CC0 1.0 Universal (public domain dedication),2026-08-05,10343136,c1d91f1bc925ea00c8d83fcce149daf7,kaliua_5033.jpg,quality digit 5 = Low quality -> Grade_C,1709.36
C_L5R_10343741.jpg,"Tobacco leaves dataset (Virginia flue-cured, Tanzania)",https://dataverse.harvard.edu/api/access/datafile/10343741,L5R,Grade_C,960x1440,JPEG,CC0 1.0 Universal (public domain dedication),2026-08-05,10343741,de6e56efc77b618372007c0a5af2f027,uyui_12605.jpg,quality digit 5 = Low quality -> Grade_C,3178.38
C_L5R_10343712.jpg,"Tobacco leaves dataset (Virginia flue-cured, Tanzania)",https://dataverse.harvard.edu/api/access/datafile/10343712,L5R,Grade_C,960x1440,JPEG,CC0 1.0 Universal (public domain dedication),2026-08-05,10343712,468a2b41e43d326995cb4f4daecbdfb2,uyui_9561.jpg,quality digit 5 = Low quality -> Grade_C,2085.91
C_L5R_10342660.jpg,"Tobacco leaves dataset (Virginia flue-cured, Tanzania)",https://dataverse.harvard.edu/api/access/datafile/10342660,L5R,Grade_C,960x1440,JPEG,CC0 1.0 Universal (public domain dedication),2026-08-05,10342660,97e79b32180ba04c25a3690fe64a1194,kaliua_5019.jpg,quality digit 5 = Low quality -> Grade_C,2761.6
C_L5R_10343049.jpg,"Tobacco leaves dataset (Virginia flue-cured, Tanzania)",https://dataverse.harvard.edu/api/access/datafile/10343049,L5R,Grade_C,960x1440,JPEG,CC0 1.0 Universal (public domain dedication),2026-08-05,10343049,4ece0ab58d8e9c4764f47471dd9e38f3,manispaa_11913.jpg,quality digit 5 = Low quality -> Grade_C,2804.83
C_L5R_10343615.jpg,"Tobacco leaves dataset (Virginia flue-cured, Tanzania)",https://dataverse.harvard.edu/api/access/datafile/10343615,L5R,Grade_C,960x1440,JPEG,CC0 1.0 Universal (public domain dedication),2026-08-05,10343615,2d3dfbb4d3c2699445278e58ea4b12ab,manispaa_9535.jpg,quality digit 5 = Low quality -> Grade_C,2571.67
C_L5R_10343721.jpg,"Tobacco leaves dataset (Virginia flue-cured, Tanzania)",https://dataverse.harvard.edu/api/access/datafile/10343721,L5R,Grade_C,960x1440,JPEG,CC0 1.0 Universal (public domain dedication),2026-08-05,10343721,0a1d1cd36e305b4b10dc48e39614429b,uyui_15326.jpg,quality digit 5 = Low quality -> Grade_C,3004.18
C_L5R_10342945.jpg,"Tobacco leaves dataset (Virginia flue-cured, Tanzania)",https://dataverse.harvard.edu/api/access/datafile/10342945,L5R,Grade_C,960x1440,JPEG,CC0 1.0 Universal (public domain dedication),2026-08-05,10342945,b8461d3f4edc86ff5bb0b37f60a0b30d,manispaa_11922.jpg,quality digit 5 = Low quality -> Grade_C,1770.52
C_L5R_10342767.jpg,"Tobacco leaves dataset (Virginia flue-cured, Tanzania)",https://dataverse.harvard.edu/api/access/datafile/10342767,L5R,Grade_C,960x1440,JPEG,CC0 1.0 Universal (public domain dedication),2026-08-05,10342767,7980227f55ca2903061f3fc6f70b310b,manispaa_2911.jpg,quality digit 5 = Low quality -> Grade_C,1485.8
C_L5R_10342691.jpg,"Tobacco leaves dataset (Virginia flue-cured, Tanzania)",https://dataverse.harvard.edu/api/access/datafile/10342691,L5R,Grade_C,960x1440,JPEG,CC0 1.0 Universal (public domain dedication),2026-08-05,10342691,e27c74e7fea36386189fb4892ffab713,kaliua_12520.jpg,quality digit 5 = Low quality -> Grade_C,2779.51
C_L5R_10343170.jpg,"Tobacco leaves dataset (Virginia flue-cured, Tanzania)",https://dataverse.harvard.edu/api/access/datafile/10343170,L5R,Grade_C,960x1440,JPEG,CC0 1.0 Universal (public domain dedication),2026-08-05,10343170,c1fc83989cf6a1cc9616cf4e51678dff,kaliua_4973.jpg,quality digit 5 = Low quality -> Grade_C,2144.78
C_L5R_10343126.jpg,"Tobacco leaves dataset (Virginia flue-cured, Tanzania)",https://dataverse.harvard.edu/api/access/datafile/10343126,L5R,Grade_C,960x1440,JPEG,CC0 1.0 Universal (public domain dedication),2026-08-05,10343126,1d4631766d62775cd713c9b45047239c,manispaa_14356.jpg,quality digit 5 = Low quality -> Grade_C,2477.44
C_L5R_10342517.jpg,"Tobacco leaves dataset (Virginia flue-cured, Tanzania)",https://dataverse.harvard.edu/api/access/datafile/10342517,L5R,Grade_C,960x1440,JPEG,CC0 1.0 Universal (public domain dedication),2026-08-05,10342517,d31303dc61a3b582f1ad0e4e2f0b07bc,manispaa_3028.jpg,quality digit 5 = Low quality -> Grade_C,3457.18
C_L5R_10343751.jpg,"Tobacco leaves dataset (Virginia flue-cured, Tanzania)",https://dataverse.harvard.edu/api/access/datafile/10343751,L5R,Grade_C,960x1440,JPEG,CC0 1.0 Universal (public domain dedication),2026-08-05,10343751,5518bec72dfe06b5472eff892d173927,manispaa_9516.jpg,quality digit 5 = Low quality -> Grade_C,2381.13
C_L5R_10342836.jpg,"Tobacco leaves dataset (Virginia flue-cured, Tanzania)",https://dataverse.harvard.edu/api/access/datafile/10342836,L5R,Grade_C,960x1440,JPEG,CC0 1.0 Universal (public domain dedication),2026-08-05,10342836,50c47fd4819d5f8b90f77f5b0fd98a99,manispaa_3042.jpg,quality digit 5 = Low quality -> Grade_C,3470.91
C_L5R_10342491.jpg,"Tobacco leaves dataset (Virginia flue-cured, Tanzania)",https://dataverse.harvard.edu/api/access/datafile/10342491,L5R,Grade_C,960x1440,JPEG,CC0 1.0 Universal (public domain dedication),2026-08-05,10342491,f4413c79c8c51256ab84d514a3aa0c0e,manispaa_3004.jpg,quality digit 5 = Low quality -> Grade_C,2854.11
C_L5R_10343254.jpg,"Tobacco leaves dataset (Virginia flue-cured, Tanzania)",https://dataverse.harvard.edu/api/access/datafile/10343254,L5R,Grade_C,960x1440,JPEG,CC0 1.0 Universal (public domain dedication),2026-08-05,10343254,9e1138d72c42e5254f12e7317cdeffcb,manispaa_11804.jpg,quality digit 5 = Low quality -> Grade_C,3446.99
C_L5R_10342940.jpg,"Tobacco leaves dataset (Virginia flue-cured, Tanzania)",https://dataverse.harvard.edu/api/access/datafile/10342940,L5R,Grade_C,960x1440,JPEG,CC0 1.0 Universal (public domain dedication),2026-08-05,10342940,8104f53e9aea2592a93e45d7b677bf3e,kaliua_12499.jpg,quality digit 5 = Low quality -> Grade_C,2736.8
C_L4L_10334032.jpg,"Tobacco leaves dataset (Virginia flue-cured, Tanzania)",https://dataverse.harvard.edu/api/access/datafile/10334032,L4L,Grade_C,960x1440,JPEG,CC0 1.0 Universal (public domain dedication),2026-08-05,10334032,cce2e74a6cdbf2a7d1504cae09139459,manispaa_14002.jpg,quality digit 4 = Fair quality -> Grade_C,3385.81
C_L4L_10334275.jpg,"Tobacco leaves dataset (Virginia flue-cured, Tanzania)",https://dataverse.harvard.edu/api/access/datafile/10334275,L4L,Grade_C,960x1440,JPEG,CC0 1.0 Universal (public domain dedication),2026-08-05,10334275,d6b3dfc7f514125637fb2cb56be91295,kaliua_1891.jpg,quality digit 4 = Fair quality -> Grade_C,3813.58
C_L4L_10334444.jpg,"Tobacco leaves dataset (Virginia flue-cured, Tanzania)",https://dataverse.harvard.edu/api/access/datafile/10334444,L4L,Grade_C,960x1440,JPEG,CC0 1.0 Universal (public domain dedication),2026-08-05,10334444,fc897a25009173f3f508ead514e52da0,manispaa_8854.jpg,quality digit 4 = Fair quality -> Grade_C,2053.17
C_L4L_10334118.jpg,"Tobacco leaves dataset (Virginia flue-cured, Tanzania)",https://dataverse.harvard.edu/api/access/datafile/10334118,L4L,Grade_C,960x1440,JPEG,CC0 1.0 Universal (public domain dedication),2026-08-05,10334118,7a00d1b545aef67eeacdf46f15235477,manispaa_14021.jpg,quality digit 4 = Fair quality -> Grade_C,3149.34
C_L4L_10334597.jpg,"Tobacco leaves dataset (Virginia flue-cured, Tanzania)",https://dataverse.harvard.edu/api/access/datafile/10334597,L4L,Grade_C,960x1440,JPEG,CC0 1.0 Universal (public domain dedication),2026-08-05,10334597,8adb4c8cb5b084b0a18695772e255f66,uyui_5368.jpg,quality digit 4 = Fair quality -> Grade_C,2895.43
C_L4L_10334692.jpg,"Tobacco leaves dataset (Virginia flue-cured, Tanzania)",https://dataverse.harvard.edu/api/access/datafile/10334692,L4L,Grade_C,960x1440,JPEG,CC0 1.0 Universal (public domain dedication),2026-08-05,10334692,23b1d2462a4113c698abf5cfa7e15ca1,manispaa_5281.jpg,quality digit 4 = Fair quality -> Grade_C,2385.17
C_L4L_10334575.jpg,"Tobacco leaves dataset (Virginia flue-cured, Tanzania)",https://dataverse.harvard.edu/api/access/datafile/10334575,L4L,Grade_C,960x1440,JPEG,CC0 1.0 Universal (public domain dedication),2026-08-05,10334575,9668078e4dcff38241da5b53eb82c6ea,uyui_11509.jpg,quality digit 4 = Fair quality -> Grade_C,2605.7
C_L4L_10333803.jpg,"Tobacco leaves dataset (Virginia flue-cured, Tanzania)",https://dataverse.harvard.edu/api/access/datafile/10333803,L4L,Grade_C,960x1440,JPEG,CC0 1.0 Universal (public domain dedication),2026-08-05,10333803,168da2ec1bd7724d69b01c6f20cece6f,kaliua_1941.jpg,quality digit 4 = Fair quality -> Grade_C,2756.54
C_L4L_10333755.jpg,"Tobacco leaves dataset (Virginia flue-cured, Tanzania)",https://dataverse.harvard.edu/api/access/datafile/10333755,L4L,Grade_C,960x1440,JPEG,CC0 1.0 Universal (public domain dedication),2026-08-05,10333755,21ef614caf171f75abd86920d78e7432,kaliua_1758.jpg,quality digit 4 = Fair quality -> Grade_C,3431.94
C_L4L_10334251.jpg,"Tobacco leaves dataset (Virginia flue-cured, Tanzania)",https://dataverse.harvard.edu/api/access/datafile/10334251,L4L,Grade_C,960x1440,JPEG,CC0 1.0 Universal (public domain dedication),2026-08-05,10334251,03efab3cbc56725de39c90e6b6853b2f,kaliua_1893.jpg,quality digit 4 = Fair quality -> Grade_C,4052.35
C_L4L_10334431.jpg,"Tobacco leaves dataset (Virginia flue-cured, Tanzania)",https://dataverse.harvard.edu/api/access/datafile/10334431,L4L,Grade_C,960x1440,JPEG,CC0 1.0 Universal (public domain dedication),2026-08-05,10334431,24fd1ad3fac93533e6780c4114c3991a,manispaa_5241.jpg,quality digit 4 = Fair quality -> Grade_C,2505.65
C_L4L_10334255.jpg,"Tobacco leaves dataset (Virginia flue-cured, Tanzania)",https://dataverse.harvard.edu/api/access/datafile/10334255,L4L,Grade_C,960x1440,JPEG,CC0 1.0 Universal (public domain dedication),2026-08-05,10334255,a4d781da87d1588728f15eb4fb60db17,kaliua_1868.jpg,quality digit 4 = Fair quality -> Grade_C,4189.19
C_L4L_10334414.jpg,"Tobacco leaves dataset (Virginia flue-cured, Tanzania)",https://dataverse.harvard.edu/api/access/datafile/10334414,L4L,Grade_C,960x1440,JPEG,CC0 1.0 Universal (public domain dedication),2026-08-05,10334414,fccea967cce5e72d891899d94e95135d,uyui_5491.jpg,quality digit 4 = Fair quality -> Grade_C,2053.68
C_L4L_10333730.jpg,"Tobacco leaves dataset (Virginia flue-cured, Tanzania)",https://dataverse.harvard.edu/api/access/datafile/10333730,L4L,Grade_C,960x1440,JPEG,CC0 1.0 Universal (public domain dedication),2026-08-05,10333730,7fcebe4e337733949c81dcaffa8acc56,kaliua_7838.jpg,quality digit 4 = Fair quality -> Grade_C,3211.38
C_L4L_10334685.jpg,"Tobacco leaves dataset (Virginia flue-cured, Tanzania)",https://dataverse.harvard.edu/api/access/datafile/10334685,L4L,Grade_C,960x1440,JPEG,CC0 1.0 Universal (public domain dedication),2026-08-05,10334685,9317751b99689df7de80fac9ec2eead5,manispaa_8830.jpg,quality digit 4 = Fair quality -> Grade_C,2741.53
C_L4L_10333978.jpg,"Tobacco leaves dataset (Virginia flue-cured, Tanzania)",https://dataverse.harvard.edu/api/access/datafile/10333978,L4L,Grade_C,960x1440,JPEG,CC0 1.0 Universal (public domain dedication),2026-08-05,10333978,2c6739275a84c054861921eb617b07a7,manispaa_2444.jpg,quality digit 4 = Fair quality -> Grade_C,3135.48
C_L4L_10334500.jpg,"Tobacco leaves dataset (Virginia flue-cured, Tanzania)",https://dataverse.harvard.edu/api/access/datafile/10334500,L4L,Grade_C,960x1440,JPEG,CC0 1.0 Universal (public domain dedication),2026-08-05,10334500,4c0dddc1988dcb6c233b1390b552b673,manispaa_5344.jpg,quality digit 4 = Fair quality -> Grade_C,3187.05
C_L4L_10334967.jpg,"Tobacco leaves dataset (Virginia flue-cured, Tanzania)",https://dataverse.harvard.edu/api/access/datafile/10334967,L4L,Grade_C,960x1440,JPEG,CC0 1.0 Universal (public domain dedication),2026-08-05,10334967,574b6bc93a2c32af7005efe1af19f820,uyui_11395.jpg,quality digit 4 = Fair quality -> Grade_C,3664.28
C_L4L_10334543.jpg,"Tobacco leaves dataset (Virginia flue-cured, Tanzania)",https://dataverse.harvard.edu/api/access/datafile/10334543,L4L,Grade_C,960x1440,JPEG,CC0 1.0 Universal (public domain dedication),2026-08-05,10334543,f29fef43f2d236b78bfcd125034b5797,uyui_5396.jpg,quality digit 4 = Fair quality -> Grade_C,3291.6
C_L4L_10333492.jpg,"Tobacco leaves dataset (Virginia flue-cured, Tanzania)",https://dataverse.harvard.edu/api/access/datafile/10333492,L4L,Grade_C,960x1440,JPEG,CC0 1.0 Universal (public domain dedication),2026-08-05,10333492,9018372f720ed90d90b6c2b0159003ab,manispaa_2417.jpg,quality digit 4 = Fair quality -> Grade_C,3078.55
C_L4L_10334508.jpg,"Tobacco leaves dataset (Virginia flue-cured, Tanzania)",https://dataverse.harvard.edu/api/access/datafile/10334508,L4L,Grade_C,960x1440,JPEG,CC0 1.0 Universal (public domain dedication),2026-08-05,10334508,b914e584de1aaa971ee5a9fe59feb872,uyui_5447.jpg,quality digit 4 = Fair quality -> Grade_C,3219.61
C_L4L_10333608.jpg,"Tobacco leaves dataset (Virginia flue-cured, Tanzania)",https://dataverse.harvard.edu/api/access/datafile/10333608,L4L,Grade_C,960x1440,JPEG,CC0 1.0 Universal (public domain dedication),2026-08-05,10333608,a2173545c92d37232d28ad67673e24d1,manispaa_5177.jpg,quality digit 4 = Fair quality -> Grade_C,4644.29
C_L4L_10334381.jpg,"Tobacco leaves dataset (Virginia flue-cured, Tanzania)",https://dataverse.harvard.edu/api/access/datafile/10334381,L4L,Grade_C,960x1440,JPEG,CC0 1.0 Universal (public domain dedication),2026-08-05,10334381,580f0a08623641caece9545ae4badec1,manispaa_5403.jpg,quality digit 4 = Fair quality -> Grade_C,2430.89
C_L4L_10333712.jpg,"Tobacco leaves dataset (Virginia flue-cured, Tanzania)",https://dataverse.harvard.edu/api/access/datafile/10333712,L4L,Grade_C,960x1440,JPEG,CC0 1.0 Universal (public domain dedication),2026-08-05,10333712,f6c55a2fde87df1cfff42e62d83a003a,manispaa_14023.jpg,quality digit 4 = Fair quality -> Grade_C,3001.3
C_L4L_10334793.jpg,"Tobacco leaves dataset (Virginia flue-cured, Tanzania)",https://dataverse.harvard.edu/api/access/datafile/10334793,L4L,Grade_C,960x1440,JPEG,CC0 1.0 Universal (public domain dedication),2026-08-05,10334793,a04c7e47b3e8708ff05ce85a1097f97b,uyui_11383.jpg,quality digit 4 = Fair quality -> Grade_C,3043.25
C_L4L_10334950.jpg,"Tobacco leaves dataset (Virginia flue-cured, Tanzania)",https://dataverse.harvard.edu/api/access/datafile/10334950,L4L,Grade_C,960x1440,JPEG,CC0 1.0 Universal (public domain dedication),2026-08-05,10334950,19cf1a16f8badeaabc6a068ac8a68e8d,uyui_5537.jpg,quality digit 4 = Fair quality -> Grade_C,2390.05
C_L4L_10334485.jpg,"Tobacco leaves dataset (Virginia flue-cured, Tanzania)",https://dataverse.harvard.edu/api/access/datafile/10334485,L4L,Grade_C,960x1440,JPEG,CC0 1.0 Universal (public domain dedication),2026-08-05,10334485,5e2a28478220246f2f848926fcffd8d2,uyui_9317.jpg,quality digit 4 = Fair quality -> Grade_C,3069.47
C_L4L_10334901.jpg,"Tobacco leaves dataset (Virginia flue-cured, Tanzania)",https://dataverse.harvard.edu/api/access/datafile/10334901,L4L,Grade_C,960x1440,JPEG,CC0 1.0 Universal (public domain dedication),2026-08-05,10334901,c1da5befa8ff3dbba6a5ae9d2e581e04,manispaa_8925.jpg,quality digit 4 = Fair quality -> Grade_C,1673.69
C_L4L_10334519.jpg,"Tobacco leaves dataset (Virginia flue-cured, Tanzania)",https://dataverse.harvard.edu/api/access/datafile/10334519,L4L,Grade_C,960x1440,JPEG,CC0 1.0 Universal (public domain dedication),2026-08-05,10334519,effe350c7a4e70ed6563ecf250a5ed28,manispaa_5340.jpg,quality digit 4 = Fair quality -> Grade_C,3270.46
C_L4L_10335012.jpg,"Tobacco leaves dataset (Virginia flue-cured, Tanzania)",https://dataverse.harvard.edu/api/access/datafile/10335012,L4L,Grade_C,960x1440,JPEG,CC0 1.0 Universal (public domain dedication),2026-08-05,10335012,0414d3e16f87de8726ba2f0726c93241,manispaa_5310.jpg,quality digit 4 = Fair quality -> Grade_C,2907.31
C_L4L_10334788.jpg,"Tobacco leaves dataset (Virginia flue-cured, Tanzania)",https://dataverse.harvard.edu/api/access/datafile/10334788,L4L,Grade_C,960x1440,JPEG,CC0 1.0 Universal (public domain dedication),2026-08-05,10334788,1bf046c578041af71e2d7a422c7d6417,uyui_5466.jpg,quality digit 4 = Fair quality -> Grade_C,3637.58
C_L4L_10334535.jpg,"Tobacco leaves dataset (Virginia flue-cured, Tanzania)",https://dataverse.harvard.edu/api/access/datafile/10334535,L4L,Grade_C,960x1440,JPEG,CC0 1.0 Universal (public domain dedication),2026-08-05,10334535,3a93242c826bf23ee0c4bfc34e4fc10f,manispaa_8825.jpg,quality digit 4 = Fair quality -> Grade_C,2482.86
C_L4L_10334227.jpg,"Tobacco leaves dataset (Virginia flue-cured, Tanzania)",https://dataverse.harvard.edu/api/access/datafile/10334227,L4L,Grade_C,960x1440,JPEG,CC0 1.0 Universal (public domain dedication),2026-08-05,10334227,48c397211be38f148da1daf9c881f863,manispaa_13950.jpg,quality digit 4 = Fair quality -> Grade_C,3123.36
C_L4L_10334959.jpg,"Tobacco leaves dataset (Virginia flue-cured, Tanzania)",https://dataverse.harvard.edu/api/access/datafile/10334959,L4L,Grade_C,960x1440,JPEG,CC0 1.0 Universal (public domain dedication),2026-08-05,10334959,8d2876cf82dc40e78a8592e7a3bf2646,manispaa_8868.jpg,quality digit 4 = Fair quality -> Grade_C,2185.99
C_L4L_10333828.jpg,"Tobacco leaves dataset (Virginia flue-cured, Tanzania)",https://dataverse.harvard.edu/api/access/datafile/10333828,L4L,Grade_C,960x1440,JPEG,CC0 1.0 Universal (public domain dedication),2026-08-05,10333828,23427af219b11ab87b7aa7d214119fe6,kaliua_7891.jpg,quality digit 4 = Fair quality -> Grade_C,3343.61
C_L4L_10333681.jpg,"Tobacco leaves dataset (Virginia flue-cured, Tanzania)",https://dataverse.harvard.edu/api/access/datafile/10333681,L4L,Grade_C,960x1440,JPEG,CC0 1.0 Universal (public domain dedication),2026-08-05,10333681,97d0afa319bbb419a22f634d48992d86,manispaa_13977.jpg,quality digit 4 = Fair quality -> Grade_C,3000.91
C_L4L_10333885.jpg,"Tobacco leaves dataset (Virginia flue-cured, Tanzania)",https://dataverse.harvard.edu/api/access/datafile/10333885,L4L,Grade_C,960x1440,JPEG,CC0 1.0 Universal (public domain dedication),2026-08-05,10333885,0c3262884c9030c76ed30ea7e4307c9b,manispaa_2433.jpg,quality digit 4 = Fair quality -> Grade_C,2620.2
C_L4L_10334668.jpg,"Tobacco leaves dataset (Virginia flue-cured, Tanzania)",https://dataverse.harvard.edu/api/access/datafile/10334668,L4L,Grade_C,960x1440,JPEG,CC0 1.0 Universal (public domain dedication),2026-08-05,10334668,4fa1f56ed7ee9fcc5b385d8cb666eff6,manispaa_8915.jpg,quality digit 4 = Fair quality -> Grade_C,2130.22
C_L4L_10333799.jpg,"Tobacco leaves dataset (Virginia flue-cured, Tanzania)",https://dataverse.harvard.edu/api/access/datafile/10333799,L4L,Grade_C,960x1440,JPEG,CC0 1.0 Universal (public domain dedication),2026-08-05,10333799,25fd8ab06770c76a25b01c048e6ad9b5,manispaa_5211.jpg,quality digit 4 = Fair quality -> Grade_C,1802.09
C_L4L_10334492.jpg,"Tobacco leaves dataset (Virginia flue-cured, Tanzania)",https://dataverse.harvard.edu/api/access/datafile/10334492,L4L,Grade_C,960x1440,JPEG,CC0 1.0 Universal (public domain dedication),2026-08-05,10334492,40a2eb9bcd6f5cd8ce962d71aee43d5d,manispaa_5306.jpg,quality digit 4 = Fair quality -> Grade_C,2658.3
C_L4L_10333971.jpg,"Tobacco leaves dataset (Virginia flue-cured, Tanzania)",https://dataverse.harvard.edu/api/access/datafile/10333971,L4L,Grade_C,960x1440,JPEG,CC0 1.0 Universal (public domain dedication),2026-08-05,10333971,71d959fb38447c4d6832d946d5008431,kaliua_1957.jpg,quality digit 4 = Fair quality -> Grade_C,3011.24
C_L4L_10334440.jpg,"Tobacco leaves dataset (Virginia flue-cured, Tanzania)",https://dataverse.harvard.edu/api/access/datafile/10334440,L4L,Grade_C,960x1440,JPEG,CC0 1.0 Universal (public domain dedication),2026-08-05,10334440,72f51b0649a0d601420cf8cc5654a107,uyui_11508.jpg,quality digit 4 = Fair quality -> Grade_C,2563.57
C_L4L_10334551.jpg,"Tobacco leaves dataset (Virginia flue-cured, Tanzania)",https://dataverse.harvard.edu/api/access/datafile/10334551,L4L,Grade_C,960x1440,JPEG,CC0 1.0 Universal (public domain dedication),2026-08-05,10334551,8311e91f93d01519dd5775cb43a3b7bf,manispaa_5288.jpg,quality digit 4 = Fair quality -> Grade_C,2891.61
C_L4L_10334626.jpg,"Tobacco leaves dataset (Virginia flue-cured, Tanzania)",https://dataverse.harvard.edu/api/access/datafile/10334626,L4L,Grade_C,960x1440,JPEG,CC0 1.0 Universal (public domain dedication),2026-08-05,10334626,2869fc1b198d2a79e0558bf599a8baa4,uyui_5488.jpg,quality digit 4 = Fair quality -> Grade_C,1950.35
C_L4L_10334416.jpg,"Tobacco leaves dataset (Virginia flue-cured, Tanzania)",https://dataverse.harvard.edu/api/access/datafile/10334416,L4L,Grade_C,960x1440,JPEG,CC0 1.0 Universal (public domain dedication),2026-08-05,10334416,5231c5a82b610ebc656b615bd8aaa848,uyui_5412.jpg,quality digit 4 = Fair quality -> Grade_C,3338.91
C_L4L_10333576.jpg,"Tobacco leaves dataset (Virginia flue-cured, Tanzania)",https://dataverse.harvard.edu/api/access/datafile/10333576,L4L,Grade_C,960x1440,JPEG,CC0 1.0 Universal (public domain dedication),2026-08-05,10333576,54af0b2a552616bf34e320456d6abccb,manispaa_11464.jpg,quality digit 4 = Fair quality -> Grade_C,2871.16
C_L4L_10334645.jpg,"Tobacco leaves dataset (Virginia flue-cured, Tanzania)",https://dataverse.harvard.edu/api/access/datafile/10334645,L4L,Grade_C,960x1440,JPEG,CC0 1.0 Universal (public domain dedication),2026-08-05,10334645,27d94fb8a81369fcb0717757a773d5e5,manispaa_8860.jpg,quality digit 4 = Fair quality -> Grade_C,1996.34
C_L4L_10333638.jpg,"Tobacco leaves dataset (Virginia flue-cured, Tanzania)",https://dataverse.harvard.edu/api/access/datafile/10333638,L4L,Grade_C,960x1440,JPEG,CC0 1.0 Universal (public domain dedication),2026-08-05,10333638,e45446d42c0db481da0ce85e5fd186db,manispaa_14059.jpg,quality digit 4 = Fair quality -> Grade_C,2391.74
C_L4L_10334451.jpg,"Tobacco leaves dataset (Virginia flue-cured, Tanzania)",https://dataverse.harvard.edu/api/access/datafile/10334451,L4L,Grade_C,960x1440,JPEG,CC0 1.0 Universal (public domain dedication),2026-08-05,10334451,11d5424c24b4dc89ca0a368fbd8f4c34,uyui_11438.jpg,quality digit 4 = Fair quality -> Grade_C,2485.3
C_L4L_10333940.jpg,"Tobacco leaves dataset (Virginia flue-cured, Tanzania)",https://dataverse.harvard.edu/api/access/datafile/10333940,L4L,Grade_C,960x1440,JPEG,CC0 1.0 Universal (public domain dedication),2026-08-05,10333940,daee231b6b059b5495a9a64b8f4a45a8,manispaa_14007.jpg,quality digit 4 = Fair quality -> Grade_C,3016.97
C_L4L_10335056.jpg,"Tobacco leaves dataset (Virginia flue-cured, Tanzania)",https://dataverse.harvard.edu/api/access/datafile/10335056,L4L,Grade_C,960x1440,JPEG,CC0 1.0 Universal (public domain dedication),2026-08-05,10335056,290dfdb6bb929378367ae39d25f3f7ff,uyui_5510.jpg,quality digit 4 = Fair quality -> Grade_C,1912.96
C_L4L_10334791.jpg,"Tobacco leaves dataset (Virginia flue-cured, Tanzania)",https://dataverse.harvard.edu/api/access/datafile/10334791,L4L,Grade_C,960x1440,JPEG,CC0 1.0 Universal (public domain dedication),2026-08-05,10334791,2ae13d3e54d237b4194b25511aa2dd7a,manispaa_5263.jpg,quality digit 4 = Fair quality -> Grade_C,2250.09
C_L4L_10333581.jpg,"Tobacco leaves dataset (Virginia flue-cured, Tanzania)",https://dataverse.harvard.edu/api/access/datafile/10333581,L4L,Grade_C,960x1440,JPEG,CC0 1.0 Universal (public domain dedication),2026-08-05,10333581,20ca791e780255d1f8ce715ab7c084cd,manispaa_2453.jpg,quality digit 4 = Fair quality -> Grade_C,3338.76
C_L4L_10334879.jpg,"Tobacco leaves dataset (Virginia flue-cured, Tanzania)",https://dataverse.harvard.edu/api/access/datafile/10334879,L4L,Grade_C,960x1440,JPEG,CC0 1.0 Universal (public domain dedication),2026-08-05,10334879,9627f2ade32c8b548712e579efbf11a9,manispaa_5412.jpg,quality digit 4 = Fair quality -> Grade_C,2419.87
C_L4L_10334468.jpg,"Tobacco leaves dataset (Virginia flue-cured, Tanzania)",https://dataverse.harvard.edu/api/access/datafile/10334468,L4L,Grade_C,960x1440,JPEG,CC0 1.0 Universal (public domain dedication),2026-08-05,10334468,bd4c0cc3493b24e26e7bc746f38a33a4,manispaa_5364.jpg,quality digit 4 = Fair quality -> Grade_C,3144.89
C_L4L_10334113.jpg,"Tobacco leaves dataset (Virginia flue-cured, Tanzania)",https://dataverse.harvard.edu/api/access/datafile/10334113,L4L,Grade_C,960x1440,JPEG,CC0 1.0 Universal (public domain dedication),2026-08-05,10334113,895547c0cbbf956ccdae41295748644a,manispaa_14053.jpg,quality digit 4 = Fair quality -> Grade_C,3581.01
C_L4L_10333519.jpg,"Tobacco leaves dataset (Virginia flue-cured, Tanzania)",https://dataverse.harvard.edu/api/access/datafile/10333519,L4L,Grade_C,960x1440,JPEG,CC0 1.0 Universal (public domain dedication),2026-08-05,10333519,296326568120ca47004c071b40b5fe01,manispaa_5180.jpg,quality digit 4 = Fair quality -> Grade_C,4132.7
C_L4L_10334443.jpg,"Tobacco leaves dataset (Virginia flue-cured, Tanzania)",https://dataverse.harvard.edu/api/access/datafile/10334443,L4L,Grade_C,960x1440,JPEG,CC0 1.0 Universal (public domain dedication),2026-08-05,10334443,1bf03a184b03d87b7069d35a66508b39,uyui_11444.jpg,quality digit 4 = Fair quality -> Grade_C,3029.94
C_L4L_10334427.jpg,"Tobacco leaves dataset (Virginia flue-cured, Tanzania)",https://dataverse.harvard.edu/api/access/datafile/10334427,L4L,Grade_C,960x1440,JPEG,CC0 1.0 Universal (public domain dedication),2026-08-05,10334427,97f87876961795750d3114cfe0b4f764,manispaa_8900.jpg,quality digit 4 = Fair quality -> Grade_C,1894.61
C_L4L_10334684.jpg,"Tobacco leaves dataset (Virginia flue-cured, Tanzania)",https://dataverse.harvard.edu/api/access/datafile/10334684,L4L,Grade_C,960x1440,JPEG,CC0 1.0 Universal (public domain dedication),2026-08-05,10334684,c8b5499fcbe183844f2f3cabb0d736bd,manispaa_8937.jpg,quality digit 4 = Fair quality -> Grade_C,2330.37
C_L4L_10334452.jpg,"Tobacco leaves dataset (Virginia flue-cured, Tanzania)",https://dataverse.harvard.edu/api/access/datafile/10334452,L4L,Grade_C,960x1440,JPEG,CC0 1.0 Universal (public domain dedication),2026-08-05,10334452,01e3ac4c7278d88f621cbcae2b055fce,uyui_11410.jpg,quality digit 4 = Fair quality -> Grade_C,2404.29
C_L4L_10334841.jpg,"Tobacco leaves dataset (Virginia flue-cured, Tanzania)",https://dataverse.harvard.edu/api/access/datafile/10334841,L4L,Grade_C,960x1440,JPEG,CC0 1.0 Universal (public domain dedication),2026-08-05,10334841,11d80c2ca3d75bb0e54963c9de4d964e,manispaa_8824.jpg,quality digit 4 = Fair quality -> Grade_C,2273.14
C_L4L_10333992.jpg,"Tobacco leaves dataset (Virginia flue-cured, Tanzania)",https://dataverse.harvard.edu/api/access/datafile/10333992,L4L,Grade_C,960x1440,JPEG,CC0 1.0 Universal (public domain dedication),2026-08-05,10333992,95828c8771ca9fd67e4d71b4c72b4fef,kaliua_1755.jpg,quality digit 4 = Fair quality -> Grade_C,3378.71
C_L4L_10333734.jpg,"Tobacco leaves dataset (Virginia flue-cured, Tanzania)",https://dataverse.harvard.edu/api/access/datafile/10333734,L4L,Grade_C,960x1440,JPEG,CC0 1.0 Universal (public domain dedication),2026-08-05,10333734,86dbf48420f66e1881cb68b63b06e49e,kaliua_1877.jpg,quality digit 4 = Fair quality -> Grade_C,3889.46
C_L4L_10334891.jpg,"Tobacco leaves dataset (Virginia flue-cured, Tanzania)",https://dataverse.harvard.edu/api/access/datafile/10334891,L4L,Grade_C,960x1440,JPEG,CC0 1.0 Universal (public domain dedication),2026-08-05,10334891,a3f62a146b5dea93386364fa40dfa600,uyui_5428.jpg,quality digit 4 = Fair quality -> Grade_C,3186.47
C_L4L_10334141.jpg,"Tobacco leaves dataset (Virginia flue-cured, Tanzania)",https://dataverse.harvard.edu/api/access/datafile/10334141,L4L,Grade_C,960x1440,JPEG,CC0 1.0 Universal (public domain dedication),2026-08-05,10334141,c4edacd920e607e6e10b519553cfdd14,kaliua_1770.jpg,quality digit 4 = Fair quality -> Grade_C,3375.04
C_L4L_10334121.jpg,"Tobacco leaves dataset (Virginia flue-cured, Tanzania)",https://dataverse.harvard.edu/api/access/datafile/10334121,L4L,Grade_C,960x1440,JPEG,CC0 1.0 Universal (public domain dedication),2026-08-05,10334121,685fe28157ed4004e8407827066ebf87,manispaa_11418.jpg,quality digit 4 = Fair quality -> Grade_C,2299.03
C_L4L_10333476.jpg,"Tobacco leaves dataset (Virginia flue-cured, Tanzania)",https://dataverse.harvard.edu/api/access/datafile/10333476,L4L,Grade_C,960x1440,JPEG,CC0 1.0 Universal (public domain dedication),2026-08-05,10333476,da6ef31c8e0e76bf7f375c5c470da6b4,manispaa_14044.jpg,quality digit 4 = Fair quality -> Grade_C,2465.77
C_L4L_10334268.jpg,"Tobacco leaves dataset (Virginia flue-cured, Tanzania)",https://dataverse.harvard.edu/api/access/datafile/10334268,L4L,Grade_C,960x1440,JPEG,CC0 1.0 Universal (public domain dedication),2026-08-05,10334268,66152790fe79795104bfa6cf22fb1b51,kaliua_7861.jpg,quality digit 4 = Fair quality -> Grade_C,3438.92
C_L4L_10334167.jpg,"Tobacco leaves dataset (Virginia flue-cured, Tanzania)",https://dataverse.harvard.edu/api/access/datafile/10334167,L4L,Grade_C,960x1440,JPEG,CC0 1.0 Universal (public domain dedication),2026-08-05,10334167,0ce4d31e8ed2be8e185f466ac29daf70,kaliua_4571.jpg,quality digit 4 = Fair quality -> Grade_C,1965.17
C_L4L_10334127.jpg,"Tobacco leaves dataset (Virginia flue-cured, Tanzania)",https://dataverse.harvard.edu/api/access/datafile/10334127,L4L,Grade_C,960x1440,JPEG,CC0 1.0 Universal (public domain dedication),2026-08-05,10334127,e248edaeb418911ca99e9b0db0060255,manispaa_5194.jpg,quality digit 4 = Fair quality -> Grade_C,4198.9
C_L4L_10334701.jpg,"Tobacco leaves dataset (Virginia flue-cured, Tanzania)",https://dataverse.harvard.edu/api/access/datafile/10334701,L4L,Grade_C,960x1440,JPEG,CC0 1.0 Universal (public domain dedication),2026-08-05,10334701,25e34af3cc3adb58de8f5a9c2e7294cd,manispaa_8883.jpg,quality digit 4 = Fair quality -> Grade_C,2388.2
C_L4L_10334927.jpg,"Tobacco leaves dataset (Virginia flue-cured, Tanzania)",https://dataverse.harvard.edu/api/access/datafile/10334927,L4L,Grade_C,960x1440,JPEG,CC0 1.0 Universal (public domain dedication),2026-08-05,10334927,758893a440dfcf45d803772510b34328,uyui_5524.jpg,quality digit 4 = Fair quality -> Grade_C,2035.05
C_L4L_10334711.jpg,"Tobacco leaves dataset (Virginia flue-cured, Tanzania)",https://dataverse.harvard.edu/api/access/datafile/10334711,L4L,Grade_C,960x1440,JPEG,CC0 1.0 Universal (public domain dedication),2026-08-05,10334711,a512b789f04f31569ec0347514ff80ee,manispaa_5398.jpg,quality digit 4 = Fair quality -> Grade_C,2256.89
C_L4L_10334238.jpg,"Tobacco leaves dataset (Virginia flue-cured, Tanzania)",https://dataverse.harvard.edu/api/access/datafile/10334238,L4L,Grade_C,960x1440,JPEG,CC0 1.0 Universal (public domain dedication),2026-08-05,10334238,d88e1cb2b782499f54c9b50bb39057d8,manispaa_5203.jpg,quality digit 4 = Fair quality -> Grade_C,3420.1
C_L4L_10333880.jpg,"Tobacco leaves dataset (Virginia flue-cured, Tanzania)",https://dataverse.harvard.edu/api/access/datafile/10333880,L4L,Grade_C,960x1440,JPEG,CC0 1.0 Universal (public domain dedication),2026-08-05,10333880,cdf8ae5a2054cd0a0de68378d8b0ccdf,manispaa_13948.jpg,quality digit 4 = Fair quality -> Grade_C,3621.82
C_L4L_10334596.jpg,"Tobacco leaves dataset (Virginia flue-cured, Tanzania)",https://dataverse.harvard.edu/api/access/datafile/10334596,L4L,Grade_C,960x1440,JPEG,CC0 1.0 Universal (public domain dedication),2026-08-05,10334596,1a3f6fd0495e4940f2d4bbe6a6c2870c,uyui_11477.jpg,quality digit 4 = Fair quality -> Grade_C,2396.41
C_L4L_10334681.jpg,"Tobacco leaves dataset (Virginia flue-cured, Tanzania)",https://dataverse.harvard.edu/api/access/datafile/10334681,L4L,Grade_C,960x1440,JPEG,CC0 1.0 Universal (public domain dedication),2026-08-05,10334681,e337d87ac9c5c163aba6631209ac3270,uyui_11495.jpg,quality digit 4 = Fair quality -> Grade_C,2428.13
C_L4L_10333694.jpg,"Tobacco leaves dataset (Virginia flue-cured, Tanzania)",https://dataverse.harvard.edu/api/access/datafile/10333694,L4L,Grade_C,960x1440,JPEG,CC0 1.0 Universal (public domain dedication),2026-08-05,10333694,479399e894186ec6d96a497eb4ad1235,manispaa_5172.jpg,quality digit 4 = Fair quality -> Grade_C,3667.49
C_L4L_10334943.jpg,"Tobacco leaves dataset (Virginia flue-cured, Tanzania)",https://dataverse.harvard.edu/api/access/datafile/10334943,L4L,Grade_C,960x1440,JPEG,CC0 1.0 Universal (public domain dedication),2026-08-05,10334943,b081b3de6ce0ee3560d0311a2c752753,uyui_5532.jpg,quality digit 4 = Fair quality -> Grade_C,2164.4
C_L4L_10334765.jpg,"Tobacco leaves dataset (Virginia flue-cured, Tanzania)",https://dataverse.harvard.edu/api/access/datafile/10334765,L4L,Grade_C,960x1440,JPEG,CC0 1.0 Universal (public domain dedication),2026-08-05,10334765,d958a89fd6004effd94d15ff6aad6a26,uyui_5518.jpg,quality digit 4 = Fair quality -> Grade_C,1863.09
C_L4L_10333477.jpg,"Tobacco leaves dataset (Virginia flue-cured, Tanzania)",https://dataverse.harvard.edu/api/access/datafile/10333477,L4L,Grade_C,960x1440,JPEG,CC0 1.0 Universal (public domain dedication),2026-08-05,10333477,b2edcc6056f18a4b2f7cc6a44a9e369f,manispaa_14026.jpg,quality digit 4 = Fair quality -> Grade_C,2750.32
C_L4L_10334834.jpg,"Tobacco leaves dataset (Virginia flue-cured, Tanzania)",https://dataverse.harvard.edu/api/access/datafile/10334834,L4L,Grade_C,960x1440,JPEG,CC0 1.0 Universal (public domain dedication),2026-08-05,10334834,4ff352ffc8b401739bdacb310f761380,uyui_11474.jpg,quality digit 4 = Fair quality -> Grade_C,2345.78
C_L4L_10334128.jpg,"Tobacco leaves dataset (Virginia flue-cured, Tanzania)",https://dataverse.harvard.edu/api/access/datafile/10334128,L4L,Grade_C,960x1440,JPEG,CC0 1.0 Universal (public domain dedication),2026-08-05,10334128,fc7923f7b8acee375c39434805da45a8,kaliua_4583.jpg,quality digit 4 = Fair quality -> Grade_C,1697.48
C_L4L_10333957.jpg,"Tobacco leaves dataset (Virginia flue-cured, Tanzania)",https://dataverse.harvard.edu/api/access/datafile/10333957,L4L,Grade_C,960x1440,JPEG,CC0 1.0 Universal (public domain dedication),2026-08-05,10333957,ebaf46bf8b8dac2e8f43abb66ee1b373,kaliua_1879.jpg,quality digit 4 = Fair quality -> Grade_C,3861.19
C_L4L_10334552.jpg,"Tobacco leaves dataset (Virginia flue-cured, Tanzania)",https://dataverse.harvard.edu/api/access/datafile/10334552,L4L,Grade_C,960x1440,JPEG,CC0 1.0 Universal (public domain dedication),2026-08-05,10334552,4ebf57a916e82cc2f013d6ca67d01b63,uyui_5373.jpg,quality digit 4 = Fair quality -> Grade_C,3098.22
C_L4L_10334458.jpg,"Tobacco leaves dataset (Virginia flue-cured, Tanzania)",https://dataverse.harvard.edu/api/access/datafile/10334458,L4L,Grade_C,960x1440,JPEG,CC0 1.0 Universal (public domain dedication),2026-08-05,10334458,3138ca3accb9f5c44323b6f82c1aa221,uyui_11385.jpg,quality digit 4 = Fair quality -> Grade_C,3270.24
C_L4L_10333648.jpg,"Tobacco leaves dataset (Virginia flue-cured, Tanzania)",https://dataverse.harvard.edu/api/access/datafile/10333648,L4L,Grade_C,960x1440,JPEG,CC0 1.0 Universal (public domain dedication),2026-08-05,10333648,1bf697bc430ce89110bbb67df043fc92,manispaa_5149.jpg,quality digit 4 = Fair quality -> Grade_C,3967.74
C_L4L_10334561.jpg,"Tobacco leaves dataset (Virginia flue-cured, Tanzania)",https://dataverse.harvard.edu/api/access/datafile/10334561,L4L,Grade_C,960x1440,JPEG,CC0 1.0 Universal (public domain dedication),2026-08-05,10334561,a21f6980549c5bf43876d2f2d061f63f,manispaa_8823.jpg,quality digit 4 = Fair quality -> Grade_C,2536.75
C_L4L_10333666.jpg,"Tobacco leaves dataset (Virginia flue-cured, Tanzania)",https://dataverse.harvard.edu/api/access/datafile/10333666,L4L,Grade_C,960x1440,JPEG,CC0 1.0 Universal (public domain dedication),2026-08-05,10333666,c970c0a1fb60247d7bc0ce99488b29f6,manispaa_11511.jpg,quality digit 4 = Fair quality -> Grade_C,3225.93
C_L4L_10333537.jpg,"Tobacco leaves dataset (Virginia flue-cured, Tanzania)",https://dataverse.harvard.edu/api/access/datafile/10333537,L4L,Grade_C,960x1440,JPEG,CC0 1.0 Universal (public domain dedication),2026-08-05,10333537,1a5fc6d42c0ebb44f7d04a252dbf0ce9,manispaa_5221.jpg,quality digit 4 = Fair quality -> Grade_C,2247.75
C_L4L_10334250.jpg,"Tobacco leaves dataset (Virginia flue-cured, Tanzania)",https://dataverse.harvard.edu/api/access/datafile/10334250,L4L,Grade_C,960x1440,JPEG,CC0 1.0 Universal (public domain dedication),2026-08-05,10334250,e21e5a02cc256f719712ccd9f9619b2e,manispaa_11397.jpg,quality digit 4 = Fair quality -> Grade_C,2575.36
C_L4L_10334786.jpg,"Tobacco leaves dataset (Virginia flue-cured, Tanzania)",https://dataverse.harvard.edu/api/access/datafile/10334786,L4L,Grade_C,960x1440,JPEG,CC0 1.0 Universal (public domain dedication),2026-08-05,10334786,3de470d0f2d37e9ab97e49606a041bff,manispaa_8819.jpg,quality digit 4 = Fair quality -> Grade_C,2400.65
C_L4L_10334808.jpg,"Tobacco leaves dataset (Virginia flue-cured, Tanzania)",https://dataverse.harvard.edu/api/access/datafile/10334808,L4L,Grade_C,960x1440,JPEG,CC0 1.0 Universal (public domain dedication),2026-08-05,10334808,f1a0cefbf61e144c3c566614a4c13d3d,uyui_9307.jpg,quality digit 4 = Fair quality -> Grade_C,3388.37
C_L4L_10334193.jpg,"Tobacco leaves dataset (Virginia flue-cured, Tanzania)",https://dataverse.harvard.edu/api/access/datafile/10334193,L4L,Grade_C,960x1440,JPEG,CC0 1.0 Universal (public domain dedication),2026-08-05,10334193,3a7110f7aca9ee5abc56e18428f98f5b,kaliua_7853.jpg,quality digit 4 = Fair quality -> Grade_C,3186.57
C_L4L_10334172.jpg,"Tobacco leaves dataset (Virginia flue-cured, Tanzania)",https://dataverse.harvard.edu/api/access/datafile/10334172,L4L,Grade_C,960x1440,JPEG,CC0 1.0 Universal (public domain dedication),2026-08-05,10334172,f040706b79321bab38ae0d09c6a6bb14,manispaa_2426.jpg,quality digit 4 = Fair quality -> Grade_C,2691.6
C_L4L_10333510.jpg,"Tobacco leaves dataset (Virginia flue-cured, Tanzania)",https://dataverse.harvard.edu/api/access/datafile/10333510,L4L,Grade_C,960x1440,JPEG,CC0 1.0 Universal (public domain dedication),2026-08-05,10333510,b139920028da167f48cbff1f57136db3,manispaa_11461.jpg,quality digit 4 = Fair quality -> Grade_C,2690.48
C_L4L_10333982.jpg,"Tobacco leaves dataset (Virginia flue-cured, Tanzania)",https://dataverse.harvard.edu/api/access/datafile/10333982,L4L,Grade_C,960x1440,JPEG,CC0 1.0 Universal (public domain dedication),2026-08-05,10333982,8b9dfb8d70238538226d9244d88557df,manispaa_14069.jpg,quality digit 4 = Fair quality -> Grade_C,1828.61
C_L4L_10333659.jpg,"Tobacco leaves dataset (Virginia flue-cured, Tanzania)",https://dataverse.harvard.edu/api/access/datafile/10333659,L4L,Grade_C,960x1440,JPEG,CC0 1.0 Universal (public domain dedication),2026-08-05,10333659,d466d6332e19c617f5fca4c9d2097e79,kaliua_7841.jpg,quality digit 4 = Fair quality -> Grade_C,3468.21
C_L4L_10333869.jpg,"Tobacco leaves dataset (Virginia flue-cured, Tanzania)",https://dataverse.harvard.edu/api/access/datafile/10333869,L4L,Grade_C,960x1440,JPEG,CC0 1.0 Universal (public domain dedication),2026-08-05,10333869,7e5aa0e037bc1355808fc699964be335,manispaa_2432.jpg,quality digit 4 = Fair quality -> Grade_C,3158.73
C_L4L_10334672.jpg,"Tobacco leaves dataset (Virginia flue-cured, Tanzania)",https://dataverse.harvard.edu/api/access/datafile/10334672,L4L,Grade_C,960x1440,JPEG,CC0 1.0 Universal (public domain dedication),2026-08-05,10334672,6faf384480ddba6ee875f0395b440621,uyui_5399.jpg,quality digit 4 = Fair quality -> Grade_C,3672.18
C_L4L_10334577.jpg,"Tobacco leaves dataset (Virginia flue-cured, Tanzania)",https://dataverse.harvard.edu/api/access/datafile/10334577,L4L,Grade_C,960x1440,JPEG,CC0 1.0 Universal (public domain dedication),2026-08-05,10334577,66ec48a44734ae5fa2384cb0aee9fb79,manispaa_8881.jpg,quality digit 4 = Fair quality -> Grade_C,2326.59
C_L4L_10334003.jpg,"Tobacco leaves dataset (Virginia flue-cured, Tanzania)",https://dataverse.harvard.edu/api/access/datafile/10334003,L4L,Grade_C,960x1440,JPEG,CC0 1.0 Universal (public domain dedication),2026-08-05,10334003,fdd346a19547445bedf3940e65b7e26c,manispaa_2380.jpg,quality digit 4 = Fair quality -> Grade_C,2214.54
C_L4L_10334459.jpg,"Tobacco leaves dataset (Virginia flue-cured, Tanzania)",https://dataverse.harvard.edu/api/access/datafile/10334459,L4L,Grade_C,960x1440,JPEG,CC0 1.0 Universal (public domain dedication),2026-08-05,10334459,9d2b652012c4098b382382531730ae19,uyui_5410.jpg,quality digit 4 = Fair quality -> Grade_C,3733.15
C_L4L_10335051.jpg,"Tobacco leaves dataset (Virginia flue-cured, Tanzania)",https://dataverse.harvard.edu/api/access/datafile/10335051,L4L,Grade_C,960x1440,JPEG,CC0 1.0 Universal (public domain dedication),2026-08-05,10335051,165c97b9a25ca4903abdfa847ca931fd,manispaa_5363.jpg,quality digit 4 = Fair quality -> Grade_C,2921.42
C_L4L_10334202.jpg,"Tobacco leaves dataset (Virginia flue-cured, Tanzania)",https://dataverse.harvard.edu/api/access/datafile/10334202,L4L,Grade_C,960x1440,JPEG,CC0 1.0 Universal (public domain dedication),2026-08-05,10334202,979c6f1bd22c560f9cf78871ad3db832,manispaa_2449.jpg,quality digit 4 = Fair quality -> Grade_C,2950.43
C_L4L_10334734.jpg,"Tobacco leaves dataset (Virginia flue-cured, Tanzania)",https://dataverse.harvard.edu/api/access/datafile/10334734,L4L,Grade_C,960x1440,JPEG,CC0 1.0 Universal (public domain dedication),2026-08-05,10334734,477b1610b9ef9347f63dfcdfa03b1588,uyui_11479.jpg,quality digit 4 = Fair quality -> Grade_C,2312.28
C_L4L_10334514.jpg,"Tobacco leaves dataset (Virginia flue-cured, Tanzania)",https://dataverse.harvard.edu/api/access/datafile/10334514,L4L,Grade_C,960x1440,JPEG,CC0 1.0 Universal (public domain dedication),2026-08-05,10334514,6643ef33ee8bb17ad20fcf7e1a6fbb35,manispaa_8817.jpg,quality digit 4 = Fair quality -> Grade_C,2327.68
C_L4L_10335034.jpg,"Tobacco leaves dataset (Virginia flue-cured, Tanzania)",https://dataverse.harvard.edu/api/access/datafile/10335034,L4L,Grade_C,960x1440,JPEG,CC0 1.0 Universal (public domain dedication),2026-08-05,10335034,7178a7a4ddd6e7930fa932c8efd15e4b,manispaa_5250.jpg,quality digit 4 = Fair quality -> Grade_C,2543.87
C_L4L_10333691.jpg,"Tobacco leaves dataset (Virginia flue-cured, Tanzania)",https://dataverse.harvard.edu/api/access/datafile/10333691,L4L,Grade_C,960x1440,JPEG,CC0 1.0 Universal (public domain dedication),2026-08-05,10333691,8e2e81a4f4d6793f9fb6b1125e5a5951,manispaa_11410.jpg,quality digit 4 = Fair quality -> Grade_C,2779.63
C_L4L_10334029.jpg,"Tobacco leaves dataset (Virginia flue-cured, Tanzania)",https://dataverse.harvard.edu/api/access/datafile/10334029,L4L,Grade_C,960x1440,JPEG,CC0 1.0 Universal (public domain dedication),2026-08-05,10334029,cf11fc181c3a5ca1b1e4725455be13a2,kaliua_1762.jpg,quality digit 4 = Fair quality -> Grade_C,3977.54
C_L4L_10334602.jpg,"Tobacco leaves dataset (Virginia flue-cured, Tanzania)",https://dataverse.harvard.edu/api/access/datafile/10334602,L4L,Grade_C,960x1440,JPEG,CC0 1.0 Universal (public domain dedication),2026-08-05,10334602,2042daff721b692566713a0b3fcc463f,uyui_5519.jpg,quality digit 4 = Fair quality -> Grade_C,1944.14
C_L4L_10333981.jpg,"Tobacco leaves dataset (Virginia flue-cured, Tanzania)",https://dataverse.harvard.edu/api/access/datafile/10333981,L4L,Grade_C,960x1440,JPEG,CC0 1.0 Universal (public domain dedication),2026-08-05,10333981,57e188d2b1d1674225cd6849c7d84a49,manispaa_5137.jpg,quality digit 4 = Fair quality -> Grade_C,3699.12
C_L4L_10335002.jpg,"Tobacco leaves dataset (Virginia flue-cured, Tanzania)",https://dataverse.harvard.edu/api/access/datafile/10335002,L4L,Grade_C,960x1440,JPEG,CC0 1.0 Universal (public domain dedication),2026-08-05,10335002,83eeb11c19a79b613831cf4f645d8823,uyui_5505.jpg,quality digit 4 = Fair quality -> Grade_C,2677.63
C_L4L_10334627.jpg,"Tobacco leaves dataset (Virginia flue-cured, Tanzania)",https://dataverse.harvard.edu/api/access/datafile/10334627,L4L,Grade_C,960x1440,JPEG,CC0 1.0 Universal (public domain dedication),2026-08-05,10334627,32d7674ce1abf9ee360dc69489bcfc7a,uyui_5522.jpg,quality digit 4 = Fair quality -> Grade_C,1883.13
C_L4L_10333495.jpg,"Tobacco leaves dataset (Virginia flue-cured, Tanzania)",https://dataverse.harvard.edu/api/access/datafile/10333495,L4L,Grade_C,960x1440,JPEG,CC0 1.0 Universal (public domain dedication),2026-08-05,10333495,1f0901e6123d6534db97f8ab3f23b620,manispaa_11555.jpg,quality digit 4 = Fair quality -> Grade_C,2225.36
C_L4L_10334274.jpg,"Tobacco leaves dataset (Virginia flue-cured, Tanzania)",https://dataverse.harvard.edu/api/access/datafile/10334274,L4L,Grade_C,960x1440,JPEG,CC0 1.0 Universal (public domain dedication),2026-08-05,10334274,34d3ff0eff8b533e7255a0ce8e8e3b12,manispaa_5170.jpg,quality digit 4 = Fair quality -> Grade_C,3537.82
C_L4L_10333972.jpg,"Tobacco leaves dataset (Virginia flue-cured, Tanzania)",https://dataverse.harvard.edu/api/access/datafile/10333972,L4L,Grade_C,960x1440,JPEG,CC0 1.0 Universal (public domain dedication),2026-08-05,10333972,702a356a60019e1ae2a51c504c01cae1,manispaa_2388.jpg,quality digit 4 = Fair quality -> Grade_C,1836.54
C_L4L_10334320.jpg,"Tobacco leaves dataset (Virginia flue-cured, Tanzania)",https://dataverse.harvard.edu/api/access/datafile/10334320,L4L,Grade_C,960x1440,JPEG,CC0 1.0 Universal (public domain dedication),2026-08-05,10334320,6c7cd40182a3b77e0827150d4fbe4794,kaliua_1892.jpg,quality digit 4 = Fair quality -> Grade_C,3497.52
C_L4L_10334043.jpg,"Tobacco leaves dataset (Virginia flue-cured, Tanzania)",https://dataverse.harvard.edu/api/access/datafile/10334043,L4L,Grade_C,960x1440,JPEG,CC0 1.0 Universal (public domain dedication),2026-08-05,10334043,f264ce52c63841b2416f57bf5d1aa63e,manispaa_13938.jpg,quality digit 4 = Fair quality -> Grade_C,2923.66
C_L4L_10334133.jpg,"Tobacco leaves dataset (Virginia flue-cured, Tanzania)",https://dataverse.harvard.edu/api/access/datafile/10334133,L4L,Grade_C,960x1440,JPEG,CC0 1.0 Universal (public domain dedication),2026-08-05,10334133,e4262e3a1a7fbed7d2bb7f414c26cc4e,manispaa_11496.jpg,quality digit 4 = Fair quality -> Grade_C,2608.23
C_L4L_10334429.jpg,"Tobacco leaves dataset (Virginia flue-cured, Tanzania)",https://dataverse.harvard.edu/api/access/datafile/10334429,L4L,Grade_C,960x1440,JPEG,CC0 1.0 Universal (public domain dedication),2026-08-05,10334429,92aca98b7f9d9fac87b3f2f874cd5da4,manispaa_5350.jpg,quality digit 4 = Fair quality -> Grade_C,3342.43
C_L4L_10334106.jpg,"Tobacco leaves dataset (Virginia flue-cured, Tanzania)",https://dataverse.harvard.edu/api/access/datafile/10334106,L4L,Grade_C,960x1440,JPEG,CC0 1.0 Universal (public domain dedication),2026-08-05,10334106,d7ce796c24e0e704d11caa9829bd1cff,manispaa_11509.jpg,quality digit 4 = Fair quality -> Grade_C,3491.61
C_L4L_10333529.jpg,"Tobacco leaves dataset (Virginia flue-cured, Tanzania)",https://dataverse.harvard.edu/api/access/datafile/10333529,L4L,Grade_C,960x1440,JPEG,CC0 1.0 Universal (public domain dedication),2026-08-05,10333529,c110e6c11deea73f1595f047c6d71cb6,kaliua_1766.jpg,quality digit 4 = Fair quality -> Grade_C,2893.2
C_L4L_10334661.jpg,"Tobacco leaves dataset (Virginia flue-cured, Tanzania)",https://dataverse.harvard.edu/api/access/datafile/10334661,L4L,Grade_C,960x1440,JPEG,CC0 1.0 Universal (public domain dedication),2026-08-05,10334661,6f8b20261fdd55f2ad214dc47217a283,manispaa_5267.jpg,quality digit 4 = Fair quality -> Grade_C,2194.41
C_L4L_10333603.jpg,"Tobacco leaves dataset (Virginia flue-cured, Tanzania)",https://dataverse.harvard.edu/api/access/datafile/10333603,L4L,Grade_C,960x1440,JPEG,CC0 1.0 Universal (public domain dedication),2026-08-05,10333603,1d8d8768af5f0f88db5005a57d3535e0,manispaa_5238.jpg,quality digit 4 = Fair quality -> Grade_C,2037.98
C_L4L_10334562.jpg,"Tobacco leaves dataset (Virginia flue-cured, Tanzania)",https://dataverse.harvard.edu/api/access/datafile/10334562,L4L,Grade_C,960x1440,JPEG,CC0 1.0 Universal (public domain dedication),2026-08-05,10334562,c8bbd1dad996ceadb353706dfade1025,manispaa_5379.jpg,quality digit 4 = Fair quality -> Grade_C,2340.65
C_L4L_10334568.jpg,"Tobacco leaves dataset (Virginia flue-cured, Tanzania)",https://dataverse.harvard.edu/api/access/datafile/10334568,L4L,Grade_C,960x1440,JPEG,CC0 1.0 Universal (public domain dedication),2026-08-05,10334568,e70f5ba653dff5dfe7946f75f6bacd35,urambo_4918.jpg,quality digit 4 = Fair quality -> Grade_C,4156.56
C_L4L_10334247.jpg,"Tobacco leaves dataset (Virginia flue-cured, Tanzania)",https://dataverse.harvard.edu/api/access/datafile/10334247,L4L,Grade_C,960x1440,JPEG,CC0 1.0 Universal (public domain dedication),2026-08-05,10334247,76263dceba1cd57edf4cd559083be881,kaliua_1944.jpg,quality digit 4 = Fair quality -> Grade_C,2665.99
C_L4L_10333792.jpg,"Tobacco leaves dataset (Virginia flue-cured, Tanzania)",https://dataverse.harvard.edu/api/access/datafile/10333792,L4L,Grade_C,960x1440,JPEG,CC0 1.0 Universal (public domain dedication),2026-08-05,10333792,2bb9db41cd1e6c6eecd206a01d53bb56,manispaa_13931.jpg,quality digit 4 = Fair quality -> Grade_C,3079.34
C_L4L_10334567.jpg,"Tobacco leaves dataset (Virginia flue-cured, Tanzania)",https://dataverse.harvard.edu/api/access/datafile/10334567,L4L,Grade_C,960x1440,JPEG,CC0 1.0 Universal (public domain dedication),2026-08-05,10334567,e6edc878d2563b07ae5041a30ad31010,manispaa_5266.jpg,quality digit 4 = Fair quality -> Grade_C,2341.05
C_L4L_10334895.jpg,"Tobacco leaves dataset (Virginia flue-cured, Tanzania)",https://dataverse.harvard.edu/api/access/datafile/10334895,L4L,Grade_C,960x1440,JPEG,CC0 1.0 Universal (public domain dedication),2026-08-05,10334895,eb131844f32188810100c46f5d924714,manispaa_8940.jpg,quality digit 4 = Fair quality -> Grade_C,2400.84
C_L4L_10334332.jpg,"Tobacco leaves dataset (Virginia flue-cured, Tanzania)",https://dataverse.harvard.edu/api/access/datafile/10334332,L4L,Grade_C,960x1440,JPEG,CC0 1.0 Universal (public domain dedication),2026-08-05,10334332,693e9545971fa853e12f6f3432408b6e,kaliua_4555.jpg,quality digit 4 = Fair quality -> Grade_C,2243.59
C_L4L_10334713.jpg,"Tobacco leaves dataset (Virginia flue-cured, Tanzania)",https://dataverse.harvard.edu/api/access/datafile/10334713,L4L,Grade_C,960x1440,JPEG,CC0 1.0 Universal (public domain dedication),2026-08-05,10334713,a59dc3d44ed5d1dfaa990a943fa4d5f3,manispaa_5332.jpg,quality digit 4 = Fair quality -> Grade_C,2853.72
C_L4L_10334837.jpg,"Tobacco leaves dataset (Virginia flue-cured, Tanzania)",https://dataverse.harvard.edu/api/access/datafile/10334837,L4L,Grade_C,960x1440,JPEG,CC0 1.0 Universal (public domain dedication),2026-08-05,10334837,6c70130658a4f71bd20db6cba7d0b58f,manispaa_5385.jpg,quality digit 4 = Fair quality -> Grade_C,2229.2
C_L4L_10334974.jpg,"Tobacco leaves dataset (Virginia flue-cured, Tanzania)",https://dataverse.harvard.edu/api/access/datafile/10334974,L4L,Grade_C,960x1440,JPEG,CC0 1.0 Universal (public domain dedication),2026-08-05,10334974,5d815d8fac3edb9d4ca70fec5c48c5db,manispaa_5359.jpg,quality digit 4 = Fair quality -> Grade_C,2972.75
C_L4L_10333881.jpg,"Tobacco leaves dataset (Virginia flue-cured, Tanzania)",https://dataverse.harvard.edu/api/access/datafile/10333881,L4L,Grade_C,960x1440,JPEG,CC0 1.0 Universal (public domain dedication),2026-08-05,10333881,da024e4d472101d04a6bb4629297527a,kaliua_1926.jpg,quality digit 4 = Fair quality -> Grade_C,3167.76
C_L4L_10334000.jpg,"Tobacco leaves dataset (Virginia flue-cured, Tanzania)",https://dataverse.harvard.edu/api/access/datafile/10334000,L4L,Grade_C,960x1440,JPEG,CC0 1.0 Universal (public domain dedication),2026-08-05,10334000,76d88ab0fe80012104ea070578cc4a25,manispaa_5197.jpg,quality digit 4 = Fair quality -> Grade_C,3744.82
C_L4L_10334317.jpg,"Tobacco leaves dataset (Virginia flue-cured, Tanzania)",https://dataverse.harvard.edu/api/access/datafile/10334317,L4L,Grade_C,960x1440,JPEG,CC0 1.0 Universal (public domain dedication),2026-08-05,10334317,304a8764f87fff976f96e4d09df18e31,manispaa_2373.jpg,quality digit 4 = Fair quality -> Grade_C,2176.01
C_L4L_10334006.jpg,"Tobacco leaves dataset (Virginia flue-cured, Tanzania)",https://dataverse.harvard.edu/api/access/datafile/10334006,L4L,Grade_C,960x1440,JPEG,CC0 1.0 Universal (public domain dedication),2026-08-05,10334006,4ff38322f1f021f724473787504cc7a3,manispaa_13933.jpg,quality digit 4 = Fair quality -> Grade_C,3128.24
C_L4L_10334823.jpg,"Tobacco leaves dataset (Virginia flue-cured, Tanzania)",https://dataverse.harvard.edu/api/access/datafile/10334823,L4L,Grade_C,960x1440,JPEG,CC0 1.0 Universal (public domain dedication),2026-08-05,10334823,afc230a720f29123a59a8f6e5e9460e1,uyui_15015.jpg,quality digit 4 = Fair quality -> Grade_C,3095.18
C_L4L_10333497.jpg,"Tobacco leaves dataset (Virginia flue-cured, Tanzania)",https://dataverse.harvard.edu/api/access/datafile/10333497,L4L,Grade_C,960x1440,JPEG,CC0 1.0 Universal (public domain dedication),2026-08-05,10333497,a4c87cafcf0273a464554810c6d99894,kaliua_1935.jpg,quality digit 4 = Fair quality -> Grade_C,3048.69
C_L4L_10333766.jpg,"Tobacco leaves dataset (Virginia flue-cured, Tanzania)",https://dataverse.harvard.edu/api/access/datafile/10333766,L4L,Grade_C,960x1440,JPEG,CC0 1.0 Universal (public domain dedication),2026-08-05,10333766,a59a82c9598c79c442eebc259751f37b,manispaa_5161.jpg,quality digit 4 = Fair quality -> Grade_C,3449.03
C_L4L_10333502.jpg,"Tobacco leaves dataset (Virginia flue-cured, Tanzania)",https://dataverse.harvard.edu/api/access/datafile/10333502,L4L,Grade_C,960x1440,JPEG,CC0 1.0 Universal (public domain dedication),2026-08-05,10333502,6d68aafcc9fb85ba231be9105351193e,manispaa_5140.jpg,quality digit 4 = Fair quality -> Grade_C,3320.02
C_L4L_10333867.jpg,"Tobacco leaves dataset (Virginia flue-cured, Tanzania)",https://dataverse.harvard.edu/api/access/datafile/10333867,L4L,Grade_C,960x1440,JPEG,CC0 1.0 Universal (public domain dedication),2026-08-05,10333867,5be45e6a61a5ddfebe6ff0f9ac990b58,kaliua_7859.jpg,quality digit 4 = Fair quality -> Grade_C,3231.32
C_L4L_10334558.jpg,"Tobacco leaves dataset (Virginia flue-cured, Tanzania)",https://dataverse.harvard.edu/api/access/datafile/10334558,L4L,Grade_C,960x1440,JPEG,CC0 1.0 Universal (public domain dedication),2026-08-05,10334558,f36523c6ed16b00c0462bd49941ed901,manispaa_5382.jpg,quality digit 4 = Fair quality -> Grade_C,2257.84
C_L4L_10334462.jpg,"Tobacco leaves dataset (Virginia flue-cured, Tanzania)",https://dataverse.harvard.edu/api/access/datafile/10334462,L4L,Grade_C,960x1440,JPEG,CC0 1.0 Universal (public domain dedication),2026-08-05,10334462,656c7a77e7946a4475a0e38a52f431da,uyui_15014.jpg,quality digit 4 = Fair quality -> Grade_C,3225.16
C_L4L_10333840.jpg,"Tobacco leaves dataset (Virginia flue-cured, Tanzania)",https://dataverse.harvard.edu/api/access/datafile/10333840,L4L,Grade_C,960x1440,JPEG,CC0 1.0 Universal (public domain dedication),2026-08-05,10333840,bb666c7d28c2567a330813dabfc15172,kaliua_7871.jpg,quality digit 4 = Fair quality -> Grade_C,2758.39
C_L4L_10333673.jpg,"Tobacco leaves dataset (Virginia flue-cured, Tanzania)",https://dataverse.harvard.edu/api/access/datafile/10333673,L4L,Grade_C,960x1440,JPEG,CC0 1.0 Universal (public domain dedication),2026-08-05,10333673,2b1c27273de59b7492bfbe7dc04b2d22,kaliua_4560.jpg,quality digit 4 = Fair quality -> Grade_C,1922.3
C_L4L_10334536.jpg,"Tobacco leaves dataset (Virginia flue-cured, Tanzania)",https://dataverse.harvard.edu/api/access/datafile/10334536,L4L,Grade_C,960x1440,JPEG,CC0 1.0 Universal (public domain dedication),2026-08-05,10334536,b0e5e06fc1e1fa776f17df7c110dcb8e,uyui_11431.jpg,quality digit 4 = Fair quality -> Grade_C,2246.65
C_L4L_10334750.jpg,"Tobacco leaves dataset (Virginia flue-cured, Tanzania)",https://dataverse.harvard.edu/api/access/datafile/10334750,L4L,Grade_C,960x1440,JPEG,CC0 1.0 Universal (public domain dedication),2026-08-05,10334750,efc36d2448068602c253b2e48cf277dc,manispaa_8840.jpg,quality digit 4 = Fair quality -> Grade_C,2239.47
C_L4L_10334833.jpg,"Tobacco leaves dataset (Virginia flue-cured, Tanzania)",https://dataverse.harvard.edu/api/access/datafile/10334833,L4L,Grade_C,960x1440,JPEG,CC0 1.0 Universal (public domain dedication),2026-08-05,10334833,0522b749e6db4da373ddc2062e1079f1,urambo_4915.jpg,quality digit 4 = Fair quality -> Grade_C,3286.8
C_L4L_10333977.jpg,"Tobacco leaves dataset (Virginia flue-cured, Tanzania)",https://dataverse.harvard.edu/api/access/datafile/10333977,L4L,Grade_C,960x1440,JPEG,CC0 1.0 Universal (public domain dedication),2026-08-05,10333977,e2c7f5fe68afbb37dd37f2945b796586,manispaa_11526.jpg,quality digit 4 = Fair quality -> Grade_C,2076.9
C_L4L_10335009.jpg,"Tobacco leaves dataset (Virginia flue-cured, Tanzania)",https://dataverse.harvard.edu/api/access/datafile/10335009,L4L,Grade_C,960x1440,JPEG,CC0 1.0 Universal (public domain dedication),2026-08-05,10335009,5cbd4602ea26b6764722f817adfe3918,manispaa_8911.jpg,quality digit 4 = Fair quality -> Grade_C,1853.32
C_L4L_10333445.jpg,"Tobacco leaves dataset (Virginia flue-cured, Tanzania)",https://dataverse.harvard.edu/api/access/datafile/10333445,L4L,Grade_C,960x1440,JPEG,CC0 1.0 Universal (public domain dedication),2026-08-05,10333445,4d7f657dce95c569d9c038ec1593980a,manispaa_11479.jpg,quality digit 4 = Fair quality -> Grade_C,2893.18
C_L4L_10334474.jpg,"Tobacco leaves dataset (Virginia flue-cured, Tanzania)",https://dataverse.harvard.edu/api/access/datafile/10334474,L4L,Grade_C,960x1440,JPEG,CC0 1.0 Universal (public domain dedication),2026-08-05,10334474,dbd9ef339eb00afd9535cf46e779780c,uyui_5402.jpg,quality digit 4 = Fair quality -> Grade_C,3589.71
C_L4L_10334737.jpg,"Tobacco leaves dataset (Virginia flue-cured, Tanzania)",https://dataverse.harvard.edu/api/access/datafile/10334737,L4L,Grade_C,960x1440,JPEG,CC0 1.0 Universal (public domain dedication),2026-08-05,10334737,80f9f3047b5dd741017947d0d67bfdfe,manispaa_5248.jpg,quality digit 4 = Fair quality -> Grade_C,2374.48
C_L4L_10334902.jpg,"Tobacco leaves dataset (Virginia flue-cured, Tanzania)",https://dataverse.harvard.edu/api/access/datafile/10334902,L4L,Grade_C,960x1440,JPEG,CC0 1.0 Universal (public domain dedication),2026-08-05,10334902,129731556e228617879832bc24c429e6,manispaa_8820.jpg,quality digit 4 = Fair quality -> Grade_C,2489.66
C_L4O_10337080.jpg,"Tobacco leaves dataset (Virginia flue-cured, Tanzania)",https://dataverse.harvard.edu/api/access/datafile/10337080,L4O,Grade_C,960x1440,JPEG,CC0 1.0 Universal (public domain dedication),2026-08-05,10337080,cbb82086a5e65201e9f4ad428a7bf746,urambo_4978.jpg,quality digit 4 = Fair quality -> Grade_C,3236.34
C_L4O_10336310.jpg,"Tobacco leaves dataset (Virginia flue-cured, Tanzania)",https://dataverse.harvard.edu/api/access/datafile/10336310,L4O,Grade_C,960x1440,JPEG,CC0 1.0 Universal (public domain dedication),2026-08-05,10336310,0eebbf35e3181b368dfe51c0f1c47a20,Pro-Capture One 06102.jpg,quality digit 4 = Fair quality -> Grade_C,2391.9
C_L4O_10337266.jpg,"Tobacco leaves dataset (Virginia flue-cured, Tanzania)",https://dataverse.harvard.edu/api/access/datafile/10337266,L4O,Grade_C,960x1440,JPEG,CC0 1.0 Universal (public domain dedication),2026-08-05,10337266,d4eec7335e086bfd786cf83edcb8a3bb,urambo_4927.jpg,quality digit 4 = Fair quality -> Grade_C,4120.42
C_L4O_10336651.jpg,"Tobacco leaves dataset (Virginia flue-cured, Tanzania)",https://dataverse.harvard.edu/api/access/datafile/10336651,L4O,Grade_C,960x1440,JPEG,CC0 1.0 Universal (public domain dedication),2026-08-05,10336651,0640f18051fd4f6a94a544043a83c481,manispaa_9068.jpg,quality digit 4 = Fair quality -> Grade_C,2413.44
C_L4O_10336214.jpg,"Tobacco leaves dataset (Virginia flue-cured, Tanzania)",https://dataverse.harvard.edu/api/access/datafile/10336214,L4O,Grade_C,960x1440,JPEG,CC0 1.0 Universal (public domain dedication),2026-08-05,10336214,92047a0e22577259191603b5524cf25b,manispaa_5903.jpg,quality digit 4 = Fair quality -> Grade_C,2023.8
C_L4O_10335295.jpg,"Tobacco leaves dataset (Virginia flue-cured, Tanzania)",https://dataverse.harvard.edu/api/access/datafile/10335295,L4O,Grade_C,960x1440,JPEG,CC0 1.0 Universal (public domain dedication),2026-08-05,10335295,25bf175c4faeffc14bb2a9780e252101,manispaa_2504.jpg,quality digit 4 = Fair quality -> Grade_C,1899.94
C_L4O_10336366.jpg,"Tobacco leaves dataset (Virginia flue-cured, Tanzania)",https://dataverse.harvard.edu/api/access/datafile/10336366,L4O,Grade_C,960x1440,JPEG,CC0 1.0 Universal (public domain dedication),2026-08-05,10336366,ee68789000fe30765f3e5a0d66c73d8f,manispaa_9124.jpg,quality digit 4 = Fair quality -> Grade_C,2296.16
C_L4O_10336630.jpg,"Tobacco leaves dataset (Virginia flue-cured, Tanzania)",https://dataverse.harvard.edu/api/access/datafile/10336630,L4O,Grade_C,960x1440,JPEG,CC0 1.0 Universal (public domain dedication),2026-08-05,10336630,7b3c7504b814e33266f8ead0e03ad065,manispaa_8993.jpg,quality digit 4 = Fair quality -> Grade_C,2737.61
C_L4O_10337191.jpg,"Tobacco leaves dataset (Virginia flue-cured, Tanzania)",https://dataverse.harvard.edu/api/access/datafile/10337191,L4O,Grade_C,960x1440,JPEG,CC0 1.0 Universal (public domain dedication),2026-08-05,10337191,86c674f40cd634c995abb272ec4b8353,urambo_3089.jpg,quality digit 4 = Fair quality -> Grade_C,2807.33
C_L4O_10337208.jpg,"Tobacco leaves dataset (Virginia flue-cured, Tanzania)",https://dataverse.harvard.edu/api/access/datafile/10337208,L4O,Grade_C,960x1440,JPEG,CC0 1.0 Universal (public domain dedication),2026-08-05,10337208,537109418c595e3b5e71d6fe2a9ed091,urambo_3086.jpg,quality digit 4 = Fair quality -> Grade_C,3490.36
C_L4O_10337027.jpg,"Tobacco leaves dataset (Virginia flue-cured, Tanzania)",https://dataverse.harvard.edu/api/access/datafile/10337027,L4O,Grade_C,960x1440,JPEG,CC0 1.0 Universal (public domain dedication),2026-08-05,10337027,f7112059b9800d2c44bbaef4e05fe09f,uyui_15060.jpg,quality digit 4 = Fair quality -> Grade_C,2638.94
C_L4O_10337461.jpg,"Tobacco leaves dataset (Virginia flue-cured, Tanzania)",https://dataverse.harvard.edu/api/access/datafile/10337461,L4O,Grade_C,960x1440,JPEG,CC0 1.0 Universal (public domain dedication),2026-08-05,10337461,efbc5852e111b096c15410c9b6ad3ed7,uyui_11612.jpg,quality digit 4 = Fair quality -> Grade_C,3884.16
C_L4O_10336983.jpg,"Tobacco leaves dataset (Virginia flue-cured, Tanzania)",https://dataverse.harvard.edu/api/access/datafile/10336983,L4O,Grade_C,960x1440,JPEG,CC0 1.0 Universal (public domain dedication),2026-08-05,10336983,137d5ef570c654559fb41710d50d8eec,uyui_15098.jpg,quality digit 4 = Fair quality -> Grade_C,3521.78
C_L4O_10338008.jpg,"Tobacco leaves dataset (Virginia flue-cured, Tanzania)",https://dataverse.harvard.edu/api/access/datafile/10338008,L4O,Grade_C,960x1440,JPEG,CC0 1.0 Universal (public domain dedication),2026-08-05,10338008,ce8ad5e33ea659a6a610f0bf6fb9237f,uyui_9448.jpg,quality digit 4 = Fair quality -> Grade_C,2410.36
C_L4O_10337672.jpg,"Tobacco leaves dataset (Virginia flue-cured, Tanzania)",https://dataverse.harvard.edu/api/access/datafile/10337672,L4O,Grade_C,960x1440,JPEG,CC0 1.0 Universal (public domain dedication),2026-08-05,10337672,9abe9290f187d5528fa74113a5102ad8,uyui_11833.jpg,quality digit 4 = Fair quality -> Grade_C,3098.06
C_L4O_10337806.jpg,"Tobacco leaves dataset (Virginia flue-cured, Tanzania)",https://dataverse.harvard.edu/api/access/datafile/10337806,L4O,Grade_C,960x1440,JPEG,CC0 1.0 Universal (public domain dedication),2026-08-05,10337806,b751b80756a2ab215b87dbfac5e72a9d,uyui_5704.jpg,quality digit 4 = Fair quality -> Grade_C,1877.42
C_L4O_10337012.jpg,"Tobacco leaves dataset (Virginia flue-cured, Tanzania)",https://dataverse.harvard.edu/api/access/datafile/10337012,L4O,Grade_C,960x1440,JPEG,CC0 1.0 Universal (public domain dedication),2026-08-05,10337012,d785f3ebaf106b31fe04f14a9c58b893,uyui_11706.jpg,quality digit 4 = Fair quality -> Grade_C,3495.49
C_L4O_10336997.jpg,"Tobacco leaves dataset (Virginia flue-cured, Tanzania)",https://dataverse.harvard.edu/api/access/datafile/10336997,L4O,Grade_C,960x1440,JPEG,CC0 1.0 Universal (public domain dedication),2026-08-05,10336997,6a25cf2cb1d1e97b57da29d7de1246bc,uyui_11736.jpg,quality digit 4 = Fair quality -> Grade_C,3491.06
C_L4O_10335499.jpg,"Tobacco leaves dataset (Virginia flue-cured, Tanzania)",https://dataverse.harvard.edu/api/access/datafile/10335499,L4O,Grade_C,960x1440,JPEG,CC0 1.0 Universal (public domain dedication),2026-08-05,10335499,eeab938d0dcc449e1581e73fa85ebcdb,manispaa_2613.jpg,quality digit 4 = Fair quality -> Grade_C,2256.25
C_L4O_10337915.jpg,"Tobacco leaves dataset (Virginia flue-cured, Tanzania)",https://dataverse.harvard.edu/api/access/datafile/10337915,L4O,Grade_C,960x1440,JPEG,CC0 1.0 Universal (public domain dedication),2026-08-05,10337915,f4d6ad338b23766367a9be5950f64322,uyui_9398.jpg,quality digit 4 = Fair quality -> Grade_C,2527.24
C_L4O_10337230.jpg,"Tobacco leaves dataset (Virginia flue-cured, Tanzania)",https://dataverse.harvard.edu/api/access/datafile/10337230,L4O,Grade_C,960x1440,JPEG,CC0 1.0 Universal (public domain dedication),2026-08-05,10337230,6695b73059dad75f72374199098fdf4f,urambo_5024.jpg,quality digit 4 = Fair quality -> Grade_C,3829.85
C_L4O_10335670.jpg,"Tobacco leaves dataset (Virginia flue-cured, Tanzania)",https://dataverse.harvard.edu/api/access/datafile/10335670,L4O,Grade_C,960x1440,JPEG,CC0 1.0 Universal (public domain dedication),2026-08-05,10335670,1e640c58c6751c23fa97f1ea0f9ba2e2,kaliua_7908.jpg,quality digit 4 = Fair quality -> Grade_C,2784.55
C_L4O_10336230.jpg,"Tobacco leaves dataset (Virginia flue-cured, Tanzania)",https://dataverse.harvard.edu/api/access/datafile/10336230,L4O,Grade_C,960x1440,JPEG,CC0 1.0 Universal (public domain dedication),2026-08-05,10336230,2d67f4eaac429d7a12be072d34a5e3fc,manispaa_5567.jpg,quality digit 4 = Fair quality -> Grade_C,3732.79
C_L4O_10338000.jpg,"Tobacco leaves dataset (Virginia flue-cured, Tanzania)",https://dataverse.harvard.edu/api/access/datafile/10338000,L4O,Grade_C,960x1440,JPEG,CC0 1.0 Universal (public domain dedication),2026-08-05,10338000,4630c4da2f1ca691cd92316f029e93c5,uyui_5553.jpg,quality digit 4 = Fair quality -> Grade_C,3554.79
C_L4O_10337015.jpg,"Tobacco leaves dataset (Virginia flue-cured, Tanzania)",https://dataverse.harvard.edu/api/access/datafile/10337015,L4O,Grade_C,960x1440,JPEG,CC0 1.0 Universal (public domain dedication),2026-08-05,10337015,0e8c6ab2a9c22f8a2421f0df4fefa6d4,uyui_15104.jpg,quality digit 4 = Fair quality -> Grade_C,3450.65
C_L4O_10336156.jpg,"Tobacco leaves dataset (Virginia flue-cured, Tanzania)",https://dataverse.harvard.edu/api/access/datafile/10336156,L4O,Grade_C,960x1440,JPEG,CC0 1.0 Universal (public domain dedication),2026-08-05,10336156,bdb3ec8a013aad570b6b30c2f37fb41e,manispaa_9055.jpg,quality digit 4 = Fair quality -> Grade_C,2307.75
C_L4O_10337135.jpg,"Tobacco leaves dataset (Virginia flue-cured, Tanzania)",https://dataverse.harvard.edu/api/access/datafile/10337135,L4O,Grade_C,960x1440,JPEG,CC0 1.0 Universal (public domain dedication),2026-08-05,10337135,6793c8ab3078408cccece7036c917b55,uyui_11657.jpg,quality digit 4 = Fair quality -> Grade_C,2839.9
C_L4O_10336970.jpg,"Tobacco leaves dataset (Virginia flue-cured, Tanzania)",https://dataverse.harvard.edu/api/access/datafile/10336970,L4O,Grade_C,960x1440,JPEG,CC0 1.0 Universal (public domain dedication),2026-08-05,10336970,6dd1f8c2c9c8ae640c0a26c7e429e185,uyui_15099.jpg,quality digit 4 = Fair quality -> Grade_C,3626.36
C_L4O_10336938.jpg,"Tobacco leaves dataset (Virginia flue-cured, Tanzania)",https://dataverse.harvard.edu/api/access/datafile/10336938,L4O,Grade_C,960x1440,JPEG,CC0 1.0 Universal (public domain dedication),2026-08-05,10336938,048e964d588243fc9e879b17d97c240a,uyui_11841.jpg,quality digit 4 = Fair quality -> Grade_C,3408.59
C_L4O_10337751.jpg,"Tobacco leaves dataset (Virginia flue-cured, Tanzania)",https://dataverse.harvard.edu/api/access/datafile/10337751,L4O,Grade_C,960x1440,JPEG,CC0 1.0 Universal (public domain dedication),2026-08-05,10337751,4d61211e4aebea1a2b5c96dc0d25727e,uyui_9437.jpg,quality digit 4 = Fair quality -> Grade_C,2720.16
C_L4O_10337771.jpg,"Tobacco leaves dataset (Virginia flue-cured, Tanzania)",https://dataverse.harvard.edu/api/access/datafile/10337771,L4O,Grade_C,960x1440,JPEG,CC0 1.0 Universal (public domain dedication),2026-08-05,10337771,8182a9ebbfdc24e20927a16f1f072cde,uyui_5649.jpg,quality digit 4 = Fair quality -> Grade_C,3600.27
C_L4O_10336616.jpg,"Tobacco leaves dataset (Virginia flue-cured, Tanzania)",https://dataverse.harvard.edu/api/access/datafile/10336616,L4O,Grade_C,960x1440,JPEG,CC0 1.0 Universal (public domain dedication),2026-08-05,10336616,28e6ebcf8fcba9362f7e2467c357ade3,manispaa_5535.jpg,quality digit 4 = Fair quality -> Grade_C,3771.63
C_L4O_10338027.jpg,"Tobacco leaves dataset (Virginia flue-cured, Tanzania)",https://dataverse.harvard.edu/api/access/datafile/10338027,L4O,Grade_C,960x1440,JPEG,CC0 1.0 Universal (public domain dedication),2026-08-05,10338027,0bcc62ebe0e4b194dd58b0bf2e6098ca,uyui_9445.jpg,quality digit 4 = Fair quality -> Grade_C,2033.74
C_L4O_10335419.jpg,"Tobacco leaves dataset (Virginia flue-cured, Tanzania)",https://dataverse.harvard.edu/api/access/datafile/10335419,L4O,Grade_C,960x1440,JPEG,CC0 1.0 Universal (public domain dedication),2026-08-05,10335419,fd37844fc1d06ee2bdc24278e97d081a,kaliua_2155.jpg,quality digit 4 = Fair quality -> Grade_C,2078.6
C_L4O_10335641.jpg,"Tobacco leaves dataset (Virginia flue-cured, Tanzania)",https://dataverse.harvard.edu/api/access/datafile/10335641,L4O,Grade_C,960x1440,JPEG,CC0 1.0 Universal (public domain dedication),2026-08-05,10335641,7f1464225a78b753098be4d25f243a95,kaliua_2146.jpg,quality digit 4 = Fair quality -> Grade_C,3587.15
C_L4O_10335579.jpg,"Tobacco leaves dataset (Virginia flue-cured, Tanzania)",https://dataverse.harvard.edu/api/access/datafile/10335579,L4O,Grade_C,960x1440,JPEG,CC0 1.0 Universal (public domain dedication),2026-08-05,10335579,91758117e5209adc8452b1c09a264425,manispaa_14097.jpg,quality digit 4 = Fair quality -> Grade_C,2874.77
C_L4O_10335578.jpg,"Tobacco leaves dataset (Virginia flue-cured, Tanzania)",https://dataverse.harvard.edu/api/access/datafile/10335578,L4O,Grade_C,960x1440,JPEG,CC0 1.0 Universal (public domain dedication),2026-08-05,10335578,451d3215d114cb10e2f9a0559207d199,manispaa_2569.jpg,quality digit 4 = Fair quality -> Grade_C,3017.87
C_L4O_10337676.jpg,"Tobacco leaves dataset (Virginia flue-cured, Tanzania)",https://dataverse.harvard.edu/api/access/datafile/10337676,L4O,Grade_C,960x1440,JPEG,CC0 1.0 Universal (public domain dedication),2026-08-05,10337676,078b0ac9c05878a6e7e665da1dc37e3d,urambo_4983.jpg,quality digit 4 = Fair quality -> Grade_C,2755.77
C_L4O_10337420.jpg,"Tobacco leaves dataset (Virginia flue-cured, Tanzania)",https://dataverse.harvard.edu/api/access/datafile/10337420,L4O,Grade_C,960x1440,JPEG,CC0 1.0 Universal (public domain dedication),2026-08-05,10337420,fc1c50bdca2337da7daded54f7f5f92f,uyui_11721.jpg,quality digit 4 = Fair quality -> Grade_C,3231.15
C_L4O_10337337.jpg,"Tobacco leaves dataset (Virginia flue-cured, Tanzania)",https://dataverse.harvard.edu/api/access/datafile/10337337,L4O,Grade_C,960x1440,JPEG,CC0 1.0 Universal (public domain dedication),2026-08-05,10337337,726d26ff713454b8508a2f27d325ab66,uyui_15046.jpg,quality digit 4 = Fair quality -> Grade_C,2818.85
C_L4O_10335236.jpg,"Tobacco leaves dataset (Virginia flue-cured, Tanzania)",https://dataverse.harvard.edu/api/access/datafile/10335236,L4O,Grade_C,960x1440,JPEG,CC0 1.0 Universal (public domain dedication),2026-08-05,10335236,e952d0c0933e20369fc80e684ad7b175,manispaa_5475.jpg,quality digit 4 = Fair quality -> Grade_C,3976.98
C_L4O_10337281.jpg,"Tobacco leaves dataset (Virginia flue-cured, Tanzania)",https://dataverse.harvard.edu/api/access/datafile/10337281,L4O,Grade_C,960x1440,JPEG,CC0 1.0 Universal (public domain dedication),2026-08-05,10337281,5edc9a0eea3f4f2aa528f62904e6d923,uyui_11818.jpg,quality digit 4 = Fair quality -> Grade_C,2972.8
C_L4O_10335996.jpg,"Tobacco leaves dataset (Virginia flue-cured, Tanzania)",https://dataverse.harvard.edu/api/access/datafile/10335996,L4O,Grade_C,960x1440,JPEG,CC0 1.0 Universal (public domain dedication),2026-08-05,10335996,6a2ce113f1c466b776d9a430e248ae68,manispaa_5738.jpg,quality digit 4 = Fair quality -> Grade_C,2332.81
C_L4O_10335841.jpg,"Tobacco leaves dataset (Virginia flue-cured, Tanzania)",https://dataverse.harvard.edu/api/access/datafile/10335841,L4O,Grade_C,960x1440,JPEG,CC0 1.0 Universal (public domain dedication),2026-08-05,10335841,abb035aa30ab60a2eabc44a3343e592f,kaliua_4651.jpg,quality digit 4 = Fair quality -> Grade_C,2380.08
C_L4O_10338065.jpg,"Tobacco leaves dataset (Virginia flue-cured, Tanzania)",https://dataverse.harvard.edu/api/access/datafile/10338065,L4O,Grade_C,960x1440,JPEG,CC0 1.0 Universal (public domain dedication),2026-08-05,10338065,781365fe8b4c9a172f6514f454363653,uyui_5678.jpg,quality digit 4 = Fair quality -> Grade_C,2200.33
C_L4O_10336841.jpg,"Tobacco leaves dataset (Virginia flue-cured, Tanzania)",https://dataverse.harvard.edu/api/access/datafile/10336841,L4O,Grade_C,960x1440,JPEG,CC0 1.0 Universal (public domain dedication),2026-08-05,10336841,36a2911e8a2022c0305c9390776d819f,manispaa_9009.jpg,quality digit 4 = Fair quality -> Grade_C,2404.16
C_L4O_10336736.jpg,"Tobacco leaves dataset (Virginia flue-cured, Tanzania)",https://dataverse.harvard.edu/api/access/datafile/10336736,L4O,Grade_C,960x1440,JPEG,CC0 1.0 Universal (public domain dedication),2026-08-05,10336736,2f281e2222b6b06f6c5f8bab1d5c54fc,Pro-Capture One 06146.jpg,quality digit 4 = Fair quality -> Grade_C,3581.71
C_L4O_10337782.jpg,"Tobacco leaves dataset (Virginia flue-cured, Tanzania)",https://dataverse.harvard.edu/api/access/datafile/10337782,L4O,Grade_C,960x1440,JPEG,CC0 1.0 Universal (public domain dedication),2026-08-05,10337782,7f3c970df94b7c8a97cd1d3c33b66317,uyui_5640.jpg,quality digit 4 = Fair quality -> Grade_C,2867.65
C_L4O_10337157.jpg,"Tobacco leaves dataset (Virginia flue-cured, Tanzania)",https://dataverse.harvard.edu/api/access/datafile/10337157,L4O,Grade_C,960x1440,JPEG,CC0 1.0 Universal (public domain dedication),2026-08-05,10337157,2d89fd7dcfb086c3cee8aa507a8a5106,uyui_11804.jpg,quality digit 4 = Fair quality -> Grade_C,3057.43
C_L4O_10337310.jpg,"Tobacco leaves dataset (Virginia flue-cured, Tanzania)",https://dataverse.harvard.edu/api/access/datafile/10337310,L4O,Grade_C,960x1440,JPEG,CC0 1.0 Universal (public domain dedication),2026-08-05,10337310,3c89bb64dfb0d0a2f9479b0ed4811e24,urambo_6171.jpg,quality digit 4 = Fair quality -> Grade_C,4476.67
C_L4O_10337357.jpg,"Tobacco leaves dataset (Virginia flue-cured, Tanzania)",https://dataverse.harvard.edu/api/access/datafile/10337357,L4O,Grade_C,960x1440,JPEG,CC0 1.0 Universal (public domain dedication),2026-08-05,10337357,69d6eefc7e6d53620283518bfd284e26,uyui_11780.jpg,quality digit 4 = Fair quality -> Grade_C,2892.57
C_L4O_10337283.jpg,"Tobacco leaves dataset (Virginia flue-cured, Tanzania)",https://dataverse.harvard.edu/api/access/datafile/10337283,L4O,Grade_C,960x1440,JPEG,CC0 1.0 Universal (public domain dedication),2026-08-05,10337283,34b618c557b66783301a3fbe95701df0,uyui_11881.jpg,quality digit 4 = Fair quality -> Grade_C,3303.95
C_L4O_10336763.jpg,"Tobacco leaves dataset (Virginia flue-cured, Tanzania)",https://dataverse.harvard.edu/api/access/datafile/10336763,L4O,Grade_C,960x1440,JPEG,CC0 1.0 Universal (public domain dedication),2026-08-05,10336763,ffa61ecc39bc9807bdb917696e93180c,manispaa_5656.jpg,quality digit 4 = Fair quality -> Grade_C,3621.9
C_L4O_10337882.jpg,"Tobacco leaves dataset (Virginia flue-cured, Tanzania)",https://dataverse.harvard.edu/api/access/datafile/10337882,L4O,Grade_C,960x1440,JPEG,CC0 1.0 Universal (public domain dedication),2026-08-05,10337882,38064aaa0433ae7aedf26099dab52259,uyui_5711.jpg,quality digit 4 = Fair quality -> Grade_C,1805.94
C_L4O_10337917.jpg,"Tobacco leaves dataset (Virginia flue-cured, Tanzania)",https://dataverse.harvard.edu/api/access/datafile/10337917,L4O,Grade_C,960x1440,JPEG,CC0 1.0 Universal (public domain dedication),2026-08-05,10337917,8cead8291965b8015a878b49293dcb83,uyui_5580.jpg,quality digit 4 = Fair quality -> Grade_C,3004.16
C_L4O_10335388.jpg,"Tobacco leaves dataset (Virginia flue-cured, Tanzania)",https://dataverse.harvard.edu/api/access/datafile/10335388,L4O,Grade_C,960x1440,JPEG,CC0 1.0 Universal (public domain dedication),2026-08-05,10335388,867ce5338ae67212cb066fd7beb9d750,kaliua_4614.jpg,quality digit 4 = Fair quality -> Grade_C,2798.01
C_L4O_10337754.jpg,"Tobacco leaves dataset (Virginia flue-cured, Tanzania)",https://dataverse.harvard.edu/api/access/datafile/10337754,L4O,Grade_C,960x1440,JPEG,CC0 1.0 Universal (public domain dedication),2026-08-05,10337754,ff6bc7c3da6a606864abe56b57678c3e,uyui_9403.jpg,quality digit 4 = Fair quality -> Grade_C,2339.22
C_L4O_10336519.jpg,"Tobacco leaves dataset (Virginia flue-cured, Tanzania)",https://dataverse.harvard.edu/api/access/datafile/10336519,L4O,Grade_C,960x1440,JPEG,CC0 1.0 Universal (public domain dedication),2026-08-05,10336519,f68973ed2edf10a0f7578f1bf362ee78,manispaa_5594.jpg,quality digit 4 = Fair quality -> Grade_C,4418.16
C_L4O_10336281.jpg,"Tobacco leaves dataset (Virginia flue-cured, Tanzania)",https://dataverse.harvard.edu/api/access/datafile/10336281,L4O,Grade_C,960x1440,JPEG,CC0 1.0 Universal (public domain dedication),2026-08-05,10336281,76d96b79355599c13f38bdfa4617ec81,ProCapture One 06163 (2).jpg,quality digit 4 = Fair quality -> Grade_C,3114.2
C_L4O_10337085.jpg,"Tobacco leaves dataset (Virginia flue-cured, Tanzania)",https://dataverse.harvard.edu/api/access/datafile/10337085,L4O,Grade_C,960x1440,JPEG,CC0 1.0 Universal (public domain dedication),2026-08-05,10337085,3ae343d395d6d76329248b9b386ce75b,urambo_3182.jpg,quality digit 4 = Fair quality -> Grade_C,3078.53
C_L4O_10336295.jpg,"Tobacco leaves dataset (Virginia flue-cured, Tanzania)",https://dataverse.harvard.edu/api/access/datafile/10336295,L4O,Grade_C,960x1440,JPEG,CC0 1.0 Universal (public domain dedication),2026-08-05,10336295,0419bf3f66a2fa125b47ee2617d53952,Pro-Capture One 06160.jpg,quality digit 4 = Fair quality -> Grade_C,3373.88
C_L4O_10338014.jpg,"Tobacco leaves dataset (Virginia flue-cured, Tanzania)",https://dataverse.harvard.edu/api/access/datafile/10338014,L4O,Grade_C,960x1440,JPEG,CC0 1.0 Universal (public domain dedication),2026-08-05,10338014,ff3bc825584c2c95168f4b0dde8f11c1,uyui_5584.jpg,quality digit 4 = Fair quality -> Grade_C,2621.24
C_L4O_10337718.jpg,"Tobacco leaves dataset (Virginia flue-cured, Tanzania)",https://dataverse.harvard.edu/api/access/datafile/10337718,L4O,Grade_C,960x1440,JPEG,CC0 1.0 Universal (public domain dedication),2026-08-05,10337718,f9c9f6e6a617767456b448b226f04c1b,uyui_5566.jpg,quality digit 4 = Fair quality -> Grade_C,3246.78
C_L4O_10337022.jpg,"Tobacco leaves dataset (Virginia flue-cured, Tanzania)",https://dataverse.harvard.edu/api/access/datafile/10337022,L4O,Grade_C,960x1440,JPEG,CC0 1.0 Universal (public domain dedication),2026-08-05,10337022,0478dfc5d33faa2cc03908fd8998e8e1,uyui_15067.jpg,quality digit 4 = Fair quality -> Grade_C,2166.78
C_L4O_10337555.jpg,"Tobacco leaves dataset (Virginia flue-cured, Tanzania)",https://dataverse.harvard.edu/api/access/datafile/10337555,L4O,Grade_C,960x1440,JPEG,CC0 1.0 Universal (public domain dedication),2026-08-05,10337555,f17b80faf3429c29c58227b8638d4793,uyui_11865.jpg,quality digit 4 = Fair quality -> Grade_C,3427.27
C_L4O_10335261.jpg,"Tobacco leaves dataset (Virginia flue-cured, Tanzania)",https://dataverse.harvard.edu/api/access/datafile/10335261,L4O,Grade_C,960x1440,JPEG,CC0 1.0 Universal (public domain dedication),2026-08-05,10335261,d940bcf4388e5620275140b693c0c719,manispaa_14157.jpg,quality digit 4 = Fair quality -> Grade_C,2561.85
C_L4O_10337748.jpg,"Tobacco leaves dataset (Virginia flue-cured, Tanzania)",https://dataverse.harvard.edu/api/access/datafile/10337748,L4O,Grade_C,960x1440,JPEG,CC0 1.0 Universal (public domain dedication),2026-08-05,10337748,161360d1e466126229210046f5f77505,uyui_15119.jpg,quality digit 4 = Fair quality -> Grade_C,3589.65
C_L4O_10337691.jpg,"Tobacco leaves dataset (Virginia flue-cured, Tanzania)",https://dataverse.harvard.edu/api/access/datafile/10337691,L4O,Grade_C,960x1440,JPEG,CC0 1.0 Universal (public domain dedication),2026-08-05,10337691,d8a37abbaa07cf1612c54d36afdb6396,urambo_4989.jpg,quality digit 4 = Fair quality -> Grade_C,3636.17
C_L4O_10336776.jpg,"Tobacco leaves dataset (Virginia flue-cured, Tanzania)",https://dataverse.harvard.edu/api/access/datafile/10336776,L4O,Grade_C,960x1440,JPEG,CC0 1.0 Universal (public domain dedication),2026-08-05,10336776,fd7b8d573948c8f605ffeaf7ded30829,manispaa_8987.jpg,quality digit 4 = Fair quality -> Grade_C,2541.57
C_L4O_10335113.jpg,"Tobacco leaves dataset (Virginia flue-cured, Tanzania)",https://dataverse.harvard.edu/api/access/datafile/10335113,L4O,Grade_C,960x1440,JPEG,CC0 1.0 Universal (public domain dedication),2026-08-05,10335113,6f47fb095b5abc440a57cfca249362a8,kaliua_9426.jpg,quality digit 4 = Fair quality -> Grade_C,3947.0
C_L4O_10336998.jpg,"Tobacco leaves dataset (Virginia flue-cured, Tanzania)",https://dataverse.harvard.edu/api/access/datafile/10336998,L4O,Grade_C,960x1440,JPEG,CC0 1.0 Universal (public domain dedication),2026-08-05,10336998,35475fa0a76054ce9f13a2b9142d62fe,uyui_11653.jpg,quality digit 4 = Fair quality -> Grade_C,3121.16
C_L4O_10336128.jpg,"Tobacco leaves dataset (Virginia flue-cured, Tanzania)",https://dataverse.harvard.edu/api/access/datafile/10336128,L4O,Grade_C,960x1440,JPEG,CC0 1.0 Universal (public domain dedication),2026-08-05,10336128,08382f0f9497636f0d50a0d0b04597ad,manispaa_8977.jpg,quality digit 4 = Fair quality -> Grade_C,2976.65
C_L4O_10335860.jpg,"Tobacco leaves dataset (Virginia flue-cured, Tanzania)",https://dataverse.harvard.edu/api/access/datafile/10335860,L4O,Grade_C,960x1440,JPEG,CC0 1.0 Universal (public domain dedication),2026-08-05,10335860,6ca50502c0eb642015559ca6d26734e6,manispaa_2464.jpg,quality digit 4 = Fair quality -> Grade_C,1899.5
C_L4O_10337163.jpg,"Tobacco leaves dataset (Virginia flue-cured, Tanzania)",https://dataverse.harvard.edu/api/access/datafile/10337163,L4O,Grade_C,960x1440,JPEG,CC0 1.0 Universal (public domain dedication),2026-08-05,10337163,2d41ef81fb1a36e7e9977256cbf0832b,uyui_11649.jpg,quality digit 4 = Fair quality -> Grade_C,3452.62
C_L4O_10337635.jpg,"Tobacco leaves dataset (Virginia flue-cured, Tanzania)",https://dataverse.harvard.edu/api/access/datafile/10337635,L4O,Grade_C,960x1440,JPEG,CC0 1.0 Universal (public domain dedication),2026-08-05,10337635,7080090441d6259a06847170a2eb87b3,uyui_15094.jpg,quality digit 4 = Fair quality -> Grade_C,3273.07
C_L4O_10336707.jpg,"Tobacco leaves dataset (Virginia flue-cured, Tanzania)",https://dataverse.harvard.edu/api/access/datafile/10336707,L4O,Grade_C,960x1440,JPEG,CC0 1.0 Universal (public domain dedication),2026-08-05,10336707,29dd291b2e279b0cede6ee5a960bb89d,manispaa_5747.jpg,quality digit 4 = Fair quality -> Grade_C,1951.6
C_L4O_10335621.jpg,"Tobacco leaves dataset (Virginia flue-cured, Tanzania)",https://dataverse.harvard.edu/api/access/datafile/10335621,L4O,Grade_C,960x1440,JPEG,CC0 1.0 Universal (public domain dedication),2026-08-05,10335621,cdad7982faa389eb25b50e0446a3258a,kaliua_2218.jpg,quality digit 4 = Fair quality -> Grade_C,3280.52
C_L4O_10336740.jpg,"Tobacco leaves dataset (Virginia flue-cured, Tanzania)",https://dataverse.harvard.edu/api/access/datafile/10336740,L4O,Grade_C,960x1440,JPEG,CC0 1.0 Universal (public domain dedication),2026-08-05,10336740,a872c8b6eaf43a65ee4691198d85ef91,manispaa_9126.jpg,quality digit 4 = Fair quality -> Grade_C,2480.33
C_L4O_10335432.jpg,"Tobacco leaves dataset (Virginia flue-cured, Tanzania)",https://dataverse.harvard.edu/api/access/datafile/10335432,L4O,Grade_C,960x1440,JPEG,CC0 1.0 Universal (public domain dedication),2026-08-05,10335432,e5cf224853b1717cffc012dadc659816,kaliua_2060.jpg,quality digit 4 = Fair quality -> Grade_C,3943.91
C_L4O_10335830.jpg,"Tobacco leaves dataset (Virginia flue-cured, Tanzania)",https://dataverse.harvard.edu/api/access/datafile/10335830,L4O,Grade_C,960x1440,JPEG,CC0 1.0 Universal (public domain dedication),2026-08-05,10335830,c463076ed294161802fba176ea418497,kaliua_2147.jpg,quality digit 4 = Fair quality -> Grade_C,3165.25
C_L4O_10336845.jpg,"Tobacco leaves dataset (Virginia flue-cured, Tanzania)",https://dataverse.harvard.edu/api/access/datafile/10336845,L4O,Grade_C,960x1440,JPEG,CC0 1.0 Universal (public domain dedication),2026-08-05,10336845,ec5ac60b253992c367688ec6b696e5cd,manispaa_9048.jpg,quality digit 4 = Fair quality -> Grade_C,2519.02
C_L4O_10336912.jpg,"Tobacco leaves dataset (Virginia flue-cured, Tanzania)",https://dataverse.harvard.edu/api/access/datafile/10336912,L4O,Grade_C,960x1440,JPEG,CC0 1.0 Universal (public domain dedication),2026-08-05,10336912,bbaf4d570eaa58cb21bceae75ddaec47,urambo_3209.jpg,quality digit 4 = Fair quality -> Grade_C,3016.13
C_L4O_10336174.jpg,"Tobacco leaves dataset (Virginia flue-cured, Tanzania)",https://dataverse.harvard.edu/api/access/datafile/10336174,L4O,Grade_C,960x1440,JPEG,CC0 1.0 Universal (public domain dedication),2026-08-05,10336174,05bbf3d5bfc731559451bcce81e2853c,manispaa_5874.jpg,quality digit 4 = Fair quality -> Grade_C,2365.19
C_L4O_10337331.jpg,"Tobacco leaves dataset (Virginia flue-cured, Tanzania)",https://dataverse.harvard.edu/api/access/datafile/10337331,L4O,Grade_C,960x1440,JPEG,CC0 1.0 Universal (public domain dedication),2026-08-05,10337331,1573e671533ad6a771bb620337e4c336,urambo_3175.jpg,quality digit 4 = Fair quality -> Grade_C,2417.07
C_L4O_10335572.jpg,"Tobacco leaves dataset (Virginia flue-cured, Tanzania)",https://dataverse.harvard.edu/api/access/datafile/10335572,L4O,Grade_C,960x1440,JPEG,CC0 1.0 Universal (public domain dedication),2026-08-05,10335572,93b93c3c2b444417385720b6b5c019fa,manispaa_5422.jpg,quality digit 4 = Fair quality -> Grade_C,3662.46
C_L4O_10336885.jpg,"Tobacco leaves dataset (Virginia flue-cured, Tanzania)",https://dataverse.harvard.edu/api/access/datafile/10336885,L4O,Grade_C,960x1440,JPEG,CC0 1.0 Universal (public domain dedication),2026-08-05,10336885,1ba3fd15d46d5362d2d766887b2f8d63,uyui_11802.jpg,quality digit 4 = Fair quality -> Grade_C,2830.13
C_L4O_10335445.jpg,"Tobacco leaves dataset (Virginia flue-cured, Tanzania)",https://dataverse.harvard.edu/api/access/datafile/10335445,L4O,Grade_C,960x1440,JPEG,CC0 1.0 Universal (public domain dedication),2026-08-05,10335445,28afd5f601ee5287a759cbf3c32e086a,kaliua_2041.jpg,quality digit 4 = Fair quality -> Grade_C,3310.04
C_L4O_10337624.jpg,"Tobacco leaves dataset (Virginia flue-cured, Tanzania)",https://dataverse.harvard.edu/api/access/datafile/10337624,L4O,Grade_C,960x1440,JPEG,CC0 1.0 Universal (public domain dedication),2026-08-05,10337624,e62340c26a29c8ad495ed8f1cf3ae4f9,uyui_11901.jpg,quality digit 4 = Fair quality -> Grade_C,3202.93
C_L4O_10336943.jpg,"Tobacco leaves dataset (Virginia flue-cured, Tanzania)",https://dataverse.harvard.edu/api/access/datafile/10336943,L4O,Grade_C,960x1440,JPEG,CC0 1.0 Universal (public domain dedication),2026-08-05,10336943,51b0bcd2164aa4ee4fa96061978ed177,uyui_11875.jpg,quality digit 4 = Fair quality -> Grade_C,3331.86
C_L4O_10337379.jpg,"Tobacco leaves dataset (Virginia flue-cured, Tanzania)",https://dataverse.harvard.edu/api/access/datafile/10337379,L4O,Grade_C,960x1440,JPEG,CC0 1.0 Universal (public domain dedication),2026-08-05,10337379,a960f5db0b58261b55252025bb26d554,urambo_5010.jpg,quality digit 4 = Fair quality -> Grade_C,3177.35
C_L4O_10335481.jpg,"Tobacco leaves dataset (Virginia flue-cured, Tanzania)",https://dataverse.harvard.edu/api/access/datafile/10335481,L4O,Grade_C,960x1440,JPEG,CC0 1.0 Universal (public domain dedication),2026-08-05,10335481,cb97bac9c6cfbe94aa22ebdc21866dd7,kaliua_2203.jpg,quality digit 4 = Fair quality -> Grade_C,3104.43
C_L4O_10337859.jpg,"Tobacco leaves dataset (Virginia flue-cured, Tanzania)",https://dataverse.harvard.edu/api/access/datafile/10337859,L4O,Grade_C,960x1440,JPEG,CC0 1.0 Universal (public domain dedication),2026-08-05,10337859,6f6727534e0ca28d0761729c05ded073,uyui_9396.jpg,quality digit 4 = Fair quality -> Grade_C,2198.26
C_L4O_10335422.jpg,"Tobacco leaves dataset (Virginia flue-cured, Tanzania)",https://dataverse.harvard.edu/api/access/datafile/10335422,L4O,Grade_C,960x1440,JPEG,CC0 1.0 Universal (public domain dedication),2026-08-05,10335422,827d7eb05cbfe4a4f92e2c871eb6da2a,kaliua_7928.jpg,quality digit 4 = Fair quality -> Grade_C,2359.34
C_L4O_10337353.jpg,"Tobacco leaves dataset (Virginia flue-cured, Tanzania)",https://dataverse.harvard.edu/api/access/datafile/10337353,L4O,Grade_C,960x1440,JPEG,CC0 1.0 Universal (public domain dedication),2026-08-05,10337353,8de01a121afa91d1e4ea5876271f5cf0,uyui_11630.jpg,quality digit 4 = Fair quality -> Grade_C,3725.32
C_L4O_10335098.jpg,"Tobacco leaves dataset (Virginia flue-cured, Tanzania)",https://dataverse.harvard.edu/api/access/datafile/10335098,L4O,Grade_C,960x1440,JPEG,CC0 1.0 Universal (public domain dedication),2026-08-05,10335098,ea10d6b5ed6409e9cd61dab081271f8f,manispaa_14100.jpg,quality digit 4 = Fair quality -> Grade_C,2723.94
C_L4O_10336241.jpg,"Tobacco leaves dataset (Virginia flue-cured, Tanzania)",https://dataverse.harvard.edu/api/access/datafile/10336241,L4O,Grade_C,960x1440,JPEG,CC0 1.0 Universal (public domain dedication),2026-08-05,10336241,d54a82aa4efb34a45dcdf7ff1a9b5075,manispaa_5696.jpg,quality digit 4 = Fair quality -> Grade_C,2012.54
C_L4O_10337336.jpg,"Tobacco leaves dataset (Virginia flue-cured, Tanzania)",https://dataverse.harvard.edu/api/access/datafile/10337336,L4O,Grade_C,960x1440,JPEG,CC0 1.0 Universal (public domain dedication),2026-08-05,10337336,8ed3f75a751c5193b4d0da3b82163143,uyui_11577.jpg,quality digit 4 = Fair quality -> Grade_C,2967.95
C_L4O_10337195.jpg,"Tobacco leaves dataset (Virginia flue-cured, Tanzania)",https://dataverse.harvard.edu/api/access/datafile/10337195,L4O,Grade_C,960x1440,JPEG,CC0 1.0 Universal (public domain dedication),2026-08-05,10337195,00fbd407b383f843c9e01bdbeb419f62,uyui_11587.jpg,quality digit 4 = Fair quality -> Grade_C,3324.17
C_L4O_10336759.jpg,"Tobacco leaves dataset (Virginia flue-cured, Tanzania)",https://dataverse.harvard.edu/api/access/datafile/10336759,L4O,Grade_C,960x1440,JPEG,CC0 1.0 Universal (public domain dedication),2026-08-05,10336759,edae163e2a489b65feb3166f219b2973,manispaa_9051.jpg,quality digit 4 = Fair quality -> Grade_C,2374.52
C_L4O_10337351.jpg,"Tobacco leaves dataset (Virginia flue-cured, Tanzania)",https://dataverse.harvard.edu/api/access/datafile/10337351,L4O,Grade_C,960x1440,JPEG,CC0 1.0 Universal (public domain dedication),2026-08-05,10337351,43c4df3944a902848aa51425afc68a65,uyui_11590.jpg,quality digit 4 = Fair quality -> Grade_C,3164.14
C_L4O_10336936.jpg,"Tobacco leaves dataset (Virginia flue-cured, Tanzania)",https://dataverse.harvard.edu/api/access/datafile/10336936,L4O,Grade_C,960x1440,JPEG,CC0 1.0 Universal (public domain dedication),2026-08-05,10336936,369e3abac5b49d8e7438c006edbe75d9,uyui_11753.jpg,quality digit 4 = Fair quality -> Grade_C,2305.72
C_L4O_10337489.jpg,"Tobacco leaves dataset (Virginia flue-cured, Tanzania)",https://dataverse.harvard.edu/api/access/datafile/10337489,L4O,Grade_C,960x1440,JPEG,CC0 1.0 Universal (public domain dedication),2026-08-05,10337489,60219fbacdb51e9559cea1fc5d59867e,uyui_11737.jpg,quality digit 4 = Fair quality -> Grade_C,4173.1
C_L4O_10337435.jpg,"Tobacco leaves dataset (Virginia flue-cured, Tanzania)",https://dataverse.harvard.edu/api/access/datafile/10337435,L4O,Grade_C,960x1440,JPEG,CC0 1.0 Universal (public domain dedication),2026-08-05,10337435,de8462d47b170882e5f8b95056051c3d,urambo_4930.jpg,quality digit 4 = Fair quality -> Grade_C,4043.94
C_L4O_10335088.jpg,"Tobacco leaves dataset (Virginia flue-cured, Tanzania)",https://dataverse.harvard.edu/api/access/datafile/10335088,L4O,Grade_C,960x1440,JPEG,CC0 1.0 Universal (public domain dedication),2026-08-05,10335088,d57303d9f4f94655e85a2d475d55b06a,manispaa_2484.jpg,quality digit 4 = Fair quality -> Grade_C,2186.53
C_L4O_10336593.jpg,"Tobacco leaves dataset (Virginia flue-cured, Tanzania)",https://dataverse.harvard.edu/api/access/datafile/10336593,L4O,Grade_C,960x1440,JPEG,CC0 1.0 Universal (public domain dedication),2026-08-05,10336593,872c0ba66034252030e1d4ba8282489b,manispaa_9103.jpg,quality digit 4 = Fair quality -> Grade_C,2144.98
C_L4O_10335535.jpg,"Tobacco leaves dataset (Virginia flue-cured, Tanzania)",https://dataverse.harvard.edu/api/access/datafile/10335535,L4O,Grade_C,960x1440,JPEG,CC0 1.0 Universal (public domain dedication),2026-08-05,10335535,4f0569e67d4fdfe2e0849d2f64bf13d0,manispaa_14214.jpg,quality digit 4 = Fair quality -> Grade_C,3351.54
C_L4O_10335889.jpg,"Tobacco leaves dataset (Virginia flue-cured, Tanzania)",https://dataverse.harvard.edu/api/access/datafile/10335889,L4O,Grade_C,960x1440,JPEG,CC0 1.0 Universal (public domain dedication),2026-08-05,10335889,a5054986b2445d4e0321a7d8642ce44a,manispaa_2642.jpg,quality digit 4 = Fair quality -> Grade_C,2755.51
C_L4O_10335745.jpg,"Tobacco leaves dataset (Virginia flue-cured, Tanzania)",https://dataverse.harvard.edu/api/access/datafile/10335745,L4O,Grade_C,960x1440,JPEG,CC0 1.0 Universal (public domain dedication),2026-08-05,10335745,c31b26163bacb078028b5586d65cae69,kaliua_9419.jpg,quality digit 4 = Fair quality -> Grade_C,3576.31
C_L4O_10337498.jpg,"Tobacco leaves dataset (Virginia flue-cured, Tanzania)",https://dataverse.harvard.edu/api/access/datafile/10337498,L4O,Grade_C,960x1440,JPEG,CC0 1.0 Universal (public domain dedication),2026-08-05,10337498,533ad8e75ca096d13a6810df907f7571,urambo_3168.jpg,quality digit 4 = Fair quality -> Grade_C,2588.97
C_L4O_10338024.jpg,"Tobacco leaves dataset (Virginia flue-cured, Tanzania)",https://dataverse.harvard.edu/api/access/datafile/10338024,L4O,Grade_C,960x1440,JPEG,CC0 1.0 Universal (public domain dedication),2026-08-05,10338024,9125e666e015d992abfc56c222fdfed5,uyui_5674.jpg,quality digit 4 = Fair quality -> Grade_C,1530.0
C_L4O_10337767.jpg,"Tobacco leaves dataset (Virginia flue-cured, Tanzania)",https://dataverse.harvard.edu/api/access/datafile/10337767,L4O,Grade_C,960x1440,JPEG,CC0 1.0 Universal (public domain dedication),2026-08-05,10337767,ecd57ad3b5ef9f441d443072a70d3fc0,uyui_2263.jpg,quality digit 4 = Fair quality -> Grade_C,2538.93
C_L4O_10337946.jpg,"Tobacco leaves dataset (Virginia flue-cured, Tanzania)",https://dataverse.harvard.edu/api/access/datafile/10337946,L4O,Grade_C,960x1440,JPEG,CC0 1.0 Universal (public domain dedication),2026-08-05,10337946,84cc1117310164283ae3ae34dbadbf6a,uyui_5630.jpg,quality digit 4 = Fair quality -> Grade_C,3258.2
C_L4O_10336875.jpg,"Tobacco leaves dataset (Virginia flue-cured, Tanzania)",https://dataverse.harvard.edu/api/access/datafile/10336875,L4O,Grade_C,960x1440,JPEG,CC0 1.0 Universal (public domain dedication),2026-08-05,10336875,343d64d87039ab51f3789b7d89c957a3,uyui_11823.jpg,quality digit 4 = Fair quality -> Grade_C,2386.0
C_L4O_10336327.jpg,"Tobacco leaves dataset (Virginia flue-cured, Tanzania)",https://dataverse.harvard.edu/api/access/datafile/10336327,L4O,Grade_C,960x1440,JPEG,CC0 1.0 Universal (public domain dedication),2026-08-05,10336327,8142d87b6ab8fefaf2513b660e68ef04,manispaa_5715.jpg,quality digit 4 = Fair quality -> Grade_C,2157.3
C_L4O_10335298.jpg,"Tobacco leaves dataset (Virginia flue-cured, Tanzania)",https://dataverse.harvard.edu/api/access/datafile/10335298,L4O,Grade_C,960x1440,JPEG,CC0 1.0 Universal (public domain dedication),2026-08-05,10335298,3f07e80660fbcab60cecfceecf5ccd77,kaliua_1979.jpg,quality digit 4 = Fair quality -> Grade_C,3615.49
C_L4O_10337921.jpg,"Tobacco leaves dataset (Virginia flue-cured, Tanzania)",https://dataverse.harvard.edu/api/access/datafile/10337921,L4O,Grade_C,960x1440,JPEG,CC0 1.0 Universal (public domain dedication),2026-08-05,10337921,545b19e9649d614a09e1f0e6f28f629e,uyui_5591.jpg,quality digit 4 = Fair quality -> Grade_C,2875.51
C_L4O_10336401.jpg,"Tobacco leaves dataset (Virginia flue-cured, Tanzania)",https://dataverse.harvard.edu/api/access/datafile/10336401,L4O,Grade_C,960x1440,JPEG,CC0 1.0 Universal (public domain dedication),2026-08-05,10336401,355e54f541db1a77825b50fe2c120700,manispaa_5762.jpg,quality digit 4 = Fair quality -> Grade_C,1983.78
C_L4O_10335959.jpg,"Tobacco leaves dataset (Virginia flue-cured, Tanzania)",https://dataverse.harvard.edu/api/access/datafile/10335959,L4O,Grade_C,960x1440,JPEG,CC0 1.0 Universal (public domain dedication),2026-08-05,10335959,4fef5d2927ebb1304a24bc79555c68d7,kaliua_4663.jpg,quality digit 4 = Fair quality -> Grade_C,2525.21
C_L4O_10337698.jpg,"Tobacco leaves dataset (Virginia flue-cured, Tanzania)",https://dataverse.harvard.edu/api/access/datafile/10337698,L4O,Grade_C,960x1440,JPEG,CC0 1.0 Universal (public domain dedication),2026-08-05,10337698,2a273bfe0ae544e31cf337c1ca3199c7,urambo_3062.jpg,quality digit 4 = Fair quality -> Grade_C,3207.61
C_L4O_10337586.jpg,"Tobacco leaves dataset (Virginia flue-cured, Tanzania)",https://dataverse.harvard.edu/api/access/datafile/10337586,L4O,Grade_C,960x1440,JPEG,CC0 1.0 Universal (public domain dedication),2026-08-05,10337586,cc4315abf797a70677e43d0f006a79b0,uyui_11563.jpg,quality digit 4 = Fair quality -> Grade_C,2967.98
C_L4O_10337948.jpg,"Tobacco leaves dataset (Virginia flue-cured, Tanzania)",https://dataverse.harvard.edu/api/access/datafile/10337948,L4O,Grade_C,960x1440,JPEG,CC0 1.0 Universal (public domain dedication),2026-08-05,10337948,bcc39e84eac0dfbfe6635fb43d5090f1,uyui_5607.jpg,quality digit 4 = Fair quality -> Grade_C,3675.16
C_L4O_10336005.jpg,"Tobacco leaves dataset (Virginia flue-cured, Tanzania)",https://dataverse.harvard.edu/api/access/datafile/10336005,L4O,Grade_C,960x1440,JPEG,CC0 1.0 Universal (public domain dedication),2026-08-05,10336005,bcfef900e92c197a3936ac5037a0067b,manispaa_5750.jpg,quality digit 4 = Fair quality -> Grade_C,2107.19
C_L4O_10337111.jpg,"Tobacco leaves dataset (Virginia flue-cured, Tanzania)",https://dataverse.harvard.edu/api/access/datafile/10337111,L4O,Grade_C,960x1440,JPEG,CC0 1.0 Universal (public domain dedication),2026-08-05,10337111,ea4d50f68199d3e609fcb387953eb2d7,urambo_3071.jpg,quality digit 4 = Fair quality -> Grade_C,3725.08
C_L4O_10335961.jpg,"Tobacco leaves dataset (Virginia flue-cured, Tanzania)",https://dataverse.harvard.edu/api/access/datafile/10335961,L4O,Grade_C,960x1440,JPEG,CC0 1.0 Universal (public domain dedication),2026-08-05,10335961,33ebfe3f6040e62db59a04673e767152,kaliua_9425.jpg,quality digit 4 = Fair quality -> Grade_C,3833.5
C_L4O_10336753.jpg,"Tobacco leaves dataset (Virginia flue-cured, Tanzania)",https://dataverse.harvard.edu/api/access/datafile/10336753,L4O,Grade_C,960x1440,JPEG,CC0 1.0 Universal (public domain dedication),2026-08-05,10336753,a0deb6c69de743bc84da74d5b1e2a231,urambo_1498.jpg,quality digit 4 = Fair quality -> Grade_C,3113.83
C_L4O_10336300.jpg,"Tobacco leaves dataset (Virginia flue-cured, Tanzania)",https://dataverse.harvard.edu/api/access/datafile/10336300,L4O,Grade_C,960x1440,JPEG,CC0 1.0 Universal (public domain dedication),2026-08-05,10336300,9592f8bb184ae5837ed144af897e52d4,Pro-Capture One 06159.jpg,quality digit 4 = Fair quality -> Grade_C,3575.76
C_L4O_10336905.jpg,"Tobacco leaves dataset (Virginia flue-cured, Tanzania)",https://dataverse.harvard.edu/api/access/datafile/10336905,L4O,Grade_C,960x1440,JPEG,CC0 1.0 Universal (public domain dedication),2026-08-05,10336905,6ba6306902cbc73d3c7cd3ff70cd9b75,urambo_3047.jpg,quality digit 4 = Fair quality -> Grade_C,2819.68
C_L4O_10336924.jpg,"Tobacco leaves dataset (Virginia flue-cured, Tanzania)",https://dataverse.harvard.edu/api/access/datafile/10336924,L4O,Grade_C,960x1440,JPEG,CC0 1.0 Universal (public domain dedication),2026-08-05,10336924,8fcf430df338b62ebb4ca0204da586b0,urambo_3068.jpg,quality digit 4 = Fair quality -> Grade_C,3464.78
C_L4O_10337044.jpg,"Tobacco leaves dataset (Virginia flue-cured, Tanzania)",https://dataverse.harvard.edu/api/access/datafile/10337044,L4O,Grade_C,960x1440,JPEG,CC0 1.0 Universal (public domain dedication),2026-08-05,10337044,cd0e010f0bd47a34fbf81403c611514c,urambo_3186.jpg,quality digit 4 = Fair quality -> Grade_C,2710.52
C_L4O_10336138.jpg,"Tobacco leaves dataset (Virginia flue-cured, Tanzania)",https://dataverse.harvard.edu/api/access/datafile/10336138,L4O,Grade_C,960x1440,JPEG,CC0 1.0 Universal (public domain dedication),2026-08-05,10336138,cae42ca6225166f40598111526bc1b01,manispaa_5737.jpg,quality digit 4 = Fair quality -> Grade_C,2053.42
C_L4O_10337456.jpg,"Tobacco leaves dataset (Virginia flue-cured, Tanzania)",https://dataverse.harvard.edu/api/access/datafile/10337456,L4O,Grade_C,960x1440,JPEG,CC0 1.0 Universal (public domain dedication),2026-08-05,10337456,bfd58ea94c5a6940668ef19fc2861e84,uyui_11609.jpg,quality digit 4 = Fair quality -> Grade_C,3270.6
C_L4O_10337417.jpg,"Tobacco leaves dataset (Virginia flue-cured, Tanzania)",https://dataverse.harvard.edu/api/access/datafile/10337417,L4O,Grade_C,960x1440,JPEG,CC0 1.0 Universal (public domain dedication),2026-08-05,10337417,b3398beda0308f4b34828185a5e56382,urambo_3059.jpg,quality digit 4 = Fair quality -> Grade_C,2608.93
C_L4O_10336228.jpg,"Tobacco leaves dataset (Virginia flue-cured, Tanzania)",https://dataverse.harvard.edu/api/access/datafile/10336228,L4O,Grade_C,960x1440,JPEG,CC0 1.0 Universal (public domain dedication),2026-08-05,10336228,041595a9f9affb864614f7e44221a57f,ProCapture One 06163 (7).jpg,quality digit 4 = Fair quality -> Grade_C,2539.76
C_L4O_10336467.jpg,"Tobacco leaves dataset (Virginia flue-cured, Tanzania)",https://dataverse.harvard.edu/api/access/datafile/10336467,L4O,Grade_C,960x1440,JPEG,CC0 1.0 Universal (public domain dedication),2026-08-05,10336467,68812695bd82a2fe6aaecc29d608dd69,manispaa_5759.jpg,quality digit 4 = Fair quality -> Grade_C,2185.58
C_L4O_10335699.jpg,"Tobacco leaves dataset (Virginia flue-cured, Tanzania)",https://dataverse.harvard.edu/api/access/datafile/10335699,L4O,Grade_C,960x1440,JPEG,CC0 1.0 Universal (public domain dedication),2026-08-05,10335699,db5df2ed285f4b9efe693dfa90df760d,kaliua_2192.jpg,quality digit 4 = Fair quality -> Grade_C,2299.23
C_L4O_10336770.jpg,"Tobacco leaves dataset (Virginia flue-cured, Tanzania)",https://dataverse.harvard.edu/api/access/datafile/10336770,L4O,Grade_C,960x1440,JPEG,CC0 1.0 Universal (public domain dedication),2026-08-05,10336770,23b05d1d3053ddd25f95481cc70fba60,manispaa_5580.jpg,quality digit 4 = Fair quality -> Grade_C,4794.94
C_L4O_10337478.jpg,"Tobacco leaves dataset (Virginia flue-cured, Tanzania)",https://dataverse.harvard.edu/api/access/datafile/10337478,L4O,Grade_C,960x1440,JPEG,CC0 1.0 Universal (public domain dedication),2026-08-05,10337478,f3432a1d19c89828acaaff374c0fd1a4,urambo_5007.jpg,quality digit 4 = Fair quality -> Grade_C,3639.53
C_L4O_10336890.jpg,"Tobacco leaves dataset (Virginia flue-cured, Tanzania)",https://dataverse.harvard.edu/api/access/datafile/10336890,L4O,Grade_C,960x1440,JPEG,CC0 1.0 Universal (public domain dedication),2026-08-05,10336890,ebea193fba951daee53b0b761d1a78d0,uyui_11828.jpg,quality digit 4 = Fair quality -> Grade_C,2646.9
C_L4O_10335646.jpg,"Tobacco leaves dataset (Virginia flue-cured, Tanzania)",https://dataverse.harvard.edu/api/access/datafile/10335646,L4O,Grade_C,960x1440,JPEG,CC0 1.0 Universal (public domain dedication),2026-08-05,10335646,696667b1a5cfff7383618cb8ad9d495a,kaliua_7964.jpg,quality digit 4 = Fair quality -> Grade_C,2334.76
C_L4O_10336060.jpg,"Tobacco leaves dataset (Virginia flue-cured, Tanzania)",https://dataverse.harvard.edu/api/access/datafile/10336060,L4O,Grade_C,960x1440,JPEG,CC0 1.0 Universal (public domain dedication),2026-08-05,10336060,cc343fbab926fc522797fa8bae0c3930,manispaa_5556.jpg,quality digit 4 = Fair quality -> Grade_C,4099.84
C_L4O_10335684.jpg,"Tobacco leaves dataset (Virginia flue-cured, Tanzania)",https://dataverse.harvard.edu/api/access/datafile/10335684,L4O,Grade_C,960x1440,JPEG,CC0 1.0 Universal (public domain dedication),2026-08-05,10335684,181d320348f338f5d63faac1d8758687,manispaa_2623.jpg,quality digit 4 = Fair quality -> Grade_C,2326.15
C_L4O_10337471.jpg,"Tobacco leaves dataset (Virginia flue-cured, Tanzania)",https://dataverse.harvard.edu/api/access/datafile/10337471,L4O,Grade_C,960x1440,JPEG,CC0 1.0 Universal (public domain dedication),2026-08-05,10337471,72f51c853773a85272f7b9446e06e189,uyui_11519.jpg,quality digit 4 = Fair quality -> Grade_C,2803.85
C_L4O_10337926.jpg,"Tobacco leaves dataset (Virginia flue-cured, Tanzania)",https://dataverse.harvard.edu/api/access/datafile/10337926,L4O,Grade_C,960x1440,JPEG,CC0 1.0 Universal (public domain dedication),2026-08-05,10337926,4756e5d2c9b0534a63d9f595c922c6dd,uyui_5619.jpg,quality digit 4 = Fair quality -> Grade_C,3441.3
C_L4O_10336282.jpg,"Tobacco leaves dataset (Virginia flue-cured, Tanzania)",https://dataverse.harvard.edu/api/access/datafile/10336282,L4O,Grade_C,960x1440,JPEG,CC0 1.0 Universal (public domain dedication),2026-08-05,10336282,50d8c92377a46dceeccbf73640cdf24b,manispaa_5648.jpg,quality digit 4 = Fair quality -> Grade_C,3701.28
C_L4O_10335201.jpg,"Tobacco leaves dataset (Virginia flue-cured, Tanzania)",https://dataverse.harvard.edu/api/access/datafile/10335201,L4O,Grade_C,960x1440,JPEG,CC0 1.0 Universal (public domain dedication),2026-08-05,10335201,2ecf33ecbe4f7e3398405abfa5b7bec8,kaliua_7915.jpg,quality digit 4 = Fair quality -> Grade_C,2151.56
C_L4O_10337206.jpg,"Tobacco leaves dataset (Virginia flue-cured, Tanzania)",https://dataverse.harvard.edu/api/access/datafile/10337206,L4O,Grade_C,960x1440,JPEG,CC0 1.0 Universal (public domain dedication),2026-08-05,10337206,54395c7fdfa9338c18628a9f7577fe05,urambo_4961.jpg,quality digit 4 = Fair quality -> Grade_C,3187.21
C_L4O_10337689.jpg,"Tobacco leaves dataset (Virginia flue-cured, Tanzania)",https://dataverse.harvard.edu/api/access/datafile/10337689,L4O,Grade_C,960x1440,JPEG,CC0 1.0 Universal (public domain dedication),2026-08-05,10337689,fc248e46808c6acfccbbbba868f63492,urambo_3161.jpg,quality digit 4 = Fair quality -> Grade_C,3248.28
C_L4O_10337025.jpg,"Tobacco leaves dataset (Virginia flue-cured, Tanzania)",https://dataverse.harvard.edu/api/access/datafile/10337025,L4O,Grade_C,960x1440,JPEG,CC0 1.0 Universal (public domain dedication),2026-08-05,10337025,04d1034df9edab551feaee54058bcb0a,uyui_11685.jpg,quality digit 4 = Fair quality -> Grade_C,3811.19
C_L4O_10337524.jpg,"Tobacco leaves dataset (Virginia flue-cured, Tanzania)",https://dataverse.harvard.edu/api/access/datafile/10337524,L4O,Grade_C,960x1440,JPEG,CC0 1.0 Universal (public domain dedication),2026-08-05,10337524,562957ecce58f344d61ae2b7a392d1a7,uyui_11809.jpg,quality digit 4 = Fair quality -> Grade_C,2404.71
C_L4O_10335405.jpg,"Tobacco leaves dataset (Virginia flue-cured, Tanzania)",https://dataverse.harvard.edu/api/access/datafile/10335405,L4O,Grade_C,960x1440,JPEG,CC0 1.0 Universal (public domain dedication),2026-08-05,10335405,eaaf9c686a295880be4e914b96e28412,kaliua_2222.jpg,quality digit 4 = Fair quality -> Grade_C,2449.8
C_L4O_10337057.jpg,"Tobacco leaves dataset (Virginia flue-cured, Tanzania)",https://dataverse.harvard.edu/api/access/datafile/10337057,L4O,Grade_C,960x1440,JPEG,CC0 1.0 Universal (public domain dedication),2026-08-05,10337057,be565538d82f003a122dc6e047dcb2ad,urambo_4925.jpg,quality digit 4 = Fair quality -> Grade_C,4087.64
C_L4O_10337348.jpg,"Tobacco leaves dataset (Virginia flue-cured, Tanzania)",https://dataverse.harvard.edu/api/access/datafile/10337348,L4O,Grade_C,960x1440,JPEG,CC0 1.0 Universal (public domain dedication),2026-08-05,10337348,6f1b69106d92ae0a76cc7b96cb3d0065,urambo_4966.jpg,quality digit 4 = Fair quality -> Grade_C,3586.11
C_L4O_10335743.jpg,"Tobacco leaves dataset (Virginia flue-cured, Tanzania)",https://dataverse.harvard.edu/api/access/datafile/10335743,L4O,Grade_C,960x1440,JPEG,CC0 1.0 Universal (public domain dedication),2026-08-05,10335743,c3e65e424834f90667ae7c5aa86866aa,kaliua_2193.jpg,quality digit 4 = Fair quality -> Grade_C,2351.91
C_L4O_10336830.jpg,"Tobacco leaves dataset (Virginia flue-cured, Tanzania)",https://dataverse.harvard.edu/api/access/datafile/10336830,L4O,Grade_C,960x1440,JPEG,CC0 1.0 Universal (public domain dedication),2026-08-05,10336830,e692769b6415c0cb0ce5bc04bd9a5f67,Pro-Capture One 06183.jpg,quality digit 4 = Fair quality -> Grade_C,3980.49
C_L4O_10335100.jpg,"Tobacco leaves dataset (Virginia flue-cured, Tanzania)",https://dataverse.harvard.edu/api/access/datafile/10335100,L4O,Grade_C,960x1440,JPEG,CC0 1.0 Universal (public domain dedication),2026-08-05,10335100,cddbc4c34229ec5202a598fabbcfe00d,kaliua_8000.jpg,quality digit 4 = Fair quality -> Grade_C,3716.56
C_L4O_10337777.jpg,"Tobacco leaves dataset (Virginia flue-cured, Tanzania)",https://dataverse.harvard.edu/api/access/datafile/10337777,L4O,Grade_C,960x1440,JPEG,CC0 1.0 Universal (public domain dedication),2026-08-05,10337777,da8421c3f56045420224f03be0841c26,uyui_9383.jpg,quality digit 4 = Fair quality -> Grade_C,2329.08
C_L4O_10336758.jpg,"Tobacco leaves dataset (Virginia flue-cured, Tanzania)",https://dataverse.harvard.edu/api/access/datafile/10336758,L4O,Grade_C,960x1440,JPEG,CC0 1.0 Universal (public domain dedication),2026-08-05,10336758,cde0d765a0781347aa18cbc4713c8f5a,manispaa_5591.jpg,quality digit 4 = Fair quality -> Grade_C,4113.75
C_L4O_10336809.jpg,"Tobacco leaves dataset (Virginia flue-cured, Tanzania)",https://dataverse.harvard.edu/api/access/datafile/10336809,L4O,Grade_C,960x1440,JPEG,CC0 1.0 Universal (public domain dedication),2026-08-05,10336809,1cbe5f6424ee3f0c9778ed9641a51316,manispaa_5550.jpg,quality digit 4 = Fair quality -> Grade_C,4038.11
C_L4O_10337559.jpg,"Tobacco leaves dataset (Virginia flue-cured, Tanzania)",https://dataverse.harvard.edu/api/access/datafile/10337559,L4O,Grade_C,960x1440,JPEG,CC0 1.0 Universal (public domain dedication),2026-08-05,10337559,d0ddefd8ff99aa183a2e786cba1d17ee,uyui_11640.jpg,quality digit 4 = Fair quality -> Grade_C,3645.34
C_L4O_10337053.jpg,"Tobacco leaves dataset (Virginia flue-cured, Tanzania)",https://dataverse.harvard.edu/api/access/datafile/10337053,L4O,Grade_C,960x1440,JPEG,CC0 1.0 Universal (public domain dedication),2026-08-05,10337053,bc04b754a907e39a6bce21b837542426,urambo_5020.jpg,quality digit 4 = Fair quality -> Grade_C,3502.28
C_L4O_10336461.jpg,"Tobacco leaves dataset (Virginia flue-cured, Tanzania)",https://dataverse.harvard.edu/api/access/datafile/10336461,L4O,Grade_C,960x1440,JPEG,CC0 1.0 Universal (public domain dedication),2026-08-05,10336461,b60bfb2e860a90c3d8577e698681c590,manispaa_5793.jpg,quality digit 4 = Fair quality -> Grade_C,2167.04
C_L4O_10336961.jpg,"Tobacco leaves dataset (Virginia flue-cured, Tanzania)",https://dataverse.harvard.edu/api/access/datafile/10336961,L4O,Grade_C,960x1440,JPEG,CC0 1.0 Universal (public domain dedication),2026-08-05,10336961,6732216c8c979377d80d6fff503293f7,uyui_11816.jpg,quality digit 4 = Fair quality -> Grade_C,2815.92
C_L4O_10337041.jpg,"Tobacco leaves dataset (Virginia flue-cured, Tanzania)",https://dataverse.harvard.edu/api/access/datafile/10337041,L4O,Grade_C,960x1440,JPEG,CC0 1.0 Universal (public domain dedication),2026-08-05,10337041,444b69d3aea72cc076f1c2f7e282b27e,uyui_11777.jpg,quality digit 4 = Fair quality -> Grade_C,2588.13
C_L4O_10336113.jpg,"Tobacco leaves dataset (Virginia flue-cured, Tanzania)",https://dataverse.harvard.edu/api/access/datafile/10336113,L4O,Grade_C,960x1440,JPEG,CC0 1.0 Universal (public domain dedication),2026-08-05,10336113,02c74fef5b8adbf63efed11efd097e1a,Pro-Capture One 05658.jpg,quality digit 4 = Fair quality -> Grade_C,3048.48
C_L4O_10335484.jpg,"Tobacco leaves dataset (Virginia flue-cured, Tanzania)",https://dataverse.harvard.edu/api/access/datafile/10335484,L4O,Grade_C,960x1440,JPEG,CC0 1.0 Universal (public domain dedication),2026-08-05,10335484,a1ce34e7eb75a30b7de61e67067d4a39,manispaa_2500.jpg,quality digit 4 = Fair quality -> Grade_C,2030.31
C_L4O_10336661.jpg,"Tobacco leaves dataset (Virginia flue-cured, Tanzania)",https://dataverse.harvard.edu/api/access/datafile/10336661,L4O,Grade_C,960x1440,JPEG,CC0 1.0 Universal (public domain dedication),2026-08-05,10336661,0f2c0338f5f05dfa08f05deb046fb904,manispaa_5510.jpg,quality digit 4 = Fair quality -> Grade_C,4104.07
C_L4O_10338039.jpg,"Tobacco leaves dataset (Virginia flue-cured, Tanzania)",https://dataverse.harvard.edu/api/access/datafile/10338039,L4O,Grade_C,960x1440,JPEG,CC0 1.0 Universal (public domain dedication),2026-08-05,10338039,3207e0070a671442461e64320cc127a7,uyui_5608.jpg,quality digit 4 = Fair quality -> Grade_C,3257.62
C_L4O_10335103.jpg,"Tobacco leaves dataset (Virginia flue-cured, Tanzania)",https://dataverse.harvard.edu/api/access/datafile/10335103,L4O,Grade_C,960x1440,JPEG,CC0 1.0 Universal (public domain dedication),2026-08-05,10335103,a82606e363a810831eae1842d7747f81,kaliua_2145.jpg,quality digit 4 = Fair quality -> Grade_C,4094.71
C_L4O_10337750.jpg,"Tobacco leaves dataset (Virginia flue-cured, Tanzania)",https://dataverse.harvard.edu/api/access/datafile/10337750,L4O,Grade_C,960x1440,JPEG,CC0 1.0 Universal (public domain dedication),2026-08-05,10337750,a1a7de875778cf33505955eb4c6828fe,uyui_9425.jpg,quality digit 4 = Fair quality -> Grade_C,2647.34
C_L4O_10335465.jpg,"Tobacco leaves dataset (Virginia flue-cured, Tanzania)",https://dataverse.harvard.edu/api/access/datafile/10335465,L4O,Grade_C,960x1440,JPEG,CC0 1.0 Universal (public domain dedication),2026-08-05,10335465,56c1a68d3615b5398abc944877e99f8d,manispaa_2518.jpg,quality digit 4 = Fair quality -> Grade_C,1893.0
C_L4O_10336229.jpg,"Tobacco leaves dataset (Virginia flue-cured, Tanzania)",https://dataverse.harvard.edu/api/access/datafile/10336229,L4O,Grade_C,960x1440,JPEG,CC0 1.0 Universal (public domain dedication),2026-08-05,10336229,40930b5c5141eb0480d7f4d093f3b96a,manispaa_9014.jpg,quality digit 4 = Fair quality -> Grade_C,2253.52
C_L4O_10337019.jpg,"Tobacco leaves dataset (Virginia flue-cured, Tanzania)",https://dataverse.harvard.edu/api/access/datafile/10337019,L4O,Grade_C,960x1440,JPEG,CC0 1.0 Universal (public domain dedication),2026-08-05,10337019,eb36487ab9786e83014613cadcff2dba,urambo_3130.jpg,quality digit 4 = Fair quality -> Grade_C,2815.74
C_L4O_10337959.jpg,"Tobacco leaves dataset (Virginia flue-cured, Tanzania)",https://dataverse.harvard.edu/api/access/datafile/10337959,L4O,Grade_C,960x1440,JPEG,CC0 1.0 Universal (public domain dedication),2026-08-05,10337959,45bb4eba0857d265edf2c7bc236b58b7,uyui_5570.jpg,quality digit 4 = Fair quality -> Grade_C,3682.46
C_L4O_10338022.jpg,"Tobacco leaves dataset (Virginia flue-cured, Tanzania)",https://dataverse.harvard.edu/api/access/datafile/10338022,L4O,Grade_C,960x1440,JPEG,CC0 1.0 Universal (public domain dedication),2026-08-05,10338022,32ce725903616ec55c0f8c162adbbdf8,uyui_9368.jpg,quality digit 4 = Fair quality -> Grade_C,2229.39
C_L4O_10335525.jpg,"Tobacco leaves dataset (Virginia flue-cured, Tanzania)",https://dataverse.harvard.edu/api/access/datafile/10335525,L4O,Grade_C,960x1440,JPEG,CC0 1.0 Universal (public domain dedication),2026-08-05,10335525,bdb41ad8cd9ac5415506127dc3fef7c4,kaliua_2114.jpg,quality digit 4 = Fair quality -> Grade_C,3075.61
C_L4O_10336240.jpg,"Tobacco leaves dataset (Virginia flue-cured, Tanzania)",https://dataverse.harvard.edu/api/access/datafile/10336240,L4O,Grade_C,960x1440,JPEG,CC0 1.0 Universal (public domain dedication),2026-08-05,10336240,b7ee45344deb937013636e03bf34f2cd,manispaa_5781.jpg,quality digit 4 = Fair quality -> Grade_C,2011.36
C_L4O_10337323.jpg,"Tobacco leaves dataset (Virginia flue-cured, Tanzania)",https://dataverse.harvard.edu/api/access/datafile/10337323,L4O,Grade_C,960x1440,JPEG,CC0 1.0 Universal (public domain dedication),2026-08-05,10337323,141c497c0633d2629943a0f58675db42,uyui_11864.jpg,quality digit 4 = Fair quality -> Grade_C,3171.01
C_L4O_10335207.jpg,"Tobacco leaves dataset (Virginia flue-cured, Tanzania)",https://dataverse.harvard.edu/api/access/datafile/10335207,L4O,Grade_C,960x1440,JPEG,CC0 1.0 Universal (public domain dedication),2026-08-05,10335207,3921a6f5005c6989357e65433162cb52,kaliua_2091.jpg,quality digit 4 = Fair quality -> Grade_C,2622.03
C_L4O_10338015.jpg,"Tobacco leaves dataset (Virginia flue-cured, Tanzania)",https://dataverse.harvard.edu/api/access/datafile/10338015,L4O,Grade_C,960x1440,JPEG,CC0 1.0 Universal (public domain dedication),2026-08-05,10338015,dd769b9b550da85140b5b332b8597111,uyui_5627.jpg,quality digit 4 = Fair quality -> Grade_C,3096.31
C_L4O_10336644.jpg,"Tobacco leaves dataset (Virginia flue-cured, Tanzania)",https://dataverse.harvard.edu/api/access/datafile/10336644,L4O,Grade_C,960x1440,JPEG,CC0 1.0 Universal (public domain dedication),2026-08-05,10336644,0f95d87bbf166fc4c23964c9f6c89622,manispaa_9056.jpg,quality digit 4 = Fair quality -> Grade_C,2480.22
C_L4O_10337654.jpg,"Tobacco leaves dataset (Virginia flue-cured, Tanzania)",https://dataverse.harvard.edu/api/access/datafile/10337654,L4O,Grade_C,960x1440,JPEG,CC0 1.0 Universal (public domain dedication),2026-08-05,10337654,1360b7d7f75c16eb1a77f0849c24d133,uyui_15062.jpg,quality digit 4 = Fair quality -> Grade_C,1962.11
C_L4O_10336288.jpg,"Tobacco leaves dataset (Virginia flue-cured, Tanzania)",https://dataverse.harvard.edu/api/access/datafile/10336288,L4O,Grade_C,960x1440,JPEG,CC0 1.0 Universal (public domain dedication),2026-08-05,10336288,89920f952052cdda13f943ec1c4c4ad8,manispaa_5581.jpg,quality digit 4 = Fair quality -> Grade_C,4183.36
C_L4O_10337137.jpg,"Tobacco leaves dataset (Virginia flue-cured, Tanzania)",https://dataverse.harvard.edu/api/access/datafile/10337137,L4O,Grade_C,960x1440,JPEG,CC0 1.0 Universal (public domain dedication),2026-08-05,10337137,e94756e07568061f831edfaa0ce02f15,uyui_11540.jpg,quality digit 4 = Fair quality -> Grade_C,2869.07
C_L4O_10336215.jpg,"Tobacco leaves dataset (Virginia flue-cured, Tanzania)",https://dataverse.harvard.edu/api/access/datafile/10336215,L4O,Grade_C,960x1440,JPEG,CC0 1.0 Universal (public domain dedication),2026-08-05,10336215,05207e59a0a4dd7adebd37f3249acde3,manispaa_5547.jpg,quality digit 4 = Fair quality -> Grade_C,4220.01
C_L4O_10336958.jpg,"Tobacco leaves dataset (Virginia flue-cured, Tanzania)",https://dataverse.harvard.edu/api/access/datafile/10336958,L4O,Grade_C,960x1440,JPEG,CC0 1.0 Universal (public domain dedication),2026-08-05,10336958,5af7af56aced8a7cbe6ee688854a1985,urambo_6188.jpg,quality digit 4 = Fair quality -> Grade_C,5225.71
C_L4O_10336114.jpg,"Tobacco leaves dataset (Virginia flue-cured, Tanzania)",https://dataverse.harvard.edu/api/access/datafile/10336114,L4O,Grade_C,960x1440,JPEG,CC0 1.0 Universal (public domain dedication),2026-08-05,10336114,d129307c12ffe1cecc619d5db7e72b71,urambo_1513.jpg,quality digit 4 = Fair quality -> Grade_C,2836.55
C_L4O_10335220.jpg,"Tobacco leaves dataset (Virginia flue-cured, Tanzania)",https://dataverse.harvard.edu/api/access/datafile/10335220,L4O,Grade_C,960x1440,JPEG,CC0 1.0 Universal (public domain dedication),2026-08-05,10335220,ffd5737f0618f862f0da36ea6fb9102a,kaliua_2051.jpg,quality digit 4 = Fair quality -> Grade_C,3579.51
C_L4O_10337472.jpg,"Tobacco leaves dataset (Virginia flue-cured, Tanzania)",https://dataverse.harvard.edu/api/access/datafile/10337472,L4O,Grade_C,960x1440,JPEG,CC0 1.0 Universal (public domain dedication),2026-08-05,10337472,775e325d4f5a491dbb67c0a035f069c8,uyui_11837.jpg,quality digit 4 = Fair quality -> Grade_C,3352.93
C_L4O_10337293.jpg,"Tobacco leaves dataset (Virginia flue-cured, Tanzania)",https://dataverse.harvard.edu/api/access/datafile/10337293,L4O,Grade_C,960x1440,JPEG,CC0 1.0 Universal (public domain dedication),2026-08-05,10337293,fd1af65f96de497a8689b69550d95c09,uyui_15112.jpg,quality digit 4 = Fair quality -> Grade_C,3228.78
C_L4O_10336472.jpg,"Tobacco leaves dataset (Virginia flue-cured, Tanzania)",https://dataverse.harvard.edu/api/access/datafile/10336472,L4O,Grade_C,960x1440,JPEG,CC0 1.0 Universal (public domain dedication),2026-08-05,10336472,c9c7a9d27fa8b1e2ed28e1371e619478,urambo_1521.jpg,quality digit 4 = Fair quality -> Grade_C,3010.78
C_L4O_10336000.jpg,"Tobacco leaves dataset (Virginia flue-cured, Tanzania)",https://dataverse.harvard.edu/api/access/datafile/10336000,L4O,Grade_C,960x1440,JPEG,CC0 1.0 Universal (public domain dedication),2026-08-05,10336000,aba643c36e5a3594aec45b5fac04c20c,manispaa_5610.jpg,quality digit 4 = Fair quality -> Grade_C,3604.61
C_L4O_10338091.jpg,"Tobacco leaves dataset (Virginia flue-cured, Tanzania)",https://dataverse.harvard.edu/api/access/datafile/10338091,L4O,Grade_C,960x1440,JPEG,CC0 1.0 Universal (public domain dedication),2026-08-05,10338091,8323cae93794297bc32df4f214228786,uyui_5545.jpg,quality digit 4 = Fair quality -> Grade_C,3366.37
C_L4O_10337741.jpg,"Tobacco leaves dataset (Virginia flue-cured, Tanzania)",https://dataverse.harvard.edu/api/access/datafile/10337741,L4O,Grade_C,960x1440,JPEG,CC0 1.0 Universal (public domain dedication),2026-08-05,10337741,dddfa7cb236b09f579adc9d1aec6b00a,uyui_15120.jpg,quality digit 4 = Fair quality -> Grade_C,3177.12
C_L4O_10336331.jpg,"Tobacco leaves dataset (Virginia flue-cured, Tanzania)",https://dataverse.harvard.edu/api/access/datafile/10336331,L4O,Grade_C,960x1440,JPEG,CC0 1.0 Universal (public domain dedication),2026-08-05,10336331,dadbbe32ea45e1fd5d3f1ccd21efa11e,manispaa_9108.jpg,quality digit 4 = Fair quality -> Grade_C,2227.82
C_L4O_10337094.jpg,"Tobacco leaves dataset (Virginia flue-cured, Tanzania)",https://dataverse.harvard.edu/api/access/datafile/10337094,L4O,Grade_C,960x1440,JPEG,CC0 1.0 Universal (public domain dedication),2026-08-05,10337094,fc9937de5026389992d7c701b3eefbbd,urambo_3147.jpg,quality digit 4 = Fair quality -> Grade_C,2358.81
C_L4O_10335644.jpg,"Tobacco leaves dataset (Virginia flue-cured, Tanzania)",https://dataverse.harvard.edu/api/access/datafile/10335644,L4O,Grade_C,960x1440,JPEG,CC0 1.0 Universal (public domain dedication),2026-08-05,10335644,e374b34e3f66111fe1d71c2323cf8a2b,manispaa_2466.jpg,quality digit 4 = Fair quality -> Grade_C,1821.82
C_L4O_10336825.jpg,"Tobacco leaves dataset (Virginia flue-cured, Tanzania)",https://dataverse.harvard.edu/api/access/datafile/10336825,L4O,Grade_C,960x1440,JPEG,CC0 1.0 Universal (public domain dedication),2026-08-05,10336825,043a27e109e9a42cbd411b2d5918188a,manispaa_5616.jpg,quality digit 4 = Fair quality -> Grade_C,3500.74
C_L4O_10335611.jpg,"Tobacco leaves dataset (Virginia flue-cured, Tanzania)",https://dataverse.harvard.edu/api/access/datafile/10335611,L4O,Grade_C,960x1440,JPEG,CC0 1.0 Universal (public domain dedication),2026-08-05,10335611,4e73c0625bc98d534d4a8325d52407c6,kaliua_2062.jpg,quality digit 4 = Fair quality -> Grade_C,3930.9
C_L4O_10335598.jpg,"Tobacco leaves dataset (Virginia flue-cured, Tanzania)",https://dataverse.harvard.edu/api/access/datafile/10335598,L4O,Grade_C,960x1440,JPEG,CC0 1.0 Universal (public domain dedication),2026-08-05,10335598,8aff60a9f8c7e5ca33ca344f1a50f97f,kaliua_2209.jpg,quality digit 4 = Fair quality -> Grade_C,3701.0
C_L4O_10336324.jpg,"Tobacco leaves dataset (Virginia flue-cured, Tanzania)",https://dataverse.harvard.edu/api/access/datafile/10336324,L4O,Grade_C,960x1440,JPEG,CC0 1.0 Universal (public domain dedication),2026-08-05,10336324,e310c1ca96f8ea868fedbf8d3cd5edba,manispaa_5887.jpg,quality digit 4 = Fair quality -> Grade_C,2264.56
C_L4O_10336454.jpg,"Tobacco leaves dataset (Virginia flue-cured, Tanzania)",https://dataverse.harvard.edu/api/access/datafile/10336454,L4O,Grade_C,960x1440,JPEG,CC0 1.0 Universal (public domain dedication),2026-08-05,10336454,e2f9ddacb64f44152d7421031b41263b,manispaa_5839.jpg,quality digit 4 = Fair quality -> Grade_C,2353.88
C_L4O_10337988.jpg,"Tobacco leaves dataset (Virginia flue-cured, Tanzania)",https://dataverse.harvard.edu/api/access/datafile/10337988,L4O,Grade_C,960x1440,JPEG,CC0 1.0 Universal (public domain dedication),2026-08-05,10337988,f18b6c5bf761b82b9b8ba2356071b1a4,uyui_5633.jpg,quality digit 4 = Fair quality -> Grade_C,2981.72
C_L4O_10335143.jpg,"Tobacco leaves dataset (Virginia flue-cured, Tanzania)",https://dataverse.harvard.edu/api/access/datafile/10335143,L4O,Grade_C,960x1440,JPEG,CC0 1.0 Universal (public domain dedication),2026-08-05,10335143,d1156fd1b2d603bd85d4d792b2f8cb0a,manispaa_14176.jpg,quality digit 4 = Fair quality -> Grade_C,2615.98
C_L4O_10336073.jpg,"Tobacco leaves dataset (Virginia flue-cured, Tanzania)",https://dataverse.harvard.edu/api/access/datafile/10336073,L4O,Grade_C,960x1440,JPEG,CC0 1.0 Universal (public domain dedication),2026-08-05,10336073,af03eae8f602b75fb96580a11d9f1348,Pro-Capture One 06816.jpg,quality digit 4 = Fair quality -> Grade_C,3161.11
C_L4O_10335226.jpg,"Tobacco leaves dataset (Virginia flue-cured, Tanzania)",https://dataverse.harvard.edu/api/access/datafile/10335226,L4O,Grade_C,960x1440,JPEG,CC0 1.0 Universal (public domain dedication),2026-08-05,10335226,7824b61da8267c23d02f8e9898d7fb5b,manispaa_14088.jpg,quality digit 4 = Fair quality -> Grade_C,2702.72
C_L4O_10336962.jpg,"Tobacco leaves dataset (Virginia flue-cured, Tanzania)",https://dataverse.harvard.edu/api/access/datafile/10336962,L4O,Grade_C,960x1440,JPEG,CC0 1.0 Universal (public domain dedication),2026-08-05,10336962,96670d9e0c3cf7b4ecdd5d2204e54bce,urambo_3136.jpg,quality digit 4 = Fair quality -> Grade_C,2592.59
C_L4O_10336621.jpg,"Tobacco leaves dataset (Virginia flue-cured, Tanzania)",https://dataverse.harvard.edu/api/access/datafile/10336621,L4O,Grade_C,960x1440,JPEG,CC0 1.0 Universal (public domain dedication),2026-08-05,10336621,12a487ca4afcecdabaedb6f59b7e28ab,manispaa_5920.jpg,quality digit 4 = Fair quality -> Grade_C,2365.78
C_L4O_10336564.jpg,"Tobacco leaves dataset (Virginia flue-cured, Tanzania)",https://dataverse.harvard.edu/api/access/datafile/10336564,L4O,Grade_C,960x1440,JPEG,CC0 1.0 Universal (public domain dedication),2026-08-05,10336564,a6ec78b664967d89f7229b99539d1513,manispaa_5630.jpg,quality digit 4 = Fair quality -> Grade_C,3557.49
C_L4O_10335957.jpg,"Tobacco leaves dataset (Virginia flue-cured, Tanzania)",https://dataverse.harvard.edu/api/access/datafile/10335957,L4O,Grade_C,960x1440,JPEG,CC0 1.0 Universal (public domain dedication),2026-08-05,10335957,4622f26728a653b988bdf1caf2725ad4,kaliua_7945.jpg,quality digit 4 = Fair quality -> Grade_C,2528.83
C_L4O_10335888.jpg,"Tobacco leaves dataset (Virginia flue-cured, Tanzania)",https://dataverse.harvard.edu/api/access/datafile/10335888,L4O,Grade_C,960x1440,JPEG,CC0 1.0 Universal (public domain dedication),2026-08-05,10335888,ff618e8b0ea97f7a6cc0919b2484dc49,kaliua_2140.jpg,quality digit 4 = Fair quality -> Grade_C,3022.06
C_L4O_10336450.jpg,"Tobacco leaves dataset (Virginia flue-cured, Tanzania)",https://dataverse.harvard.edu/api/access/datafile/10336450,L4O,Grade_C,960x1440,JPEG,CC0 1.0 Universal (public domain dedication),2026-08-05,10336450,340b54ad6b717657b6f8522feba8f068,manispaa_5577.jpg,quality digit 4 = Fair quality -> Grade_C,4846.32
C_L4O_10336752.jpg,"Tobacco leaves dataset (Virginia flue-cured, Tanzania)",https://dataverse.harvard.edu/api/access/datafile/10336752,L4O,Grade_C,960x1440,JPEG,CC0 1.0 Universal (public domain dedication),2026-08-05,10336752,e1c8b198c33d4525c1278da0b36e29e7,manispaa_5772.jpg,quality digit 4 = Fair quality -> Grade_C,1998.72
C_L4O_10338025.jpg,"Tobacco leaves dataset (Virginia flue-cured, Tanzania)",https://dataverse.harvard.edu/api/access/datafile/10338025,L4O,Grade_C,960x1440,JPEG,CC0 1.0 Universal (public domain dedication),2026-08-05,10338025,ee16eec3a641a1430715f16bddcfde7d,uyui_5663.jpg,quality digit 4 = Fair quality -> Grade_C,3293.29
C_L4O_10335074.jpg,"Tobacco leaves dataset (Virginia flue-cured, Tanzania)",https://dataverse.harvard.edu/api/access/datafile/10335074,L4O,Grade_C,960x1440,JPEG,CC0 1.0 Universal (public domain dedication),2026-08-05,10335074,1f6ca1b492ab89a561093835512943ef,kaliua_2125.jpg,quality digit 4 = Fair quality -> Grade_C,3344.68
C_L4O_10335082.jpg,"Tobacco leaves dataset (Virginia flue-cured, Tanzania)",https://dataverse.harvard.edu/api/access/datafile/10335082,L4O,Grade_C,960x1440,JPEG,CC0 1.0 Universal (public domain dedication),2026-08-05,10335082,060d63f31d4f0f08e5c06db1c60a52c9,manispaa_2587.jpg,quality digit 4 = Fair quality -> Grade_C,3003.3
C_L4O_10337226.jpg,"Tobacco leaves dataset (Virginia flue-cured, Tanzania)",https://dataverse.harvard.edu/api/access/datafile/10337226,L4O,Grade_C,960x1440,JPEG,CC0 1.0 Universal (public domain dedication),2026-08-05,10337226,7e601db26194e3e42aeec48076ccf374,uyui_11522.jpg,quality digit 4 = Fair quality -> Grade_C,2981.65
C_L4O_10336254.jpg,"Tobacco leaves dataset (Virginia flue-cured, Tanzania)",https://dataverse.harvard.edu/api/access/datafile/10336254,L4O,Grade_C,960x1440,JPEG,CC0 1.0 Universal (public domain dedication),2026-08-05,10336254,42c8b626f9132156eb9a7c2a6a0876f4,Pro-Capture One 06147.jpg,quality digit 4 = Fair quality -> Grade_C,4009.73
C_L4O_10336385.jpg,"Tobacco leaves dataset (Virginia flue-cured, Tanzania)",https://dataverse.harvard.edu/api/access/datafile/10336385,L4O,Grade_C,960x1440,JPEG,CC0 1.0 Universal (public domain dedication),2026-08-05,10336385,6b014045ed54d27f73cc083a67b4231a,urambo_1525.jpg,quality digit 4 = Fair quality -> Grade_C,3603.22
C_L4O_10337518.jpg,"Tobacco leaves dataset (Virginia flue-cured, Tanzania)",https://dataverse.harvard.edu/api/access/datafile/10337518,L4O,Grade_C,960x1440,JPEG,CC0 1.0 Universal (public domain dedication),2026-08-05,10337518,58a54361ad6df501e2abf9b976383393,urambo_3113.jpg,quality digit 4 = Fair quality -> Grade_C,2390.65
C_L4O_10336124.jpg,"Tobacco leaves dataset (Virginia flue-cured, Tanzania)",https://dataverse.harvard.edu/api/access/datafile/10336124,L4O,Grade_C,960x1440,JPEG,CC0 1.0 Universal (public domain dedication),2026-08-05,10336124,7867413830b530b12a6602b1f09d727d,manispaa_5908.jpg,quality digit 4 = Fair quality -> Grade_C,2425.66
C_L4O_10335859.jpg,"Tobacco leaves dataset (Virginia flue-cured, Tanzania)",https://dataverse.harvard.edu/api/access/datafile/10335859,L4O,Grade_C,960x1440,JPEG,CC0 1.0 Universal (public domain dedication),2026-08-05,10335859,c126569afef40cbc0664d5874038cbf4,manispaa_2650.jpg,quality digit 4 = Fair quality -> Grade_C,2773.29
C_L4O_10336505.jpg,"Tobacco leaves dataset (Virginia flue-cured, Tanzania)",https://dataverse.harvard.edu/api/access/datafile/10336505,L4O,Grade_C,960x1440,JPEG,CC0 1.0 Universal (public domain dedication),2026-08-05,10336505,3d64ef502146de96dbb1755d1af9216c,manispaa_9041.jpg,quality digit 4 = Fair quality -> Grade_C,2606.77
C_L4O_10336494.jpg,"Tobacco leaves dataset (Virginia flue-cured, Tanzania)",https://dataverse.harvard.edu/api/access/datafile/10336494,L4O,Grade_C,960x1440,JPEG,CC0 1.0 Universal (public domain dedication),2026-08-05,10336494,e5e696e330780b84911cc47093edcf62,manispaa_5913.jpg,quality digit 4 = Fair quality -> Grade_C,2220.05
C_L4O_10335239.jpg,"Tobacco leaves dataset (Virginia flue-cured, Tanzania)",https://dataverse.harvard.edu/api/access/datafile/10335239,L4O,Grade_C,960x1440,JPEG,CC0 1.0 Universal (public domain dedication),2026-08-05,10335239,368109cd12f036d295628f01935e384a,manispaa_14153.jpg,quality digit 4 = Fair quality -> Grade_C,2305.83
C_L4O_10336393.jpg,"Tobacco leaves dataset (Virginia flue-cured, Tanzania)",https://dataverse.harvard.edu/api/access/datafile/10336393,L4O,Grade_C,960x1440,JPEG,CC0 1.0 Universal (public domain dedication),2026-08-05,10336393,b409f6f065339193aea2ee63161389ea,manispaa_5910.jpg,quality digit 4 = Fair quality -> Grade_C,2363.36
C_L4O_10336085.jpg,"Tobacco leaves dataset (Virginia flue-cured, Tanzania)",https://dataverse.harvard.edu/api/access/datafile/10336085,L4O,Grade_C,960x1440,JPEG,CC0 1.0 Universal (public domain dedication),2026-08-05,10336085,aa78f954de91e3abb69c3ed757856d76,ProCapture One 06163 (1).jpg,quality digit 4 = Fair quality -> Grade_C,2721.44
C_L4O_10337259.jpg,"Tobacco leaves dataset (Virginia flue-cured, Tanzania)",https://dataverse.harvard.edu/api/access/datafile/10337259,L4O,Grade_C,960x1440,JPEG,CC0 1.0 Universal (public domain dedication),2026-08-05,10337259,29b0da0f5ff6104399b60041e490c826,uyui_11619.jpg,quality digit 4 = Fair quality -> Grade_C,3676.03
C_L4O_10336678.jpg,"Tobacco leaves dataset (Virginia flue-cured, Tanzania)",https://dataverse.harvard.edu/api/access/datafile/10336678,L4O,Grade_C,960x1440,JPEG,CC0 1.0 Universal (public domain dedication),2026-08-05,10336678,158183ea0b600e9f59b8ad548c476044,manispaa_5813.jpg,quality digit 4 = Fair quality -> Grade_C,2065.49
C_L4O_10337998.jpg,"Tobacco leaves dataset (Virginia flue-cured, Tanzania)",https://dataverse.harvard.edu/api/access/datafile/10337998,L4O,Grade_C,960x1440,JPEG,CC0 1.0 Universal (public domain dedication),2026-08-05,10337998,de01275f6843957db652dfcb23cca43b,uyui_9378.jpg,quality digit 4 = Fair quality -> Grade_C,2411.09
C_L4O_10336675.jpg,"Tobacco leaves dataset (Virginia flue-cured, Tanzania)",https://dataverse.harvard.edu/api/access/datafile/10336675,L4O,Grade_C,960x1440,JPEG,CC0 1.0 Universal (public domain dedication),2026-08-05,10336675,9e4acb0aa9e44a761307ef2b6e3bc01f,manispaa_5725.jpg,quality digit 4 = Fair quality -> Grade_C,2372.53
C_L4O_10336584.jpg,"Tobacco leaves dataset (Virginia flue-cured, Tanzania)",https://dataverse.harvard.edu/api/access/datafile/10336584,L4O,Grade_C,960x1440,JPEG,CC0 1.0 Universal (public domain dedication),2026-08-05,10336584,9c39de77f888976e20c94517995c2c9a,manispaa_5898.jpg,quality digit 4 = Fair quality -> Grade_C,2151.23
C_L4O_10335421.jpg,"Tobacco leaves dataset (Virginia flue-cured, Tanzania)",https://dataverse.harvard.edu/api/access/datafile/10335421,L4O,Grade_C,960x1440,JPEG,CC0 1.0 Universal (public domain dedication),2026-08-05,10335421,1a1fda1e0a9d7d125b3a1cc062ed8695,kaliua_2165.jpg,quality digit 4 = Fair quality -> Grade_C,3515.68
C_L4O_10337981.jpg,"Tobacco leaves dataset (Virginia flue-cured, Tanzania)",https://dataverse.harvard.edu/api/access/datafile/10337981,L4O,Grade_C,960x1440,JPEG,CC0 1.0 Universal (public domain dedication),2026-08-05,10337981,b25c24443823cdd0c6da89b28a2c7625,uyui_15129.jpg,quality digit 4 = Fair quality -> Grade_C,3243.29
C_L4O_10335762.jpg,"Tobacco leaves dataset (Virginia flue-cured, Tanzania)",https://dataverse.harvard.edu/api/access/datafile/10335762,L4O,Grade_C,960x1440,JPEG,CC0 1.0 Universal (public domain dedication),2026-08-05,10335762,baa5b48c62859092a868fa3951008c47,manispaa_2517.jpg,quality digit 4 = Fair quality -> Grade_C,1997.06
C_L4O_10336258.jpg,"Tobacco leaves dataset (Virginia flue-cured, Tanzania)",https://dataverse.harvard.edu/api/access/datafile/10336258,L4O,Grade_C,960x1440,JPEG,CC0 1.0 Universal (public domain dedication),2026-08-05,10336258,a4e653e80b915da7be798d08a181460b,manispaa_5527.jpg,quality digit 4 = Fair quality -> Grade_C,3732.62
C_L4O_10335718.jpg,"Tobacco leaves dataset (Virginia flue-cured, Tanzania)",https://dataverse.harvard.edu/api/access/datafile/10335718,L4O,Grade_C,960x1440,JPEG,CC0 1.0 Universal (public domain dedication),2026-08-05,10335718,87f2ef147d7c426073ef62bbc02824f6,manispaa_5438.jpg,quality digit 4 = Fair quality -> Grade_C,3883.52
C_L4O_10335818.jpg,"Tobacco leaves dataset (Virginia flue-cured, Tanzania)",https://dataverse.harvard.edu/api/access/datafile/10335818,L4O,Grade_C,960x1440,JPEG,CC0 1.0 Universal (public domain dedication),2026-08-05,10335818,fd51ba16271df2c09b4d000ed41ab8c3,kaliua_4616.jpg,quality digit 4 = Fair quality -> Grade_C,2476.24
C_L4O_10337332.jpg,"Tobacco leaves dataset (Virginia flue-cured, Tanzania)",https://dataverse.harvard.edu/api/access/datafile/10337332,L4O,Grade_C,960x1440,JPEG,CC0 1.0 Universal (public domain dedication),2026-08-05,10337332,5b773d4ebfd3c9af7b8cbc68c15cfe4c,urambo_4981.jpg,quality digit 4 = Fair quality -> Grade_C,3284.93
C_L4O_10335856.jpg,"Tobacco leaves dataset (Virginia flue-cured, Tanzania)",https://dataverse.harvard.edu/api/access/datafile/10335856,L4O,Grade_C,960x1440,JPEG,CC0 1.0 Universal (public domain dedication),2026-08-05,10335856,4c8510211186b2a394722ebb4d30efe1,kaliua_7938.jpg,quality digit 4 = Fair quality -> Grade_C,3221.02
C_L4O_10335267.jpg,"Tobacco leaves dataset (Virginia flue-cured, Tanzania)",https://dataverse.harvard.edu/api/access/datafile/10335267,L4O,Grade_C,960x1440,JPEG,CC0 1.0 Universal (public domain dedication),2026-08-05,10335267,6cee5ba94d22936adc4dff5550879cbe,manispaa_2576.jpg,quality digit 4 = Fair quality -> Grade_C,3217.25
C_L4O_10335977.jpg,"Tobacco leaves dataset (Virginia flue-cured, Tanzania)",https://dataverse.harvard.edu/api/access/datafile/10335977,L4O,Grade_C,960x1440,JPEG,CC0 1.0 Universal (public domain dedication),2026-08-05,10335977,32beb1a00debe1241a8e78045729164f,manispaa_5899.jpg,quality digit 4 = Fair quality -> Grade_C,2464.95
C_L4O_10336646.jpg,"Tobacco leaves dataset (Virginia flue-cured, Tanzania)",https://dataverse.harvard.edu/api/access/datafile/10336646,L4O,Grade_C,960x1440,JPEG,CC0 1.0 Universal (public domain dedication),2026-08-05,10336646,8c77ac4747a1c426509d5b8bfa384db4,manispaa_5761.jpg,quality digit 4 = Fair quality -> Grade_C,2057.59
C_L4O_10337896.jpg,"Tobacco leaves dataset (Virginia flue-cured, Tanzania)",https://dataverse.harvard.edu/api/access/datafile/10337896,L4O,Grade_C,960x1440,JPEG,CC0 1.0 Universal (public domain dedication),2026-08-05,10337896,641f804d6b706bbe519c4d8849502f69,uyui_9363.jpg,quality digit 4 = Fair quality -> Grade_C,2463.51
C_L4O_10335402.jpg,"Tobacco leaves dataset (Virginia flue-cured, Tanzania)",https://dataverse.harvard.edu/api/access/datafile/10335402,L4O,Grade_C,960x1440,JPEG,CC0 1.0 Universal (public domain dedication),2026-08-05,10335402,56d9ff1454869b9c959931a17510a815,manispaa_2473.jpg,quality digit 4 = Fair quality -> Grade_C,2043.26
C_L4O_10335449.jpg,"Tobacco leaves dataset (Virginia flue-cured, Tanzania)",https://dataverse.harvard.edu/api/access/datafile/10335449,L4O,Grade_C,960x1440,JPEG,CC0 1.0 Universal (public domain dedication),2026-08-05,10335449,49cef3edc44ca21150d4e22e548d60ac,kaliua_1983.jpg,quality digit 4 = Fair quality -> Grade_C,3578.43
C_L4O_10335320.jpg,"Tobacco leaves dataset (Virginia flue-cured, Tanzania)",https://dataverse.harvard.edu/api/access/datafile/10335320,L4O,Grade_C,960x1440,JPEG,CC0 1.0 Universal (public domain dedication),2026-08-05,10335320,503c2ca9865890876c11ccffc55b0eec,kaliua_2188.jpg,quality digit 4 = Fair quality -> Grade_C,3651.66
C_L4O_10338099.jpg,"Tobacco leaves dataset (Virginia flue-cured, Tanzania)",https://dataverse.harvard.edu/api/access/datafile/10338099,L4O,Grade_C,960x1440,JPEG,CC0 1.0 Universal (public domain dedication),2026-08-05,10338099,06ef471c6aae4dec79ae8fba25c758ed,uyui_5682.jpg,quality digit 4 = Fair quality -> Grade_C,1745.25
C_L4O_10336732.jpg,"Tobacco leaves dataset (Virginia flue-cured, Tanzania)",https://dataverse.harvard.edu/api/access/datafile/10336732,L4O,Grade_C,960x1440,JPEG,CC0 1.0 Universal (public domain dedication),2026-08-05,10336732,71b5dba727dc6bca009930a01d955f8b,manispaa_5854.jpg,quality digit 4 = Fair quality -> Grade_C,2058.84
C_L4O_10335222.jpg,"Tobacco leaves dataset (Virginia flue-cured, Tanzania)",https://dataverse.harvard.edu/api/access/datafile/10335222,L4O,Grade_C,960x1440,JPEG,CC0 1.0 Universal (public domain dedication),2026-08-05,10335222,5b960d387be259fdc982b492ea8293d7,kaliua_2207.jpg,quality digit 4 = Fair quality -> Grade_C,3392.94
C_L4O_10337947.jpg,"Tobacco leaves dataset (Virginia flue-cured, Tanzania)",https://dataverse.harvard.edu/api/access/datafile/10337947,L4O,Grade_C,960x1440,JPEG,CC0 1.0 Universal (public domain dedication),2026-08-05,10337947,dffd88f5da3eb9078c49f8693bbf9aa7,uyui_9386.jpg,quality digit 4 = Fair quality -> Grade_C,2305.64
C_L4O_10337677.jpg,"Tobacco leaves dataset (Virginia flue-cured, Tanzania)",https://dataverse.harvard.edu/api/access/datafile/10337677,L4O,Grade_C,960x1440,JPEG,CC0 1.0 Universal (public domain dedication),2026-08-05,10337677,59b6a8da0aa879794f11f304f7af3ad9,uyui_11831.jpg,quality digit 4 = Fair quality -> Grade_C,3641.3
C_L4O_10336555.jpg,"Tobacco leaves dataset (Virginia flue-cured, Tanzania)",https://dataverse.harvard.edu/api/access/datafile/10336555,L4O,Grade_C,960x1440,JPEG,CC0 1.0 Universal (public domain dedication),2026-08-05,10336555,fd4c88c16c2625b033928bc9e9ca5fdd,manispaa_5835.jpg,quality digit 4 = Fair quality -> Grade_C,2234.05
C_L4O_10335666.jpg,"Tobacco leaves dataset (Virginia flue-cured, Tanzania)",https://dataverse.harvard.edu/api/access/datafile/10335666,L4O,Grade_C,960x1440,JPEG,CC0 1.0 Universal (public domain dedication),2026-08-05,10335666,77c78bd707ae4f2cb058105d3a8f8211,manispaa_2499.jpg,quality digit 4 = Fair quality -> Grade_C,2028.81
C_L4O_10337812.jpg,"Tobacco leaves dataset (Virginia flue-cured, Tanzania)",https://dataverse.harvard.edu/api/access/datafile/10337812,L4O,Grade_C,960x1440,JPEG,CC0 1.0 Universal (public domain dedication),2026-08-05,10337812,8e8221a5e4715b1d0365d6daad73df12,uyui_15149.jpg,quality digit 4 = Fair quality -> Grade_C,2582.15
C_L4O_10335654.jpg,"Tobacco leaves dataset (Virginia flue-cured, Tanzania)",https://dataverse.harvard.edu/api/access/datafile/10335654,L4O,Grade_C,960x1440,JPEG,CC0 1.0 Universal (public domain dedication),2026-08-05,10335654,77a8e8cd5347eed47c8a4e566c5215aa,manispaa_2521.jpg,quality digit 4 = Fair quality -> Grade_C,2025.63
C_L4O_10335568.jpg,"Tobacco leaves dataset (Virginia flue-cured, Tanzania)",https://dataverse.harvard.edu/api/access/datafile/10335568,L4O,Grade_C,960x1440,JPEG,CC0 1.0 Universal (public domain dedication),2026-08-05,10335568,0b5238355c448029cac1662757e8a4fd,kaliua_7956.jpg,quality digit 4 = Fair quality -> Grade_C,2192.58
C_L4O_10336614.jpg,"Tobacco leaves dataset (Virginia flue-cured, Tanzania)",https://dataverse.harvard.edu/api/access/datafile/10336614,L4O,Grade_C,960x1440,JPEG,CC0 1.0 Universal (public domain dedication),2026-08-05,10336614,0d5a81f3706689903f508b5302248a2d,urambo_1505.jpg,quality digit 4 = Fair quality -> Grade_C,3205.8
C_L4O_10335417.jpg,"Tobacco leaves dataset (Virginia flue-cured, Tanzania)",https://dataverse.harvard.edu/api/access/datafile/10335417,L4O,Grade_C,960x1440,JPEG,CC0 1.0 Universal (public domain dedication),2026-08-05,10335417,53a4d42bac245f34b459ac03d2a16c77,manispaa_14209.jpg,quality digit 4 = Fair quality -> Grade_C,2102.37
C_L4O_10337034.jpg,"Tobacco leaves dataset (Virginia flue-cured, Tanzania)",https://dataverse.harvard.edu/api/access/datafile/10337034,L4O,Grade_C,960x1440,JPEG,CC0 1.0 Universal (public domain dedication),2026-08-05,10337034,60bdf3aaca8caa53d88ee48303431481,uyui_11739.jpg,quality digit 4 = Fair quality -> Grade_C,2432.15
C_L4O_10335870.jpg,"Tobacco leaves dataset (Virginia flue-cured, Tanzania)",https://dataverse.harvard.edu/api/access/datafile/10335870,L4O,Grade_C,960x1440,JPEG,CC0 1.0 Universal (public domain dedication),2026-08-05,10335870,59cb1b7ede36d0cc6b8c4d8f9f3d04b4,manispaa_2547.jpg,quality digit 4 = Fair quality -> Grade_C,2223.34
C_L4O_10336927.jpg,"Tobacco leaves dataset (Virginia flue-cured, Tanzania)",https://dataverse.harvard.edu/api/access/datafile/10336927,L4O,Grade_C,960x1440,JPEG,CC0 1.0 Universal (public domain dedication),2026-08-05,10336927,d89447d1bd521eeefe09e69b3ab69db8,uyui_11745.jpg,quality digit 4 = Fair quality -> Grade_C,2489.34
C_L4O_10335519.jpg,"Tobacco leaves dataset (Virginia flue-cured, Tanzania)",https://dataverse.harvard.edu/api/access/datafile/10335519,L4O,Grade_C,960x1440,JPEG,CC0 1.0 Universal (public domain dedication),2026-08-05,10335519,4241117846859b3a9cb3120021d32d43,kaliua_2167.jpg,quality digit 4 = Fair quality -> Grade_C,3017.38
C_L4O_10338084.jpg,"Tobacco leaves dataset (Virginia flue-cured, Tanzania)",https://dataverse.harvard.edu/api/access/datafile/10338084,L4O,Grade_C,960x1440,JPEG,CC0 1.0 Universal (public domain dedication),2026-08-05,10338084,980ff8b17b96e718c24fcd86fbcc8e27,uyui_9388.jpg,quality digit 4 = Fair quality -> Grade_C,2196.69
C_L4O_10335142.jpg,"Tobacco leaves dataset (Virginia flue-cured, Tanzania)",https://dataverse.harvard.edu/api/access/datafile/10335142,L4O,Grade_C,960x1440,JPEG,CC0 1.0 Universal (public domain dedication),2026-08-05,10335142,5158d2d2028cbad00e09c675a739aa3a,kaliua_2087.jpg,quality digit 4 = Fair quality -> Grade_C,2946.87
C_L4O_10337066.jpg,"Tobacco leaves dataset (Virginia flue-cured, Tanzania)",https://dataverse.harvard.edu/api/access/datafile/10337066,L4O,Grade_C,960x1440,JPEG,CC0 1.0 Universal (public domain dedication),2026-08-05,10337066,514d85b932f5229ee826985d83b73385,urambo_3076.jpg,quality digit 4 = Fair quality -> Grade_C,3041.98
C_L4O_10335329.jpg,"Tobacco leaves dataset (Virginia flue-cured, Tanzania)",https://dataverse.harvard.edu/api/access/datafile/10335329,L4O,Grade_C,960x1440,JPEG,CC0 1.0 Universal (public domain dedication),2026-08-05,10335329,7069d3c37c78cff735eab810723d5003,manispaa_14126.jpg,quality digit 4 = Fair quality -> Grade_C,3178.58
C_L4O_10337470.jpg,"Tobacco leaves dataset (Virginia flue-cured, Tanzania)",https://dataverse.harvard.edu/api/access/datafile/10337470,L4O,Grade_C,960x1440,JPEG,CC0 1.0 Universal (public domain dedication),2026-08-05,10337470,d75e07ba145e5392506b0f3bd0ccdfdb,uyui_11842.jpg,quality digit 4 = Fair quality -> Grade_C,2860.32
C_L4O_10337495.jpg,"Tobacco leaves dataset (Virginia flue-cured, Tanzania)",https://dataverse.harvard.edu/api/access/datafile/10337495,L4O,Grade_C,960x1440,JPEG,CC0 1.0 Universal (public domain dedication),2026-08-05,10337495,301175700b297b04380a7aff00c2081f,uyui_15074.jpg,quality digit 4 = Fair quality -> Grade_C,2432.16
C_L4O_10335507.jpg,"Tobacco leaves dataset (Virginia flue-cured, Tanzania)",https://dataverse.harvard.edu/api/access/datafile/10335507,L4O,Grade_C,960x1440,JPEG,CC0 1.0 Universal (public domain dedication),2026-08-05,10335507,6cbac31a1026237ebff1df41a0b94f43,kaliua_2220.jpg,quality digit 4 = Fair quality -> Grade_C,3076.32
C_L4O_10335751.jpg,"Tobacco leaves dataset (Virginia flue-cured, Tanzania)",https://dataverse.harvard.edu/api/access/datafile/10335751,L4O,Grade_C,960x1440,JPEG,CC0 1.0 Universal (public domain dedication),2026-08-05,10335751,b9a46f8d8f24681e3b995bd1a024a122,kaliua_7947.jpg,quality digit 4 = Fair quality -> Grade_C,2363.05
C_L4O_10336074.jpg,"Tobacco leaves dataset (Virginia flue-cured, Tanzania)",https://dataverse.harvard.edu/api/access/datafile/10336074,L4O,Grade_C,960x1440,JPEG,CC0 1.0 Universal (public domain dedication),2026-08-05,10336074,ba18c235949d448e5b79a35289e79d12,manispaa_5693.jpg,quality digit 4 = Fair quality -> Grade_C,2163.4
C_L4O_10336141.jpg,"Tobacco leaves dataset (Virginia flue-cured, Tanzania)",https://dataverse.harvard.edu/api/access/datafile/10336141,L4O,Grade_C,960x1440,JPEG,CC0 1.0 Universal (public domain dedication),2026-08-05,10336141,6c768f2d2c67a16dd57153a310f3af1d,manispaa_5700.jpg,quality digit 4 = Fair quality -> Grade_C,2397.22
C_L4O_10336326.jpg,"Tobacco leaves dataset (Virginia flue-cured, Tanzania)",https://dataverse.harvard.edu/api/access/datafile/10336326,L4O,Grade_C,960x1440,JPEG,CC0 1.0 Universal (public domain dedication),2026-08-05,10336326,08b0c443111b4f033cf184084d040161,manispaa_5889.jpg,quality digit 4 = Fair quality -> Grade_C,1692.69
C_L4O_10335149.jpg,"Tobacco leaves dataset (Virginia flue-cured, Tanzania)",https://dataverse.harvard.edu/api/access/datafile/10335149,L4O,Grade_C,960x1440,JPEG,CC0 1.0 Universal (public domain dedication),2026-08-05,10335149,ebf04d5fa6f3f48dcee6a55b99782eb8,manispaa_14216.jpg,quality digit 4 = Fair quality -> Grade_C,3280.82
C_L4O_10335645.jpg,"Tobacco leaves dataset (Virginia flue-cured, Tanzania)",https://dataverse.harvard.edu/api/access/datafile/10335645,L4O,Grade_C,960x1440,JPEG,CC0 1.0 Universal (public domain dedication),2026-08-05,10335645,ca271d15bd505b860874390db6bead6d,kaliua_2169.jpg,quality digit 4 = Fair quality -> Grade_C,3174.55
C_L4O_10335973.jpg,"Tobacco leaves dataset (Virginia flue-cured, Tanzania)",https://dataverse.harvard.edu/api/access/datafile/10335973,L4O,Grade_C,960x1440,JPEG,CC0 1.0 Universal (public domain dedication),2026-08-05,10335973,645950f75d8824844e04723dbddf26db,manispaa_5844.jpg,quality digit 4 = Fair quality -> Grade_C,2422.52
C_L4O_10337384.jpg,"Tobacco leaves dataset (Virginia flue-cured, Tanzania)",https://dataverse.harvard.edu/api/access/datafile/10337384,L4O,Grade_C,960x1440,JPEG,CC0 1.0 Universal (public domain dedication),2026-08-05,10337384,83b50701273574fd30ea01e2ae8951be,urambo_3189.jpg,quality digit 4 = Fair quality -> Grade_C,2918.43
C_L4O_10337591.jpg,"Tobacco leaves dataset (Virginia flue-cured, Tanzania)",https://dataverse.harvard.edu/api/access/datafile/10337591,L4O,Grade_C,960x1440,JPEG,CC0 1.0 Universal (public domain dedication),2026-08-05,10337591,10042bfe21965d57c3f8c7867d81c4f8,urambo_3200.jpg,quality digit 4 = Fair quality -> Grade_C,2509.69
C_L4O_10335093.jpg,"Tobacco leaves dataset (Virginia flue-cured, Tanzania)",https://dataverse.harvard.edu/api/access/datafile/10335093,L4O,Grade_C,960x1440,JPEG,CC0 1.0 Universal (public domain dedication),2026-08-05,10335093,c6fcdf3c28620050071b5055dd7f52fc,manispaa_14078.jpg,quality digit 4 = Fair quality -> Grade_C,3273.74
C_L4O_10336404.jpg,"Tobacco leaves dataset (Virginia flue-cured, Tanzania)",https://dataverse.harvard.edu/api/access/datafile/10336404,L4O,Grade_C,960x1440,JPEG,CC0 1.0 Universal (public domain dedication),2026-08-05,10336404,c5795d20e9b23618758052ee5ace368c,manispaa_5791.jpg,quality digit 4 = Fair quality -> Grade_C,2047.93
C_L4O_10337904.jpg,"Tobacco leaves dataset (Virginia flue-cured, Tanzania)",https://dataverse.harvard.edu/api/access/datafile/10337904,L4O,Grade_C,960x1440,JPEG,CC0 1.0 Universal (public domain dedication),2026-08-05,10337904,b29c5d3c29115c7f32451237f33d99ed,uyui_9397.jpg,quality digit 4 = Fair quality -> Grade_C,2063.58
C_L4O_10336793.jpg,"Tobacco leaves dataset (Virginia flue-cured, Tanzania)",https://dataverse.harvard.edu/api/access/datafile/10336793,L4O,Grade_C,960x1440,JPEG,CC0 1.0 Universal (public domain dedication),2026-08-05,10336793,458402e80a0194ef774b7b84cd9781f3,manispaa_5846.jpg,quality digit 4 = Fair quality -> Grade_C,2273.27
C_L4O_10335369.jpg,"Tobacco leaves dataset (Virginia flue-cured, Tanzania)",https://dataverse.harvard.edu/api/access/datafile/10335369,L4O,Grade_C,960x1440,JPEG,CC0 1.0 Universal (public domain dedication),2026-08-05,10335369,bfc6d4dad45a372011fa93290f5a38d5,kaliua_2115.jpg,quality digit 4 = Fair quality -> Grade_C,3236.6
C_L4O_10335339.jpg,"Tobacco leaves dataset (Virginia flue-cured, Tanzania)",https://dataverse.harvard.edu/api/access/datafile/10335339,L4O,Grade_C,960x1440,JPEG,CC0 1.0 Universal (public domain dedication),2026-08-05,10335339,74230fa6df1beffec8eb7a04f9d98f0f,kaliua_2135.jpg,quality digit 4 = Fair quality -> Grade_C,2533.67
C_L4O_10336449.jpg,"Tobacco leaves dataset (Virginia flue-cured, Tanzania)",https://dataverse.harvard.edu/api/access/datafile/10336449,L4O,Grade_C,960x1440,JPEG,CC0 1.0 Universal (public domain dedication),2026-08-05,10336449,628f28f08dd2a3e84bfa31185ae71453,manispaa_5595.jpg,quality digit 4 = Fair quality -> Grade_C,4182.31
C_L4O_10336522.jpg,"Tobacco leaves dataset (Virginia flue-cured, Tanzania)",https://dataverse.harvard.edu/api/access/datafile/10336522,L4O,Grade_C,960x1440,JPEG,CC0 1.0 Universal (public domain dedication),2026-08-05,10336522,5f9d00fe374f85182842947256e88dac,manispaa_8980.jpg,quality digit 4 = Fair quality -> Grade_C,2705.59
C_L4O_10335160.jpg,"Tobacco leaves dataset (Virginia flue-cured, Tanzania)",https://dataverse.harvard.edu/api/access/datafile/10335160,L4O,Grade_C,960x1440,JPEG,CC0 1.0 Universal (public domain dedication),2026-08-05,10335160,7205294859a56b273dc37084f9d3c2b0,manispaa_2612.jpg,quality digit 4 = Fair quality -> Grade_C,2385.15
C_L4O_10337154.jpg,"Tobacco leaves dataset (Virginia flue-cured, Tanzania)",https://dataverse.harvard.edu/api/access/datafile/10337154,L4O,Grade_C,960x1440,JPEG,CC0 1.0 Universal (public domain dedication),2026-08-05,10337154,71b4e33d093551f986921e2aa3cea6eb,uyui_11611.jpg,quality digit 4 = Fair quality -> Grade_C,3562.72
C_L4O_10335371.jpg,"Tobacco leaves dataset (Virginia flue-cured, Tanzania)",https://dataverse.harvard.edu/api/access/datafile/10335371,L4O,Grade_C,960x1440,JPEG,CC0 1.0 Universal (public domain dedication),2026-08-05,10335371,e9a4db5fb6114a1f8c604fe0eef00746,manispaa_2643.jpg,quality digit 4 = Fair quality -> Grade_C,2769.78
C_L4O_10335738.jpg,"Tobacco leaves dataset (Virginia flue-cured, Tanzania)",https://dataverse.harvard.edu/api/access/datafile/10335738,L4O,Grade_C,960x1440,JPEG,CC0 1.0 Universal (public domain dedication),2026-08-05,10335738,a5055d5ecad491ae6766e80aa11c83c6,kaliua_2180.jpg,quality digit 4 = Fair quality -> Grade_C,3745.72
C_L4O_10337832.jpg,"Tobacco leaves dataset (Virginia flue-cured, Tanzania)",https://dataverse.harvard.edu/api/access/datafile/10337832,L4O,Grade_C,960x1440,JPEG,CC0 1.0 Universal (public domain dedication),2026-08-05,10337832,5a89fb2b779e985eb6f58f1cde91d041,uyui_5573.jpg,quality digit 4 = Fair quality -> Grade_C,2115.71
C_L4O_10336304.jpg,"Tobacco leaves dataset (Virginia flue-cured, Tanzania)",https://dataverse.harvard.edu/api/access/datafile/10336304,L4O,Grade_C,960x1440,JPEG,CC0 1.0 Universal (public domain dedication),2026-08-05,10336304,b02d067cd10c16fa33adfa0660e91576,manispaa_5604.jpg,quality digit 4 = Fair quality -> Grade_C,3353.1
C_L4O_10335843.jpg,"Tobacco leaves dataset (Virginia flue-cured, Tanzania)",https://dataverse.harvard.edu/api/access/datafile/10335843,L4O,Grade_C,960x1440,JPEG,CC0 1.0 Universal (public domain dedication),2026-08-05,10335843,cacbe482acb64f9590816370ade49586,kaliua_2172.jpg,quality digit 4 = Fair quality -> Grade_C,3089.1
C_L4O_10337172.jpg,"Tobacco leaves dataset (Virginia flue-cured, Tanzania)",https://dataverse.harvard.edu/api/access/datafile/10337172,L4O,Grade_C,960x1440,JPEG,CC0 1.0 Universal (public domain dedication),2026-08-05,10337172,959622f38ee38aee285062197344a74d,urambo_6184.jpg,quality digit 4 = Fair quality -> Grade_C,3483.76
C_L4O_10335577.jpg,"Tobacco leaves dataset (Virginia flue-cured, Tanzania)",https://dataverse.harvard.edu/api/access/datafile/10335577,L4O,Grade_C,960x1440,JPEG,CC0 1.0 Universal (public domain dedication),2026-08-05,10335577,a8f6e48135b43c2c558dbcbb4f6dea72,kaliua_7983.jpg,quality digit 4 = Fair quality -> Grade_C,3303.13
C_L4O_10335138.jpg,"Tobacco leaves dataset (Virginia flue-cured, Tanzania)",https://dataverse.harvard.edu/api/access/datafile/10335138,L4O,Grade_C,960x1440,JPEG,CC0 1.0 Universal (public domain dedication),2026-08-05,10335138,6bf5bd3d272259a583c3bea16fef4315,manispaa_2563.jpg,quality digit 4 = Fair quality -> Grade_C,3240.0
C_L4O_10337982.jpg,"Tobacco leaves dataset (Virginia flue-cured, Tanzania)",https://dataverse.harvard.edu/api/access/datafile/10337982,L4O,Grade_C,960x1440,JPEG,CC0 1.0 Universal (public domain dedication),2026-08-05,10337982,17e0403ecf3e8e9af8314b9019ef1da1,uyui_9380.jpg,quality digit 4 = Fair quality -> Grade_C,2232.17
C_L4O_10336628.jpg,"Tobacco leaves dataset (Virginia flue-cured, Tanzania)",https://dataverse.harvard.edu/api/access/datafile/10336628,L4O,Grade_C,960x1440,JPEG,CC0 1.0 Universal (public domain dedication),2026-08-05,10336628,3f099ae66bf958f8ee80c6cade19deac,manispaa_5641.jpg,quality digit 4 = Fair quality -> Grade_C,3647.32
C_L4O_10335426.jpg,"Tobacco leaves dataset (Virginia flue-cured, Tanzania)",https://dataverse.harvard.edu/api/access/datafile/10335426,L4O,Grade_C,960x1440,JPEG,CC0 1.0 Universal (public domain dedication),2026-08-05,10335426,5d8d580fcdea4c91d96aa6e344d1235a,kaliua_4596.jpg,quality digit 4 = Fair quality -> Grade_C,2809.05
C_L4R_10338767.jpg,"Tobacco leaves dataset (Virginia flue-cured, Tanzania)",https://dataverse.harvard.edu/api/access/datafile/10338767,L4R,Grade_C,960x1440,JPEG,CC0 1.0 Universal (public domain dedication),2026-08-05,10338767,8867c3e5f050996e2d3c12e1f1faff93,manispaa_9201.jpg,quality digit 4 = Fair quality -> Grade_C,1921.82
C_L4R_10338742.jpg,"Tobacco leaves dataset (Virginia flue-cured, Tanzania)",https://dataverse.harvard.edu/api/access/datafile/10338742,L4R,Grade_C,960x1440,JPEG,CC0 1.0 Universal (public domain dedication),2026-08-05,10338742,b23cecc3f787c2c5a933ad41cdc36f56,manispaa_9172.jpg,quality digit 4 = Fair quality -> Grade_C,2476.49
C_L4R_10338679.jpg,"Tobacco leaves dataset (Virginia flue-cured, Tanzania)",https://dataverse.harvard.edu/api/access/datafile/10338679,L4R,Grade_C,960x1440,JPEG,CC0 1.0 Universal (public domain dedication),2026-08-05,10338679,17832505f9944753649b5d34fa578a6f,manispaa_9323.jpg,quality digit 4 = Fair quality -> Grade_C,2640.44
C_L4R_10338606.jpg,"Tobacco leaves dataset (Virginia flue-cured, Tanzania)",https://dataverse.harvard.edu/api/access/datafile/10338606,L4R,Grade_C,960x1440,JPEG,CC0 1.0 Universal (public domain dedication),2026-08-05,10338606,ae4351c1be111cc8b30732755ec6326f,manispaa_9178.jpg,quality digit 4 = Fair quality -> Grade_C,2561.18
C_L4R_10338560.jpg,"Tobacco leaves dataset (Virginia flue-cured, Tanzania)",https://dataverse.harvard.edu/api/access/datafile/10338560,L4R,Grade_C,960x1440,JPEG,CC0 1.0 Universal (public domain dedication),2026-08-05,10338560,0dceb5bbc131c22f69f970e0f37c9503,manispaa_9180.jpg,quality digit 4 = Fair quality -> Grade_C,2776.69
C_L4R_10338579.jpg,"Tobacco leaves dataset (Virginia flue-cured, Tanzania)",https://dataverse.harvard.edu/api/access/datafile/10338579,L4R,Grade_C,960x1440,JPEG,CC0 1.0 Universal (public domain dedication),2026-08-05,10338579,41cc514c5131fb260de901a102711768,manispaa_9283.jpg,quality digit 4 = Fair quality -> Grade_C,2344.5
C_L4R_10338680.jpg,"Tobacco leaves dataset (Virginia flue-cured, Tanzania)",https://dataverse.harvard.edu/api/access/datafile/10338680,L4R,Grade_C,960x1440,JPEG,CC0 1.0 Universal (public domain dedication),2026-08-05,10338680,2f79746d18f220a205a60bed4c3360c9,manispaa_9212.jpg,quality digit 4 = Fair quality -> Grade_C,2134.99
C_L4R_10338603.jpg,"Tobacco leaves dataset (Virginia flue-cured, Tanzania)",https://dataverse.harvard.edu/api/access/datafile/10338603,L4R,Grade_C,960x1440,JPEG,CC0 1.0 Universal (public domain dedication),2026-08-05,10338603,3ad2b32c3d7787da037a8a1fe076a137,uyui_11930.jpg,quality digit 4 = Fair quality -> Grade_C,2830.86
C_L4R_10338744.jpg,"Tobacco leaves dataset (Virginia flue-cured, Tanzania)",https://dataverse.harvard.edu/api/access/datafile/10338744,L4R,Grade_C,960x1440,JPEG,CC0 1.0 Universal (public domain dedication),2026-08-05,10338744,cb0f76fbad607eab2fd1cc5da2cf2c12,manispaa_9268.jpg,quality digit 4 = Fair quality -> Grade_C,2567.39
C_L4R_10338564.jpg,"Tobacco leaves dataset (Virginia flue-cured, Tanzania)",https://dataverse.harvard.edu/api/access/datafile/10338564,L4R,Grade_C,960x1440,JPEG,CC0 1.0 Universal (public domain dedication),2026-08-05,10338564,e33bac7606545539822758965f61c9d2,manispaa_9164.jpg,quality digit 4 = Fair quality -> Grade_C,2644.57
C_L4R_10338493.jpg,"Tobacco leaves dataset (Virginia flue-cured, Tanzania)",https://dataverse.harvard.edu/api/access/datafile/10338493,L4R,Grade_C,960x1440,JPEG,CC0 1.0 Universal (public domain dedication),2026-08-05,10338493,e29b4b9409d7f26016e33d5df2b1073f,manispaa_9158.jpg,quality digit 4 = Fair quality -> Grade_C,2849.59
C_L4R_10338527.jpg,"Tobacco leaves dataset (Virginia flue-cured, Tanzania)",https://dataverse.harvard.edu/api/access/datafile/10338527,L4R,Grade_C,960x1440,JPEG,CC0 1.0 Universal (public domain dedication),2026-08-05,10338527,e43a6a5ed2580332aac76f30aff024d2,uyui_11966.jpg,quality digit 4 = Fair quality -> Grade_C,3153.44
C_L4R_10338735.jpg,"Tobacco leaves dataset (Virginia flue-cured, Tanzania)",https://dataverse.harvard.edu/api/access/datafile/10338735,L4R,Grade_C,960x1440,JPEG,CC0 1.0 Universal (public domain dedication),2026-08-05,10338735,689d1f8144aff8f6073a078d26c93756,uyui_2300.jpg,quality digit 4 = Fair quality -> Grade_C,1840.06
C_L4R_10338583.jpg,"Tobacco leaves dataset (Virginia flue-cured, Tanzania)",https://dataverse.harvard.edu/api/access/datafile/10338583,L4R,Grade_C,960x1440,JPEG,CC0 1.0 Universal (public domain dedication),2026-08-05,10338583,60e391b8b5f61340c722abbdad0f6a05,uyui_2287.jpg,quality digit 4 = Fair quality -> Grade_C,1947.53
C_L4R_10338492.jpg,"Tobacco leaves dataset (Virginia flue-cured, Tanzania)",https://dataverse.harvard.edu/api/access/datafile/10338492,L4R,Grade_C,960x1440,JPEG,CC0 1.0 Universal (public domain dedication),2026-08-05,10338492,83fd1ffc88182938acbf9474a5ce26b8,uyui_11956.jpg,quality digit 4 = Fair quality -> Grade_C,2752.1
C_L4R_10338649.jpg,"Tobacco leaves dataset (Virginia flue-cured, Tanzania)",https://dataverse.harvard.edu/api/access/datafile/10338649,L4R,Grade_C,960x1440,JPEG,CC0 1.0 Universal (public domain dedication),2026-08-05,10338649,c10b6cc60cc6c2116a0c6e5f4b58006e,uyui_11917.jpg,quality digit 4 = Fair quality -> Grade_C,2709.83
C_L4R_10338488.jpg,"Tobacco leaves dataset (Virginia flue-cured, Tanzania)",https://dataverse.harvard.edu/api/access/datafile/10338488,L4R,Grade_C,960x1440,JPEG,CC0 1.0 Universal (public domain dedication),2026-08-05,10338488,939cb2d783969c5952a0d0561e484c41,urambo_5032.jpg,quality digit 4 = Fair quality -> Grade_C,3122.46
C_L4R_10338715.jpg,"Tobacco leaves dataset (Virginia flue-cured, Tanzania)",https://dataverse.harvard.edu/api/access/datafile/10338715,L4R,Grade_C,960x1440,JPEG,CC0 1.0 Universal (public domain dedication),2026-08-05,10338715,06f27a0fcfc41425eeff27aae7ad4d60,uyui_2303.jpg,quality digit 4 = Fair quality -> Grade_C,1941.86
C_L4R_10338551.jpg,"Tobacco leaves dataset (Virginia flue-cured, Tanzania)",https://dataverse.harvard.edu/api/access/datafile/10338551,L4R,Grade_C,960x1440,JPEG,CC0 1.0 Universal (public domain dedication),2026-08-05,10338551,861c73d51dd8eed279484bb734852493,manispaa_9250.jpg,quality digit 4 = Fair quality -> Grade_C,2425.9
C_L4R_10338664.jpg,"Tobacco leaves dataset (Virginia flue-cured, Tanzania)",https://dataverse.harvard.edu/api/access/datafile/10338664,L4R,Grade_C,960x1440,JPEG,CC0 1.0 Universal (public domain dedication),2026-08-05,10338664,d8f5364344cbd50fbecc4a5e8d784486,uyui_11925.jpg,quality digit 4 = Fair quality -> Grade_C,2452.8
C_L4R_10338467.jpg,"Tobacco leaves dataset (Virginia flue-cured, Tanzania)",https://dataverse.harvard.edu/api/access/datafile/10338467,L4R,Grade_C,960x1440,JPEG,CC0 1.0 Universal (public domain dedication),2026-08-05,10338467,6f8ff326f93d39111b9ed646f76343d6,manispaa_9227.jpg,quality digit 4 = Fair quality -> Grade_C,2419.7
C_L4R_10338593.jpg,"Tobacco leaves dataset (Virginia flue-cured, Tanzania)",https://dataverse.harvard.edu/api/access/datafile/10338593,L4R,Grade_C,960x1440,JPEG,CC0 1.0 Universal (public domain dedication),2026-08-05,10338593,ee1cf5e35d5ffecf411f4d853ac059ba,urambo_5025.jpg,quality digit 4 = Fair quality -> Grade_C,3948.21
C_L4R_10338533.jpg,"Tobacco leaves dataset (Virginia flue-cured, Tanzania)",https://dataverse.harvard.edu/api/access/datafile/10338533,L4R,Grade_C,960x1440,JPEG,CC0 1.0 Universal (public domain dedication),2026-08-05,10338533,f40ac4a7f52120c9303d2244bb683204,manispaa_9327.jpg,quality digit 4 = Fair quality -> Grade_C,2477.94
C_L4R_10338447.jpg,"Tobacco leaves dataset (Virginia flue-cured, Tanzania)",https://dataverse.harvard.edu/api/access/datafile/10338447,L4R,Grade_C,960x1440,JPEG,CC0 1.0 Universal (public domain dedication),2026-08-05,10338447,b79ebee5005cb29199322e19b498b305,manispaa_9187.jpg,quality digit 4 = Fair quality -> Grade_C,2016.2
C_L4R_10338652.jpg,"Tobacco leaves dataset (Virginia flue-cured, Tanzania)",https://dataverse.harvard.edu/api/access/datafile/10338652,L4R,Grade_C,960x1440,JPEG,CC0 1.0 Universal (public domain dedication),2026-08-05,10338652,2e62980af28f453cbd57d8ac06b0a345,uyui_11931.jpg,quality digit 4 = Fair quality -> Grade_C,2655.77
C_L4R_10338454.jpg,"Tobacco leaves dataset (Virginia flue-cured, Tanzania)",https://dataverse.harvard.edu/api/access/datafile/10338454,L4R,Grade_C,960x1440,JPEG,CC0 1.0 Universal (public domain dedication),2026-08-05,10338454,3f0de024a48e76f752d189d0d3d1bc98,uyui_11933.jpg,quality digit 4 = Fair quality -> Grade_C,2294.13
C_L4R_10338653.jpg,"Tobacco leaves dataset (Virginia flue-cured, Tanzania)",https://dataverse.harvard.edu/api/access/datafile/10338653,L4R,Grade_C,960x1440,JPEG,CC0 1.0 Universal (public domain dedication),2026-08-05,10338653,3e427d3e07f7c8bfd77f9476bab011a5,uyui_2294.jpg,quality digit 4 = Fair quality -> Grade_C,1920.28
C_L4R_10338684.jpg,"Tobacco leaves dataset (Virginia flue-cured, Tanzania)",https://dataverse.harvard.edu/api/access/datafile/10338684,L4R,Grade_C,960x1440,JPEG,CC0 1.0 Universal (public domain dedication),2026-08-05,10338684,5ea045825aa358a04542fdca2c008724,manispaa_9291.jpg,quality digit 4 = Fair quality -> Grade_C,2000.42
C_L4R_10338567.jpg,"Tobacco leaves dataset (Virginia flue-cured, Tanzania)",https://dataverse.harvard.edu/api/access/datafile/10338567,L4R,Grade_C,960x1440,JPEG,CC0 1.0 Universal (public domain dedication),2026-08-05,10338567,3670ea75a6dae42640a2a0f790560265,urambo_5026.jpg,quality digit 4 = Fair quality -> Grade_C,3015.89
C_L4R_10338481.jpg,"Tobacco leaves dataset (Virginia flue-cured, Tanzania)",https://dataverse.harvard.edu/api/access/datafile/10338481,L4R,Grade_C,960x1440,JPEG,CC0 1.0 Universal (public domain dedication),2026-08-05,10338481,19598c88ecd1ec35cfd64c57d643d092,manispaa_9224.jpg,quality digit 4 = Fair quality -> Grade_C,2303.49
C_L4R_10338630.jpg,"Tobacco leaves dataset (Virginia flue-cured, Tanzania)",https://dataverse.harvard.edu/api/access/datafile/10338630,L4R,Grade_C,960x1440,JPEG,CC0 1.0 Universal (public domain dedication),2026-08-05,10338630,619c23fd67675234e38a7de69a95261a,manispaa_9287.jpg,quality digit 4 = Fair quality -> Grade_C,2364.05
C_L4R_10338536.jpg,"Tobacco leaves dataset (Virginia flue-cured, Tanzania)",https://dataverse.harvard.edu/api/access/datafile/10338536,L4R,Grade_C,960x1440,JPEG,CC0 1.0 Universal (public domain dedication),2026-08-05,10338536,0b66a127cb87058947bf468ffaa8c108,manispaa_9307.jpg,quality digit 4 = Fair quality -> Grade_C,2353.36
C_L4R_10338641.jpg,"Tobacco leaves dataset (Virginia flue-cured, Tanzania)",https://dataverse.harvard.edu/api/access/datafile/10338641,L4R,Grade_C,960x1440,JPEG,CC0 1.0 Universal (public domain dedication),2026-08-05,10338641,f6eda881ee2831c36a452e4db797cdb4,manispaa_9246.jpg,quality digit 4 = Fair quality -> Grade_C,2149.93
C_L4R_10338612.jpg,"Tobacco leaves dataset (Virginia flue-cured, Tanzania)",https://dataverse.harvard.edu/api/access/datafile/10338612,L4R,Grade_C,960x1440,JPEG,CC0 1.0 Universal (public domain dedication),2026-08-05,10338612,10c8cf3f8d184f9058f214dd0b68f062,manispaa_9197.jpg,quality digit 4 = Fair quality -> Grade_C,1686.92
C_L4R_10338552.jpg,"Tobacco leaves dataset (Virginia flue-cured, Tanzania)",https://dataverse.harvard.edu/api/access/datafile/10338552,L4R,Grade_C,960x1440,JPEG,CC0 1.0 Universal (public domain dedication),2026-08-05,10338552,92c45f92a32dac41011cde65a7ee8ff3,kaliua_8023.jpg,quality digit 4 = Fair quality -> Grade_C,2621.39
